INFO buildroot.py:704:  Mock Version: 6.8
DEBUG file_util.py:17:  ensuring that dir exists: /var/lib/mock/alma+epel-8-x86_64/root
DEBUG file_util.py:20:  created dir: /var/lib/mock/alma+epel-8-x86_64/root
DEBUG file_util.py:17:  ensuring that dir exists: /var/lib/mock/alma+epel-8-x86_64-bootstrap
DEBUG file_util.py:17:  ensuring that dir exists: /var/lib/mock/alma+epel-8-x86_64-bootstrap
DEBUG file_util.py:17:  ensuring that dir exists: /var/lib/mock/alma+epel-8-x86_64-bootstrap/root
DEBUG file_util.py:17:  ensuring that dir exists: /var/lib/mock/alma+epel-8-x86_64-bootstrap/results
INFO buildroot.py:321:  calling preinit hooks
DEBUG file_util.py:17:  ensuring that dir exists: /var/cache/mock/alma+epel-8-x86_64-bootstrap/root_cache/
DEBUG file_util.py:17:  ensuring that dir exists: /var/cache/mock/alma+epel-8-x86_64-bootstrap/yum_cache
DEBUG file_util.py:17:  ensuring that dir exists: /var/cache/mock/alma+epel-8-x86_64-bootstrap/dnf_cache
DEBUG buildroot.py:760:  create skeleton dirs
DEBUG file_util.py:17:  ensuring that dir exists: /var/lib/mock/alma+epel-8-x86_64-bootstrap/root/var/lib/rpm
DEBUG file_util.py:17:  ensuring that dir exists: /var/lib/mock/alma+epel-8-x86_64-bootstrap/root/var/lib/yum
DEBUG file_util.py:17:  ensuring that dir exists: /var/lib/mock/alma+epel-8-x86_64-bootstrap/root/var/lib/dbus
DEBUG file_util.py:17:  ensuring that dir exists: /var/lib/mock/alma+epel-8-x86_64-bootstrap/root/var/log
DEBUG file_util.py:17:  ensuring that dir exists: /var/lib/mock/alma+epel-8-x86_64-bootstrap/root/var/cache/dnf
DEBUG file_util.py:17:  ensuring that dir exists: /var/lib/mock/alma+epel-8-x86_64-bootstrap/root/var/cache/yum
DEBUG file_util.py:17:  ensuring that dir exists: /var/lib/mock/alma+epel-8-x86_64-bootstrap/root/etc/rpm
DEBUG file_util.py:17:  ensuring that dir exists: /var/lib/mock/alma+epel-8-x86_64-bootstrap/root/tmp
DEBUG file_util.py:17:  ensuring that dir exists: /var/lib/mock/alma+epel-8-x86_64-bootstrap/root/tmp/ccache
DEBUG file_util.py:17:  ensuring that dir exists: /var/lib/mock/alma+epel-8-x86_64-bootstrap/root/var/tmp
DEBUG file_util.py:17:  ensuring that dir exists: /var/lib/mock/alma+epel-8-x86_64-bootstrap/root/etc/dnf
DEBUG file_util.py:17:  ensuring that dir exists: /var/lib/mock/alma+epel-8-x86_64-bootstrap/root/etc/dnf/vars
DEBUG file_util.py:17:  ensuring that dir exists: /var/lib/mock/alma+epel-8-x86_64-bootstrap/root/etc/yum.repos.d
DEBUG file_util.py:20:  created dir: /var/lib/mock/alma+epel-8-x86_64-bootstrap/root/etc/yum.repos.d
DEBUG file_util.py:17:  ensuring that dir exists: /var/lib/mock/alma+epel-8-x86_64-bootstrap/root/etc/yum
DEBUG file_util.py:17:  ensuring that dir exists: /var/lib/mock/alma+epel-8-x86_64-bootstrap/root/proc
DEBUG file_util.py:17:  ensuring that dir exists: /var/lib/mock/alma+epel-8-x86_64-bootstrap/root/sys
DEBUG file_util.py:17:  ensuring that dir exists: /var/lib/mock/alma+epel-8-x86_64-bootstrap/root/run/lock
DEBUG file_util.py:17:  ensuring that dir exists: /var/lib/mock/alma+epel-8-x86_64-bootstrap/root/dev/pts
DEBUG file_util.py:17:  ensuring that dir exists: /var/lib/mock/alma+epel-8-x86_64-bootstrap/root/dev/shm
DEBUG file_util.py:17:  ensuring that dir exists: /var/lib/mock/alma+epel-8-x86_64-bootstrap/root/dev/mapper
DEBUG file_util.py:20:  created dir: /var/lib/mock/alma+epel-8-x86_64-bootstrap/root/dev/mapper
DEBUG buildroot.py:904:  kernel version == 4.18.0-553.164.1.el8_10.x86_64
DEBUG file_util.py:29:  touching file: /var/lib/mock/alma+epel-8-x86_64-bootstrap/root/etc/fstab
DEBUG file_util.py:29:  touching file: /var/lib/mock/alma+epel-8-x86_64-bootstrap/root/etc/yum/yum.conf
DEBUG file_util.py:29:  touching file: /var/lib/mock/alma+epel-8-x86_64-bootstrap/root/etc/dnf/dnf.conf
DEBUG file_util.py:29:  touching file: /var/lib/mock/alma+epel-8-x86_64-bootstrap/root/var/log/yum.log
DEBUG buildroot.py:335:  rootdir = /var/lib/mock/alma+epel-8-x86_64-bootstrap/root
DEBUG buildroot.py:336:  resultdir = /var/lib/mock/alma+epel-8-x86_64-bootstrap/results
DEBUG package_manager.py:64:  searching for 'dnf4' package manager or alternatives
INFO buildroot.py:184:  Package manager dnf4 detected and used (fallback)
DEBUG file_util.py:17:  ensuring that dir exists: /var/lib/mock/alma+epel-8-x86_64-bootstrap/root/etc/pki/mock
DEBUG package_manager.py:406:  copying CA trust dir into chroot: /etc/pki/ca-trust => /etc/pki/ca-trust
DEBUG file_util.py:191:  Updating files in /var/lib/mock/alma+epel-8-x86_64-bootstrap/root/etc/pki/ca-trust with files from /etc/pki/ca-trust
DEBUG file_util.py:17:  ensuring that dir exists: /var/lib/mock/alma+epel-8-x86_64-bootstrap/root/etc/pki/ca-trust
DEBUG file_util.py:17:  ensuring that dir exists: /var/lib/mock/alma+epel-8-x86_64-bootstrap/root/etc/pki/ca-trust/./extracted
DEBUG file_util.py:17:  ensuring that dir exists: /var/lib/mock/alma+epel-8-x86_64-bootstrap/root/etc/pki/ca-trust/./source
DEBUG file_util.py:17:  ensuring that dir exists: /var/lib/mock/alma+epel-8-x86_64-bootstrap/root/etc/pki/ca-trust/extracted/edk2
DEBUG file_util.py:17:  ensuring that dir exists: /var/lib/mock/alma+epel-8-x86_64-bootstrap/root/etc/pki/ca-trust/extracted/java
DEBUG file_util.py:17:  ensuring that dir exists: /var/lib/mock/alma+epel-8-x86_64-bootstrap/root/etc/pki/ca-trust/extracted/openssl
DEBUG file_util.py:17:  ensuring that dir exists: /var/lib/mock/alma+epel-8-x86_64-bootstrap/root/etc/pki/ca-trust/extracted/pem
DEBUG file_util.py:17:  ensuring that dir exists: /var/lib/mock/alma+epel-8-x86_64-bootstrap/root/etc/pki/ca-trust/source/anchors
DEBUG file_util.py:17:  ensuring that dir exists: /var/lib/mock/alma+epel-8-x86_64-bootstrap/root/etc/pki/ca-trust/source/blacklist
DEBUG package_manager.py:406:  copying CA trust dir into chroot: /usr/share/pki/ca-trust-source => /usr/share/pki/ca-trust-source
DEBUG file_util.py:191:  Updating files in /var/lib/mock/alma+epel-8-x86_64-bootstrap/root/usr/share/pki/ca-trust-source with files from /usr/share/pki/ca-trust-source
DEBUG file_util.py:17:  ensuring that dir exists: /var/lib/mock/alma+epel-8-x86_64-bootstrap/root/usr/share/pki/ca-trust-source
DEBUG file_util.py:17:  ensuring that dir exists: /var/lib/mock/alma+epel-8-x86_64-bootstrap/root/usr/share/pki/ca-trust-source/./anchors
DEBUG file_util.py:17:  ensuring that dir exists: /var/lib/mock/alma+epel-8-x86_64-bootstrap/root/usr/share/pki/ca-trust-source/./blacklist
DEBUG file_util.py:17:  ensuring that dir exists: /var/lib/mock/alma+epel-8-x86_64-bootstrap/root/usr/share
DEBUG package_manager.py:390:  Copying /usr/share/distribution-gpg-keys to the bootstrap chroot
DEBUG util.py:717:  child environment: None
DEBUG util.py:636:  Executing command: ['cp', '-a', '/usr/share/distribution-gpg-keys', '/var/lib/mock/alma+epel-8-x86_64-bootstrap/root/usr/share'] with env {'TERM': 'vt100', 'SHELL': '/bin/sh', 'HOME': '/builddir', 'HOSTNAME': 'mock', 'PATH': '/usr/bin:/bin:/usr/sbin:/sbin', 'LANG': 'C.UTF-8'} and shell False
DEBUG util.py:688:  Child return code was: 0
DEBUG file_util.py:17:  ensuring that dir exists: /var/lib/mock/alma+epel-8-x86_64-bootstrap/root/etc/dnf
DEBUG package_manager.py:693:  configure DNF vars
DEBUG file_util.py:17:  ensuring that dir exists: /var/lib/mock/alma+epel-8-x86_64-bootstrap/root/var/cache/yum
DEBUG util.py:717:  child environment: None
DEBUG util.py:636:  Executing command: ['/bin/mount', '-n', '-o', 'bind', '/var/cache/mock/alma+epel-8-x86_64-bootstrap/yum_cache', '/var/lib/mock/alma+epel-8-x86_64-bootstrap/root/var/cache/yum'] with env {'TERM': 'vt100', 'SHELL': '/bin/sh', 'HOME': '/builddir', 'HOSTNAME': 'mock', 'PATH': '/usr/bin:/bin:/usr/sbin:/sbin', 'LANG': 'C.UTF-8'} and shell False
DEBUG util.py:688:  Child return code was: 0
DEBUG file_util.py:17:  ensuring that dir exists: /var/lib/mock/alma+epel-8-x86_64-bootstrap/root/var/cache/dnf
DEBUG util.py:717:  child environment: None
DEBUG util.py:636:  Executing command: ['/bin/mount', '-n', '-o', 'bind', '/var/cache/mock/alma+epel-8-x86_64-bootstrap/dnf_cache', '/var/lib/mock/alma+epel-8-x86_64-bootstrap/root/var/cache/dnf'] with env {'TERM': 'vt100', 'SHELL': '/bin/sh', 'HOME': '/builddir', 'HOSTNAME': 'mock', 'PATH': '/usr/bin:/bin:/usr/sbin:/sbin', 'LANG': 'C.UTF-8'} and shell False
DEBUG util.py:688:  Child return code was: 0
DEBUG file_util.py:17:  ensuring that dir exists: /var/lib/mock/alma+epel-8-x86_64-bootstrap/root/root/mock-localrepo
DEBUG util.py:717:  child environment: None
DEBUG util.py:636:  Executing command: ['/bin/mount', '-n', '-o', 'bind', '/root/mock-localrepo', '/var/lib/mock/alma+epel-8-x86_64-bootstrap/root/root/mock-localrepo'] with env {'TERM': 'vt100', 'SHELL': '/bin/sh', 'HOME': '/builddir', 'HOSTNAME': 'mock', 'PATH': '/usr/bin:/bin:/usr/sbin:/sbin', 'LANG': 'C.UTF-8'} and shell False
DEBUG util.py:688:  Child return code was: 0
DEBUG file_util.py:17:  ensuring that dir exists: /var/lib/mock/alma+epel-8-x86_64-bootstrap/root/etc
DEBUG file_util.py:17:  ensuring that dir exists: /var/lib/mock/alma+epel-8-x86_64-bootstrap/root/etc
DEBUG buildroot.py:39:  method _cleanup_homedir skipped in bootstrap
DEBUG buildroot.py:39:  method _setup_build_dirs skipped in bootstrap
DEBUG buildroot.py:39:  method _make_users skipped in bootstrap
DEBUG file_util.py:29:  touching file: /var/lib/mock/alma+epel-8-x86_64-bootstrap/root/.initialized
DEBUG file_util.py:17:  ensuring that dir exists: /var/lib/mock/alma+epel-8-x86_64
DEBUG file_util.py:17:  ensuring that dir exists: /var/lib/mock/alma+epel-8-x86_64/root
DEBUG file_util.py:17:  ensuring that dir exists: /var/lib/mock/alma+epel-8-x86_64/result
INFO buildroot.py:321:  calling preinit hooks
DEBUG file_util.py:17:  ensuring that dir exists: /var/cache/mock/alma+epel-8-x86_64/root_cache/
DEBUG file_util.py:17:  ensuring that dir exists: /var/cache/mock/alma+epel-8-x86_64/yum_cache
DEBUG file_util.py:17:  ensuring that dir exists: /var/cache/mock/alma+epel-8-x86_64/dnf_cache
DEBUG util.py:717:  child environment: None
DEBUG util.py:636:  Executing command: ['/usr/bin/lscpu'] with env {'TERM': 'vt100', 'SHELL': '/bin/sh', 'HOME': '/builddir', 'HOSTNAME': 'mock', 'PATH': '/usr/bin:/bin:/usr/sbin:/sbin', 'LANG': 'C.UTF-8'} and shell False
DEBUG util.py:537:  Architecture:        x86_64
DEBUG util.py:537:  CPU op-mode(s):      32-bit, 64-bit
DEBUG util.py:537:  Byte Order:          Little Endian
DEBUG util.py:537:  CPU(s):              4
DEBUG util.py:537:  On-line CPU(s) list: 0-3
DEBUG util.py:537:  Thread(s) per core:  1
DEBUG util.py:537:  Core(s) per socket:  1
DEBUG util.py:537:  Socket(s):           4
DEBUG util.py:537:  NUMA node(s):        1
DEBUG util.py:537:  Vendor ID:           GenuineIntel
DEBUG util.py:537:  BIOS Vendor ID:      QEMU
DEBUG util.py:537:  CPU family:          6
DEBUG util.py:537:  Model:               190
DEBUG util.py:537:  Model name:          Intel(R) N150
DEBUG util.py:537:  BIOS Model name:     pc-q35-8.2
DEBUG util.py:537:  Stepping:            0
DEBUG util.py:537:  CPU MHz:             806.400
DEBUG util.py:537:  BogoMIPS:            1612.80
DEBUG util.py:537:  Hypervisor vendor:   KVM
DEBUG util.py:537:  Virtualization type: full
DEBUG util.py:537:  L1d cache:           32K
DEBUG util.py:537:  L1i cache:           32K
DEBUG util.py:537:  L2 cache:            4096K
DEBUG util.py:537:  L3 cache:            16384K
DEBUG util.py:537:  NUMA node0 CPU(s):   0-3
DEBUG util.py:537:  Flags:               fpu vme de pse tsc msr pae mce cx8 apic sep mtrr pge mca cmov pat pse36 clflush mmx fxsr sse sse2 ss syscall nx pdpe1gb rdtscp lm constant_tsc arch_perfmon rep_good nopl xtopology cpuid tsc_known_freq pni pclmulqdq ssse3 fma cx16 pdcm sse4_1 sse4_2 x2apic movbe popcnt tsc_deadline_timer aes xsave avx f16c rdrand hypervisor lahf_lm abm 3dnowprefetch cpuid_fault ssbd ibrs ibpb stibp ibrs_enhanced fsgsbase tsc_adjust bmi1 avx2 smep bmi2 erms invpcid rdseed adx smap clflushopt clwb sha_ni xsaveopt xsavec xgetbv1 xsaves avx_vnni arat umip pku ospke waitpkg gfni vaes vpclmulqdq rdpid movdiri movdir64b fsrm md_clear serialize flush_l1d arch_capabilities
DEBUG util.py:688:  Child return code was: 0
DEBUG util.py:717:  child environment: None
DEBUG util.py:636:  Executing command: ['/bin/free', '--human'] with env {'TERM': 'vt100', 'SHELL': '/bin/sh', 'HOME': '/builddir', 'HOSTNAME': 'mock', 'PATH': '/usr/bin:/bin:/usr/sbin:/sbin', 'LANG': 'C.UTF-8'} and shell False
DEBUG util.py:537:                total        used        free      shared  buff/cache   available
DEBUG util.py:537:  Mem:          3.6Gi       529Mi       1.8Gi        53Mi       1.2Gi       2.8Gi
DEBUG util.py:537:  Swap:         4.0Gi          0B       4.0Gi
DEBUG util.py:688:  Child return code was: 0
DEBUG util.py:717:  child environment: None
DEBUG util.py:636:  Executing command: ['/bin/df', '-H', '-T', '/var/lib/mock/alma+epel-8-x86_64/root', '/var/cache/mock'] with env {'TERM': 'vt100', 'SHELL': '/bin/sh', 'HOME': '/builddir', 'HOSTNAME': 'mock', 'PATH': '/usr/bin:/bin:/usr/sbin:/sbin', 'LANG': 'C.UTF-8'} and shell False
DEBUG util.py:537:  Filesystem     Type  Size  Used Avail Use% Mounted on
DEBUG util.py:537:  /dev/vda3      xfs    49G   21G   29G  42% /
DEBUG util.py:537:  /dev/vda3      xfs    49G   21G   29G  42% /
DEBUG util.py:688:  Child return code was: 0
DEBUG buildroot.py:760:  create skeleton dirs
DEBUG file_util.py:17:  ensuring that dir exists: /var/lib/mock/alma+epel-8-x86_64/root/var/lib/rpm
DEBUG file_util.py:20:  created dir: /var/lib/mock/alma+epel-8-x86_64/root/var/lib/rpm
DEBUG file_util.py:17:  ensuring that dir exists: /var/lib/mock/alma+epel-8-x86_64/root/var/lib/yum
DEBUG file_util.py:20:  created dir: /var/lib/mock/alma+epel-8-x86_64/root/var/lib/yum
DEBUG file_util.py:17:  ensuring that dir exists: /var/lib/mock/alma+epel-8-x86_64/root/var/lib/dbus
DEBUG file_util.py:20:  created dir: /var/lib/mock/alma+epel-8-x86_64/root/var/lib/dbus
DEBUG file_util.py:17:  ensuring that dir exists: /var/lib/mock/alma+epel-8-x86_64/root/var/log
DEBUG file_util.py:20:  created dir: /var/lib/mock/alma+epel-8-x86_64/root/var/log
DEBUG file_util.py:17:  ensuring that dir exists: /var/lib/mock/alma+epel-8-x86_64/root/var/cache/dnf
DEBUG file_util.py:20:  created dir: /var/lib/mock/alma+epel-8-x86_64/root/var/cache/dnf
DEBUG file_util.py:17:  ensuring that dir exists: /var/lib/mock/alma+epel-8-x86_64/root/var/cache/yum
DEBUG file_util.py:20:  created dir: /var/lib/mock/alma+epel-8-x86_64/root/var/cache/yum
DEBUG file_util.py:17:  ensuring that dir exists: /var/lib/mock/alma+epel-8-x86_64/root/etc/rpm
DEBUG file_util.py:20:  created dir: /var/lib/mock/alma+epel-8-x86_64/root/etc/rpm
DEBUG file_util.py:17:  ensuring that dir exists: /var/lib/mock/alma+epel-8-x86_64/root/tmp
DEBUG file_util.py:20:  created dir: /var/lib/mock/alma+epel-8-x86_64/root/tmp
DEBUG file_util.py:17:  ensuring that dir exists: /var/lib/mock/alma+epel-8-x86_64/root/tmp/ccache
DEBUG file_util.py:20:  created dir: /var/lib/mock/alma+epel-8-x86_64/root/tmp/ccache
DEBUG file_util.py:17:  ensuring that dir exists: /var/lib/mock/alma+epel-8-x86_64/root/var/tmp
DEBUG file_util.py:20:  created dir: /var/lib/mock/alma+epel-8-x86_64/root/var/tmp
DEBUG file_util.py:17:  ensuring that dir exists: /var/lib/mock/alma+epel-8-x86_64/root/etc/dnf
DEBUG file_util.py:20:  created dir: /var/lib/mock/alma+epel-8-x86_64/root/etc/dnf
DEBUG file_util.py:17:  ensuring that dir exists: /var/lib/mock/alma+epel-8-x86_64/root/etc/dnf/vars
DEBUG file_util.py:20:  created dir: /var/lib/mock/alma+epel-8-x86_64/root/etc/dnf/vars
DEBUG file_util.py:17:  ensuring that dir exists: /var/lib/mock/alma+epel-8-x86_64/root/etc/yum.repos.d
DEBUG file_util.py:20:  created dir: /var/lib/mock/alma+epel-8-x86_64/root/etc/yum.repos.d
DEBUG file_util.py:17:  ensuring that dir exists: /var/lib/mock/alma+epel-8-x86_64/root/etc/yum
DEBUG file_util.py:20:  created dir: /var/lib/mock/alma+epel-8-x86_64/root/etc/yum
DEBUG file_util.py:17:  ensuring that dir exists: /var/lib/mock/alma+epel-8-x86_64/root/proc
DEBUG file_util.py:20:  created dir: /var/lib/mock/alma+epel-8-x86_64/root/proc
DEBUG file_util.py:17:  ensuring that dir exists: /var/lib/mock/alma+epel-8-x86_64/root/sys
DEBUG file_util.py:20:  created dir: /var/lib/mock/alma+epel-8-x86_64/root/sys
DEBUG file_util.py:17:  ensuring that dir exists: /var/lib/mock/alma+epel-8-x86_64/root/run/lock
DEBUG file_util.py:20:  created dir: /var/lib/mock/alma+epel-8-x86_64/root/run/lock
DEBUG file_util.py:17:  ensuring that dir exists: /var/lib/mock/alma+epel-8-x86_64/root/dev/pts
DEBUG file_util.py:20:  created dir: /var/lib/mock/alma+epel-8-x86_64/root/dev/pts
DEBUG file_util.py:17:  ensuring that dir exists: /var/lib/mock/alma+epel-8-x86_64/root/dev/shm
DEBUG file_util.py:20:  created dir: /var/lib/mock/alma+epel-8-x86_64/root/dev/shm
DEBUG file_util.py:17:  ensuring that dir exists: /var/lib/mock/alma+epel-8-x86_64/root/dev/mapper
DEBUG file_util.py:20:  created dir: /var/lib/mock/alma+epel-8-x86_64/root/dev/mapper
DEBUG buildroot.py:904:  kernel version == 4.18.0-553.164.1.el8_10.x86_64
DEBUG file_util.py:29:  touching file: /var/lib/mock/alma+epel-8-x86_64/root/etc/fstab
DEBUG file_util.py:29:  touching file: /var/lib/mock/alma+epel-8-x86_64/root/etc/yum/yum.conf
DEBUG file_util.py:29:  touching file: /var/lib/mock/alma+epel-8-x86_64/root/etc/dnf/dnf.conf
DEBUG file_util.py:29:  touching file: /var/lib/mock/alma+epel-8-x86_64/root/var/log/yum.log
DEBUG buildroot.py:335:  rootdir = /var/lib/mock/alma+epel-8-x86_64/root
DEBUG buildroot.py:336:  resultdir = /var/lib/mock/alma+epel-8-x86_64/result
INFO buildroot.py:184:  Package manager dnf4 detected and used (direct choice)
DEBUG file_util.py:17:  ensuring that dir exists: /var/lib/mock/alma+epel-8-x86_64/root/etc/pki/mock
DEBUG file_util.py:20:  created dir: /var/lib/mock/alma+epel-8-x86_64/root/etc/pki/mock
DEBUG package_manager.py:406:  copying CA trust dir into chroot: /etc/pki/ca-trust => /etc/pki/ca-trust
DEBUG file_util.py:191:  Updating files in /var/lib/mock/alma+epel-8-x86_64/root/etc/pki/ca-trust with files from /etc/pki/ca-trust
DEBUG file_util.py:17:  ensuring that dir exists: /var/lib/mock/alma+epel-8-x86_64/root/etc/pki/ca-trust
DEBUG file_util.py:20:  created dir: /var/lib/mock/alma+epel-8-x86_64/root/etc/pki/ca-trust
DEBUG file_util.py:17:  ensuring that dir exists: /var/lib/mock/alma+epel-8-x86_64/root/etc/pki/ca-trust/./extracted
DEBUG file_util.py:20:  created dir: /var/lib/mock/alma+epel-8-x86_64/root/etc/pki/ca-trust/./extracted
DEBUG file_util.py:17:  ensuring that dir exists: /var/lib/mock/alma+epel-8-x86_64/root/etc/pki/ca-trust/./source
DEBUG file_util.py:20:  created dir: /var/lib/mock/alma+epel-8-x86_64/root/etc/pki/ca-trust/./source
DEBUG file_util.py:17:  ensuring that dir exists: /var/lib/mock/alma+epel-8-x86_64/root/etc/pki/ca-trust/extracted/edk2
DEBUG file_util.py:20:  created dir: /var/lib/mock/alma+epel-8-x86_64/root/etc/pki/ca-trust/extracted/edk2
DEBUG file_util.py:17:  ensuring that dir exists: /var/lib/mock/alma+epel-8-x86_64/root/etc/pki/ca-trust/extracted/java
DEBUG file_util.py:20:  created dir: /var/lib/mock/alma+epel-8-x86_64/root/etc/pki/ca-trust/extracted/java
DEBUG file_util.py:17:  ensuring that dir exists: /var/lib/mock/alma+epel-8-x86_64/root/etc/pki/ca-trust/extracted/openssl
DEBUG file_util.py:20:  created dir: /var/lib/mock/alma+epel-8-x86_64/root/etc/pki/ca-trust/extracted/openssl
DEBUG file_util.py:17:  ensuring that dir exists: /var/lib/mock/alma+epel-8-x86_64/root/etc/pki/ca-trust/extracted/pem
DEBUG file_util.py:20:  created dir: /var/lib/mock/alma+epel-8-x86_64/root/etc/pki/ca-trust/extracted/pem
DEBUG file_util.py:17:  ensuring that dir exists: /var/lib/mock/alma+epel-8-x86_64/root/etc/pki/ca-trust/source/anchors
DEBUG file_util.py:20:  created dir: /var/lib/mock/alma+epel-8-x86_64/root/etc/pki/ca-trust/source/anchors
DEBUG file_util.py:17:  ensuring that dir exists: /var/lib/mock/alma+epel-8-x86_64/root/etc/pki/ca-trust/source/blacklist
DEBUG file_util.py:20:  created dir: /var/lib/mock/alma+epel-8-x86_64/root/etc/pki/ca-trust/source/blacklist
DEBUG package_manager.py:406:  copying CA trust dir into chroot: /usr/share/pki/ca-trust-source => /usr/share/pki/ca-trust-source
DEBUG file_util.py:191:  Updating files in /var/lib/mock/alma+epel-8-x86_64/root/usr/share/pki/ca-trust-source with files from /usr/share/pki/ca-trust-source
DEBUG file_util.py:17:  ensuring that dir exists: /var/lib/mock/alma+epel-8-x86_64/root/usr/share/pki/ca-trust-source
DEBUG file_util.py:20:  created dir: /var/lib/mock/alma+epel-8-x86_64/root/usr/share/pki/ca-trust-source
DEBUG file_util.py:17:  ensuring that dir exists: /var/lib/mock/alma+epel-8-x86_64/root/usr/share/pki/ca-trust-source/./anchors
DEBUG file_util.py:20:  created dir: /var/lib/mock/alma+epel-8-x86_64/root/usr/share/pki/ca-trust-source/./anchors
DEBUG file_util.py:17:  ensuring that dir exists: /var/lib/mock/alma+epel-8-x86_64/root/usr/share/pki/ca-trust-source/./blacklist
DEBUG file_util.py:20:  created dir: /var/lib/mock/alma+epel-8-x86_64/root/usr/share/pki/ca-trust-source/./blacklist
DEBUG file_util.py:17:  ensuring that dir exists: /var/lib/mock/alma+epel-8-x86_64/root/etc/dnf
DEBUG package_manager.py:693:  configure DNF vars
DEBUG file_util.py:17:  ensuring that dir exists: /var/lib/mock/alma+epel-8-x86_64/root/var/cache/yum
DEBUG util.py:717:  child environment: None
DEBUG util.py:636:  Executing command: ['/bin/mount', '-n', '-o', 'bind', '/var/cache/mock/alma+epel-8-x86_64/yum_cache', '/var/lib/mock/alma+epel-8-x86_64/root/var/cache/yum'] with env {'TERM': 'vt100', 'SHELL': '/bin/sh', 'HOME': '/builddir', 'HOSTNAME': 'mock', 'PATH': '/usr/bin:/bin:/usr/sbin:/sbin', 'LANG': 'C.UTF-8'} and shell False
DEBUG util.py:688:  Child return code was: 0
DEBUG file_util.py:17:  ensuring that dir exists: /var/lib/mock/alma+epel-8-x86_64/root/var/cache/dnf
DEBUG util.py:717:  child environment: None
DEBUG util.py:636:  Executing command: ['/bin/mount', '-n', '-o', 'bind', '/var/cache/mock/alma+epel-8-x86_64/dnf_cache', '/var/lib/mock/alma+epel-8-x86_64/root/var/cache/dnf'] with env {'TERM': 'vt100', 'SHELL': '/bin/sh', 'HOME': '/builddir', 'HOSTNAME': 'mock', 'PATH': '/usr/bin:/bin:/usr/sbin:/sbin', 'LANG': 'C.UTF-8'} and shell False
DEBUG util.py:688:  Child return code was: 0
DEBUG file_util.py:29:  touching file: /var/lib/mock/alma+epel-8-x86_64/root/etc/resolv.conf
DEBUG util.py:717:  child environment: None
DEBUG util.py:631:  Using nspawn with args None
DEBUG util.py:636:  Executing command: ['/usr/bin/systemd-nspawn', '-q', '-M', '4506b7e9d86047f0a3a1c5f06a64a99b', '-D', '/var/lib/mock/alma+epel-8-x86_64-bootstrap/root', '-a', '--setenv=TERM=vt100', '--setenv=SHELL=/bin/sh', '--setenv=HOME=/builddir', '--setenv=HOSTNAME=mock', '--setenv=PATH=/usr/bin:/bin:/usr/sbin:/sbin', '--setenv=LANG=C.UTF-8', 'rpm', '-q', 'rpm', 'rpm-sequoia', 'python3-dnf', 'python3-dnf-plugins-core', 'yum', 'yum-utils', 'dnf5', 'dnf5-plugins'] with env {'TERM': 'vt100', 'SHELL': '/bin/sh', 'HOME': '/builddir', 'HOSTNAME': 'mock', 'PATH': '/usr/bin:/bin:/usr/sbin:/sbin', 'LANG': 'C.UTF-8', 'SYSTEMD_NSPAWN_TMPFS_TMP': '0', 'SYSTEMD_SECCOMP': '0'} and shell False
DEBUG util.py:537:  rpm-4.14.3-32.el8_10.x86_64
DEBUG util.py:537:  package rpm-sequoia is not installed
DEBUG util.py:537:  python3-dnf-4.7.0-21.el8_10.alma.1.noarch
DEBUG util.py:537:  python3-dnf-plugins-core-4.0.21-25.el8.noarch
DEBUG util.py:537:  yum-4.7.0-21.el8_10.alma.1.noarch
DEBUG util.py:537:  package yum-utils is not installed
DEBUG util.py:537:  package dnf5 is not installed
DEBUG util.py:537:  package dnf5-plugins is not installed
DEBUG util.py:688:  Child return code was: 4
INFO package_manager.py:202:  Buildroot is handled by package management downloaded with a bootstrap image:
  rpm-4.14.3-32.el8_10.x86_64
  python3-dnf-4.7.0-21.el8_10.alma.1.noarch
  python3-dnf-plugins-core-4.0.21-25.el8.noarch
  yum-4.7.0-21.el8_10.alma.1.noarch
DEBUG file_util.py:17:  ensuring that dir exists: /var/lib/mock/alma+epel-8-x86_64/root/etc
DEBUG file_util.py:17:  ensuring that dir exists: /var/lib/mock/alma+epel-8-x86_64/root/proc
DEBUG util.py:717:  child environment: None
DEBUG util.py:636:  Executing command: ['/bin/mount', '-n', '-t', 'tmpfs', '-o', 'rprivate,mode=0755', 'tmpfs', '/var/lib/mock/alma+epel-8-x86_64/root/proc'] with env {'TERM': 'vt100', 'SHELL': '/bin/sh', 'HOME': '/builddir', 'HOSTNAME': 'mock', 'PATH': '/usr/bin:/bin:/usr/sbin:/sbin', 'LANG': 'C.UTF-8'} and shell False
DEBUG util.py:688:  Child return code was: 0
DEBUG file_util.py:17:  ensuring that dir exists: /var/lib/mock/alma+epel-8-x86_64/root/proc
DEBUG util.py:717:  child environment: None
DEBUG util.py:636:  Executing command: ['/bin/mount', '-n', '-o', 'rbind', '/proc', '/var/lib/mock/alma+epel-8-x86_64/root/proc'] with env {'TERM': 'vt100', 'SHELL': '/bin/sh', 'HOME': '/builddir', 'HOSTNAME': 'mock', 'PATH': '/usr/bin:/bin:/usr/sbin:/sbin', 'LANG': 'C.UTF-8'} and shell False
DEBUG util.py:688:  Child return code was: 0
DEBUG util.py:717:  child environment: None
DEBUG util.py:636:  Executing command: ['/bin/mount', '-n', '-o', 'remount,nodev,noexec,nosuid,readonly,rprivate,rbind', '--target', '/var/lib/mock/alma+epel-8-x86_64/root/proc'] with env {'TERM': 'vt100', 'SHELL': '/bin/sh', 'HOME': '/builddir', 'HOSTNAME': 'mock', 'PATH': '/usr/bin:/bin:/usr/sbin:/sbin', 'LANG': 'C.UTF-8'} and shell False
DEBUG util.py:688:  Child return code was: 0
DEBUG file_util.py:17:  ensuring that dir exists: /var/lib/mock/alma+epel-8-x86_64/root/sys
DEBUG util.py:717:  child environment: None
DEBUG util.py:636:  Executing command: ['/bin/mount', '-n', '-t', 'tmpfs', '-o', 'rprivate,mode=0755', 'tmpfs', '/var/lib/mock/alma+epel-8-x86_64/root/sys'] with env {'TERM': 'vt100', 'SHELL': '/bin/sh', 'HOME': '/builddir', 'HOSTNAME': 'mock', 'PATH': '/usr/bin:/bin:/usr/sbin:/sbin', 'LANG': 'C.UTF-8'} and shell False
DEBUG util.py:688:  Child return code was: 0
DEBUG file_util.py:17:  ensuring that dir exists: /var/lib/mock/alma+epel-8-x86_64/root/sys
DEBUG util.py:717:  child environment: None
DEBUG util.py:636:  Executing command: ['/bin/mount', '-n', '-o', 'rbind', '/sys', '/var/lib/mock/alma+epel-8-x86_64/root/sys'] with env {'TERM': 'vt100', 'SHELL': '/bin/sh', 'HOME': '/builddir', 'HOSTNAME': 'mock', 'PATH': '/usr/bin:/bin:/usr/sbin:/sbin', 'LANG': 'C.UTF-8'} and shell False
DEBUG util.py:688:  Child return code was: 0
DEBUG util.py:717:  child environment: None
DEBUG util.py:636:  Executing command: ['/bin/mount', '-n', '-o', 'remount,nodev,noexec,nosuid,readonly,rprivate,rbind', '--target', '/var/lib/mock/alma+epel-8-x86_64/root/sys'] with env {'TERM': 'vt100', 'SHELL': '/bin/sh', 'HOME': '/builddir', 'HOSTNAME': 'mock', 'PATH': '/usr/bin:/bin:/usr/sbin:/sbin', 'LANG': 'C.UTF-8'} and shell False
DEBUG util.py:688:  Child return code was: 0
DEBUG file_util.py:17:  ensuring that dir exists: /var/lib/mock/alma+epel-8-x86_64/root/dev/shm
DEBUG util.py:717:  child environment: None
DEBUG util.py:636:  Executing command: ['/bin/mount', '-n', '-t', 'tmpfs', 'tmpfs', '/var/lib/mock/alma+epel-8-x86_64/root/dev/shm'] with env {'TERM': 'vt100', 'SHELL': '/bin/sh', 'HOME': '/builddir', 'HOSTNAME': 'mock', 'PATH': '/usr/bin:/bin:/usr/sbin:/sbin', 'LANG': 'C.UTF-8'} and shell False
DEBUG util.py:688:  Child return code was: 0
DEBUG file_util.py:17:  ensuring that dir exists: /var/lib/mock/alma+epel-8-x86_64/root/dev/pts
DEBUG util.py:717:  child environment: None
DEBUG util.py:636:  Executing command: ['/bin/mount', '-n', '-t', 'devpts', '-o', 'gid=5,mode=0620,ptmxmode=0666,newinstance', 'devpts', '/var/lib/mock/alma+epel-8-x86_64/root/dev/pts'] with env {'TERM': 'vt100', 'SHELL': '/bin/sh', 'HOME': '/builddir', 'HOSTNAME': 'mock', 'PATH': '/usr/bin:/bin:/usr/sbin:/sbin', 'LANG': 'C.UTF-8'} and shell False
DEBUG util.py:688:  Child return code was: 0
DEBUG util.py:717:  child environment: None
DEBUG util.py:636:  Executing command: ['/bin/mount', '-n', '-o', 'bind', '/tmp/mock-selinux-plugin.itpx_z7f', '/var/lib/mock/alma+epel-8-x86_64/root/proc/filesystems'] with env {'TERM': 'vt100', 'SHELL': '/bin/sh', 'HOME': '/builddir', 'HOSTNAME': 'mock', 'PATH': '/usr/bin:/bin:/usr/sbin:/sbin', 'LANG': 'C.UTF-8'} and shell False
DEBUG util.py:688:  Child return code was: 0
DEBUG file_util.py:17:  ensuring that dir exists: /var/lib/mock/alma+epel-8-x86_64/root/sys/fs/selinux
DEBUG util.py:717:  child environment: None
DEBUG util.py:636:  Executing command: ['/bin/mount', '-n', '-t', 'tmpfs', 'tmpfs', '/var/lib/mock/alma+epel-8-x86_64/root/sys/fs/selinux'] with env {'TERM': 'vt100', 'SHELL': '/bin/sh', 'HOME': '/builddir', 'HOSTNAME': 'mock', 'PATH': '/usr/bin:/bin:/usr/sbin:/sbin', 'LANG': 'C.UTF-8'} and shell False
DEBUG util.py:688:  Child return code was: 0
DEBUG file_util.py:17:  ensuring that dir exists: /var/lib/mock/alma+epel-8-x86_64-bootstrap/root/var/lib/mock/alma+epel-8-x86_64/root
DEBUG util.py:717:  child environment: None
DEBUG util.py:636:  Executing command: ['/bin/mount', '-n', '-t', 'tmpfs', '-o', 'private,mode=0755', 'tmpfs', '/var/lib/mock/alma+epel-8-x86_64-bootstrap/root/var/lib/mock/alma+epel-8-x86_64/root'] with env {'TERM': 'vt100', 'SHELL': '/bin/sh', 'HOME': '/builddir', 'HOSTNAME': 'mock', 'PATH': '/usr/bin:/bin:/usr/sbin:/sbin', 'LANG': 'C.UTF-8'} and shell False
DEBUG util.py:688:  Child return code was: 0
DEBUG file_util.py:17:  ensuring that dir exists: /var/lib/mock/alma+epel-8-x86_64-bootstrap/root/var/lib/mock/alma+epel-8-x86_64/root
DEBUG util.py:717:  child environment: None
DEBUG util.py:636:  Executing command: ['/bin/mount', '-n', '-o', 'rbind', '/var/lib/mock/alma+epel-8-x86_64/root', '/var/lib/mock/alma+epel-8-x86_64-bootstrap/root/var/lib/mock/alma+epel-8-x86_64/root'] with env {'TERM': 'vt100', 'SHELL': '/bin/sh', 'HOME': '/builddir', 'HOSTNAME': 'mock', 'PATH': '/usr/bin:/bin:/usr/sbin:/sbin', 'LANG': 'C.UTF-8'} and shell False
DEBUG util.py:688:  Child return code was: 0
DEBUG util.py:717:  child environment: None
DEBUG util.py:636:  Executing command: ['/bin/mount', '-n', '-o', 'remount,private,rbind', '--target', '/var/lib/mock/alma+epel-8-x86_64-bootstrap/root/var/lib/mock/alma+epel-8-x86_64/root'] with env {'TERM': 'vt100', 'SHELL': '/bin/sh', 'HOME': '/builddir', 'HOSTNAME': 'mock', 'PATH': '/usr/bin:/bin:/usr/sbin:/sbin', 'LANG': 'C.UTF-8'} and shell False
DEBUG util.py:688:  Child return code was: 0
DEBUG file_util.py:17:  ensuring that dir exists: /var/lib/mock/alma+epel-8-x86_64/root/installation-homedir
DEBUG file_util.py:20:  created dir: /var/lib/mock/alma+epel-8-x86_64/root/installation-homedir
DEBUG package_manager.py:296:  ['/usr/bin/dnf-3', '--installroot', '/var/lib/mock/alma+epel-8-x86_64/root/', '--releasever', '8', '--setopt=deltarpm=False', '--setopt=allow_vendor_change=yes', '--allowerasing', '--disableplugin=local', '--disableplugin=spacewalk', '--disableplugin=versionlock', 'install', 'tar', 'gcc-c++', 'redhat-rpm-config', 'redhat-release', 'which', 'xz', 'sed', 'make', 'bzip2', 'gzip', 'gcc', 'coreutils', 'unzip', 'diffutils', 'cpio', 'bash', 'gawk', 'rpm-build', 'info', 'patch', 'util-linux', 'findutils', 'grep', 'epel-rpm-macros']
DEBUG util.py:717:  child environment: None
DEBUG util.py:631:  Using nspawn with args ['--capability=cap_ipc_lock', '--resolv-conf=off']
DEBUG util.py:636:  Executing command: ['/usr/bin/systemd-nspawn', '-q', '-M', '726e39dd2efa4e89a2f4057fb61452de', '-D', '/var/lib/mock/alma+epel-8-x86_64-bootstrap/root', '-a', '--capability=cap_ipc_lock', '--resolv-conf=off', '--setenv=TERM=vt100', '--setenv=SHELL=/bin/bash', '--setenv=HOME=/var/lib/mock/alma+epel-8-x86_64/root/installation-homedir', '--setenv=HOSTNAME=mock', '--setenv=PATH=/usr/bin:/bin:/usr/sbin:/sbin', '--setenv=PROMPT_COMMAND=printf "\\033]0;<mock-chroot>\\007"', '--setenv=PS1=<mock-chroot> \\s-\\v\\$ ', '--setenv=LANG=C.UTF-8', '--setenv=LC_MESSAGES=C.UTF-8', '/usr/bin/dnf-3', '--installroot', '/var/lib/mock/alma+epel-8-x86_64/root/', '--releasever', '8', '--setopt=deltarpm=False', '--setopt=allow_vendor_change=yes', '--allowerasing', '--disableplugin=local', '--disableplugin=spacewalk', '--disableplugin=versionlock', 'install', 'tar', 'gcc-c++', 'redhat-rpm-config', 'redhat-release', 'which', 'xz', 'sed', 'make', 'bzip2', 'gzip', 'gcc', 'coreutils', 'unzip', 'diffutils', 'cpio', 'bash', 'gawk', 'rpm-build', 'info', 'patch', 'util-linux', 'findutils', 'grep', 'epel-rpm-macros', '--setopt=tsflags=nocontexts'] with env {'TERM': 'vt100', 'SHELL': '/bin/bash', 'HOME': '/var/lib/mock/alma+epel-8-x86_64/root/installation-homedir', 'HOSTNAME': 'mock', 'PATH': '/usr/bin:/bin:/usr/sbin:/sbin', 'PROMPT_COMMAND': 'printf "\\033]0;<mock-chroot>\\007"', 'PS1': '<mock-chroot> \\s-\\v\\$ ', 'LANG': 'C.UTF-8', 'LC_MESSAGES': 'C.UTF-8', 'SYSTEMD_NSPAWN_TMPFS_TMP': '0', 'SYSTEMD_SECCOMP': '0'} and shell False
DEBUG util.py:535:  No matches found for the following disable plugin patterns: local, spacewalk, versionlock
DEBUG util.py:537:  AlmaLinux 8 - BaseOS                                                                                                                                         3.8 kB/s | 3.8 kB     00:00    
DEBUG util.py:537:  AlmaLinux 8 - BaseOS                                                                                                                                         9.2 MB/s |  99 MB     00:10    
DEBUG util.py:537:  AlmaLinux 8 - AppStream                                                                                                                                      4.9 kB/s | 4.3 kB     00:00    
DEBUG util.py:537:  AlmaLinux 8 - AppStream                                                                                                                                      4.3 MB/s |  32 MB     00:07    
DEBUG util.py:537:  AlmaLinux 8 - PowerTools                                                                                                                                     4.7 kB/s | 4.2 kB     00:00    
DEBUG util.py:537:  AlmaLinux 8 - PowerTools                                                                                                                                     2.9 MB/s | 6.7 MB     00:02    
DEBUG util.py:537:  AlmaLinux 8 - Extras                                                                                                                                         4.1 kB/s | 3.3 kB     00:00    
DEBUG util.py:537:  AlmaLinux 8 - Extras                                                                                                                                          14 kB/s |  14 kB     00:00    
DEBUG util.py:537:  Extra Packages for Enterprise Linux 8 - x86_64                                                                                                               8.5 kB/s | 7.0 kB     00:00    
DEBUG util.py:537:  Extra Packages for Enterprise Linux 8 - x86_64                                                                                                               5.4 MB/s |  14 MB     00:02    
DEBUG util.py:537:  mock-localrepo                                                                                                                                               2.9 MB/s | 3.0 kB     00:00    
DEBUG util.py:537:  Dependencies resolved.
DEBUG util.py:537:  =============================================================================================================================================================================================
DEBUG util.py:537:   Package                                               Architecture                     Version                                                    Repository                           Size
DEBUG util.py:537:  =============================================================================================================================================================================================
DEBUG util.py:537:  Installing:
DEBUG util.py:537:   almalinux-release                                     x86_64                           8.10-1.el8                                                 baseos                               27 k
DEBUG util.py:537:   bash                                                  x86_64                           4.4.20-6.el8_10                                            baseos                              1.5 M
DEBUG util.py:537:   bzip2                                                 x86_64                           1.0.6-28.el8_10                                            baseos                               59 k
DEBUG util.py:537:   coreutils                                             x86_64                           8.30-20.el8_10                                             baseos                              1.2 M
DEBUG util.py:537:   cpio                                                  x86_64                           2.12-11.el8                                                baseos                              265 k
DEBUG util.py:537:   diffutils                                             x86_64                           3.6-6.el8                                                  baseos                              361 k
DEBUG util.py:537:   epel-rpm-macros                                       noarch                           8-43                                                       epel                                 27 k
DEBUG util.py:537:   findutils                                             x86_64                           1:4.6.0-24.el8_10                                          baseos                              526 k
DEBUG util.py:537:   gawk                                                  x86_64                           4.2.1-4.el8                                                baseos                              1.1 M
DEBUG util.py:537:   gcc                                                   x86_64                           8.5.0-28.el8_10.alma.1                                     baseos                               23 M
DEBUG util.py:537:   gcc-c++                                               x86_64                           8.5.0-28.el8_10.alma.1                                     appstream                            12 M
DEBUG util.py:537:   grep                                                  x86_64                           3.1-6.el8                                                  baseos                              274 k
DEBUG util.py:537:   gzip                                                  x86_64                           1.9-15.el8_10                                              baseos                              166 k
DEBUG util.py:537:   info                                                  x86_64                           6.5-7.el8                                                  baseos                              197 k
DEBUG util.py:537:   make                                                  x86_64                           1:4.2.1-11.el8                                             baseos                              497 k
DEBUG util.py:537:   patch                                                 x86_64                           2.7.6-11.el8                                               baseos                              138 k
DEBUG util.py:537:   redhat-rpm-config                                     noarch                           131-1.el8.alma                                             appstream                            90 k
DEBUG util.py:537:   rpm-build                                             x86_64                           4.14.3-32.el8_10                                           appstream                           174 k
DEBUG util.py:537:   sed                                                   x86_64                           4.5-5.el8_10                                               baseos                              298 k
DEBUG util.py:537:   tar                                                   x86_64                           2:1.30-11.el8_10                                           baseos                              838 k
DEBUG util.py:537:   unzip                                                 x86_64                           6.0-48.el8_10                                              baseos                              195 k
DEBUG util.py:537:   util-linux                                            x86_64                           2.32.1-48.el8_10                                           baseos                              2.5 M
DEBUG util.py:537:   which                                                 x86_64                           2.21-21.el8_10                                             baseos                               49 k
DEBUG util.py:537:   xz                                                    x86_64                           5.2.4-4.el8_6                                              baseos                              152 k
DEBUG util.py:537:  Installing dependencies:
DEBUG util.py:537:   annobin                                               x86_64                           13.27-1.el8_10                                             baseos                              793 k
DEBUG util.py:537:   ansible-srpm-macros                                   noarch                           1-12.el8                                                   epel                                 21 k
DEBUG util.py:537:   audit-libs                                            x86_64                           3.1.2-1.el8_10.1                                           baseos                              124 k
DEBUG util.py:537:   basesystem                                            noarch                           11-5.el8                                                   baseos                               10 k
DEBUG util.py:537:   binutils                                              x86_64                           2.30-128.el8_10                                            baseos                              5.8 M
DEBUG util.py:537:   brotli                                                x86_64                           1.0.6-4.el8_10                                             baseos                              322 k
DEBUG util.py:537:   bzip2-libs                                            x86_64                           1.0.6-28.el8_10                                            baseos                               47 k
DEBUG util.py:537:   ca-certificates                                       noarch                           2025.2.80_v9.0.304-80.2.el8_10                             baseos                              1.0 M
DEBUG util.py:537:   chkconfig                                             x86_64                           1.19.2-1.el8                                               baseos                              198 k
DEBUG util.py:537:   coreutils-common                                      x86_64                           8.30-20.el8_10                                             baseos                              2.0 M
DEBUG util.py:537:   cpp                                                   x86_64                           8.5.0-28.el8_10.alma.1                                     baseos                               10 M
DEBUG util.py:537:   cracklib                                              x86_64                           2.9.6-15.el8                                               baseos                               93 k
DEBUG util.py:537:   cracklib-dicts                                        x86_64                           2.9.6-15.el8                                               baseos                              4.0 M
DEBUG util.py:537:   crypto-policies                                       noarch                           20230731-1.git3177e06.el8                                  baseos                               63 k
DEBUG util.py:537:   curl                                                  x86_64                           7.61.1-34.el8_10.13                                        baseos                              354 k
DEBUG util.py:537:   cyrus-sasl-lib                                        x86_64                           2.1.27-6.el8_5                                             baseos                              122 k
DEBUG util.py:537:   dwz                                                   x86_64                           0.12-10.el8                                                appstream                           108 k
DEBUG util.py:537:   efi-srpm-macros                                       noarch                           3-3.el8                                                    appstream                            21 k
DEBUG util.py:537:   elfutils                                              x86_64                           0.190-2.el8.alma.1                                         baseos                              570 k
DEBUG util.py:537:   elfutils-default-yama-scope                           noarch                           0.190-2.el8.alma.1                                         baseos                               52 k
DEBUG util.py:537:   elfutils-libelf                                       x86_64                           0.190-2.el8.alma.1                                         baseos                              232 k
DEBUG util.py:537:   elfutils-libs                                         x86_64                           0.190-2.el8.alma.1                                         baseos                              304 k
DEBUG util.py:537:   expat                                                 x86_64                           2.5.0-2.el8_10.2                                           baseos                              133 k
DEBUG util.py:537:   file                                                  x86_64                           5.33-27.el8_10                                             baseos                               77 k
DEBUG util.py:537:   file-libs                                             x86_64                           5.33-27.el8_10                                             baseos                              543 k
DEBUG util.py:537:   filesystem                                            x86_64                           3.8-6.el8                                                  baseos                              1.1 M
DEBUG util.py:537:   fpc-srpm-macros                                       noarch                           1.3-1.el8                                                  epel                                8.2 k
DEBUG util.py:537:   gc                                                    x86_64                           7.6.4-3.el8                                                appstream                           109 k
DEBUG util.py:537:   gcc-plugin-annobin                                    x86_64                           8.5.0-28.el8_10.alma.1                                     baseos                               36 k
DEBUG util.py:537:   gdb-headless                                          x86_64                           8.2-20.el8                                                 appstream                           3.7 M
DEBUG util.py:537:   gdbm                                                  x86_64                           1:1.18-2.el8                                               baseos                              129 k
DEBUG util.py:537:   gdbm-libs                                             x86_64                           1:1.18-2.el8                                               baseos                               59 k
DEBUG util.py:537:   ghc-srpm-macros                                       noarch                           1.4.2-7.el8                                                appstream                           9.2 k
DEBUG util.py:537:   glib2                                                 x86_64                           2.56.4-178.el8_10                                          baseos                              2.5 M
DEBUG util.py:537:   glibc                                                 x86_64                           2.28-251.el8_10.40                                         baseos                              2.2 M
DEBUG util.py:537:   glibc-all-langpacks                                   x86_64                           2.28-251.el8_10.40                                         baseos                               26 M
DEBUG util.py:537:   glibc-common                                          x86_64                           2.28-251.el8_10.40                                         baseos                              1.0 M
DEBUG util.py:537:   glibc-devel                                           x86_64                           2.28-251.el8_10.40                                         baseos                               91 k
DEBUG util.py:537:   glibc-gconv-extra                                     x86_64                           2.28-251.el8_10.40                                         baseos                              1.6 M
DEBUG util.py:537:   glibc-headers                                         x86_64                           2.28-251.el8_10.40                                         baseos                              496 k
DEBUG util.py:537:   gmp                                                   x86_64                           1:6.1.2-11.el8                                             baseos                              317 k
DEBUG util.py:537:   gnupg2                                                x86_64                           2.2.20-4.el8_10                                            baseos                              2.4 M
DEBUG util.py:537:   gnutls                                                x86_64                           3.6.16-8.el8_10.6                                          baseos                              1.0 M
DEBUG util.py:537:   go-srpm-macros                                        noarch                           2-17.el8                                                   appstream                            12 k
DEBUG util.py:537:   guile                                                 x86_64                           5:2.0.14-7.el8                                             appstream                           3.5 M
DEBUG util.py:537:   ima-evm-utils                                         x86_64                           1.3.2-12.el8                                               baseos                               63 k
DEBUG util.py:537:   isl                                                   x86_64                           0.16.1-6.el8                                               appstream                           841 k
DEBUG util.py:537:   kernel-headers                                        x86_64                           4.18.0-553.164.1.el8_10                                    baseos                               12 M
DEBUG util.py:537:   keyutils-libs                                         x86_64                           1.5.10-9.el8                                               baseos                               33 k
DEBUG util.py:537:   krb5-libs                                             x86_64                           1.18.2-34.el8_10                                           baseos                              844 k
DEBUG util.py:537:   libacl                                                x86_64                           2.4.0-1.el8_10                                             baseos                               37 k
DEBUG util.py:537:   libarchive                                            x86_64                           3.3.3-7.el8_10                                             baseos                              359 k
DEBUG util.py:537:   libassuan                                             x86_64                           2.5.1-3.el8                                                baseos                               83 k
DEBUG util.py:537:   libatomic_ops                                         x86_64                           7.6.2-3.el8                                                appstream                            38 k
DEBUG util.py:537:   libattr                                               x86_64                           2.6.0-1.el8_10                                             baseos                               26 k
DEBUG util.py:537:   libbabeltrace                                         x86_64                           1.5.4-4.el8                                                baseos                              199 k
DEBUG util.py:537:   libblkid                                              x86_64                           2.32.1-48.el8_10                                           baseos                              220 k
DEBUG util.py:537:   libcap                                                x86_64                           2.48-6.el8_10.1                                            baseos                               74 k
DEBUG util.py:537:   libcap-ng                                             x86_64                           0.7.11-1.el8                                               baseos                               32 k
DEBUG util.py:537:   libcom_err                                            x86_64                           1.45.6-7.el8_10                                            baseos                               49 k
DEBUG util.py:537:   libcurl                                               x86_64                           7.61.1-34.el8_10.13                                        baseos                              307 k
DEBUG util.py:537:   libdb                                                 x86_64                           5.3.28-42.el8_4                                            baseos                              750 k
DEBUG util.py:537:   libdb-utils                                           x86_64                           5.3.28-42.el8_4                                            baseos                              149 k
DEBUG util.py:537:   libfdisk                                              x86_64                           2.32.1-48.el8_10                                           baseos                              253 k
DEBUG util.py:537:   libffi                                                x86_64                           3.1-24.el8                                                 baseos                               37 k
DEBUG util.py:537:   libgcc                                                x86_64                           8.5.0-28.el8_10.alma.1                                     baseos                               81 k
DEBUG util.py:537:   libgcrypt                                             x86_64                           1.8.5-8.el8_10                                             baseos                              462 k
DEBUG util.py:537:   libgomp                                               x86_64                           8.5.0-28.el8_10.alma.1                                     baseos                              208 k
DEBUG util.py:537:   libgpg-error                                          x86_64                           1.31-1.el8                                                 baseos                              242 k
DEBUG util.py:537:   libidn2                                               x86_64                           2.2.0-1.el8                                                baseos                               93 k
DEBUG util.py:537:   libipt                                                x86_64                           1.6.1-8.el8                                                appstream                            50 k
DEBUG util.py:537:   libksba                                               x86_64                           1.3.5-9.el8_7                                              baseos                              133 k
DEBUG util.py:537:   libmount                                              x86_64                           2.32.1-48.el8_10                                           baseos                              236 k
DEBUG util.py:537:   libmpc                                                x86_64                           1.1.0-9.1.el8                                              appstream                            60 k
DEBUG util.py:537:   libnghttp2                                            x86_64                           1.33.0-6.el8_10.3                                          baseos                               77 k
DEBUG util.py:537:   libnsl2                                               x86_64                           1.2.0-2.20180605git4a062cf.el8                             baseos                               58 k
DEBUG util.py:537:   libpkgconf                                            x86_64                           1.4.2-1.el8                                                baseos                               35 k
DEBUG util.py:537:   libpsl                                                x86_64                           0.20.2-6.el8                                               baseos                               61 k
DEBUG util.py:537:   libpwquality                                          x86_64                           1.4.4-6.el8                                                baseos                              106 k
DEBUG util.py:537:   libselinux                                            x86_64                           2.9-11.el8_10                                              baseos                              165 k
DEBUG util.py:537:   libsemanage                                           x86_64                           2.9-12.el8_10                                              baseos                              168 k
DEBUG util.py:537:   libsepol                                              x86_64                           2.9-3.el8                                                  baseos                              339 k
DEBUG util.py:537:   libsigsegv                                            x86_64                           2.11-5.el8                                                 baseos                               30 k
DEBUG util.py:537:   libsmartcols                                          x86_64                           2.32.1-48.el8_10                                           baseos                              179 k
DEBUG util.py:537:   libssh                                                x86_64                           0.9.6-17.el8_10                                            baseos                              220 k
DEBUG util.py:537:   libssh-config                                         noarch                           0.9.6-17.el8_10                                            baseos                               20 k
DEBUG util.py:537:   libstdc++                                             x86_64                           8.5.0-28.el8_10.alma.1                                     baseos                              473 k
DEBUG util.py:537:   libstdc++-devel                                       x86_64                           8.5.0-28.el8_10.alma.1                                     appstream                           2.1 M
DEBUG util.py:537:   libtasn1                                              x86_64                           4.13-6.el8_10                                              baseos                               76 k
DEBUG util.py:537:   libtirpc                                              x86_64                           1.1.4-12.el8_10                                            baseos                              113 k
DEBUG util.py:537:   libtool-ltdl                                          x86_64                           2.4.6-25.el8                                               baseos                               58 k
DEBUG util.py:537:   libunistring                                          x86_64                           0.9.9-3.el8                                                baseos                              422 k
DEBUG util.py:537:   libusbx                                               x86_64                           1.0.30-1.el8_10                                            baseos                               82 k
DEBUG util.py:537:   libutempter                                           x86_64                           1.1.6-14.el8                                               baseos                               31 k
DEBUG util.py:537:   libuuid                                               x86_64                           2.32.1-48.el8_10                                           baseos                               99 k
DEBUG util.py:537:   libverto                                              x86_64                           0.3.2-2.el8                                                baseos                               23 k
DEBUG util.py:537:   libxcrypt                                             x86_64                           4.1.1-6.el8                                                baseos                               72 k
DEBUG util.py:537:   libxcrypt-devel                                       x86_64                           4.1.1-6.el8                                                baseos                               24 k
DEBUG util.py:537:   libxml2                                               x86_64                           2.9.7-21.el8_10.7                                          baseos                              698 k
DEBUG util.py:537:   libzstd                                               x86_64                           1.4.4-1.el8                                                baseos                              266 k
DEBUG util.py:537:   lua-libs                                              x86_64                           5.3.4-12.el8                                               baseos                              117 k
DEBUG util.py:537:   lua-srpm-macros                                       noarch                           1-13.el8                                                   epel                                9.2 k
DEBUG util.py:537:   lz4-libs                                              x86_64                           1.8.3-5.el8_10                                             baseos                               65 k
DEBUG util.py:537:   mpfr                                                  x86_64                           3.1.6-1.el8                                                baseos                              221 k
DEBUG util.py:537:   ncurses                                               x86_64                           6.1-10.20180224.el8                                        baseos                              386 k
DEBUG util.py:537:   ncurses-base                                          noarch                           6.1-10.20180224.el8                                        baseos                               80 k
DEBUG util.py:537:   ncurses-libs                                          x86_64                           6.1-10.20180224.el8                                        baseos                              333 k
DEBUG util.py:537:   nettle                                                x86_64                           3.4.1-7.el8                                                baseos                              300 k
DEBUG util.py:537:   npth                                                  x86_64                           1.5-4.el8                                                  baseos                               26 k
DEBUG util.py:537:   ocaml-srpm-macros                                     noarch                           5-4.el8                                                    appstream                           9.2 k
DEBUG util.py:537:   openblas-srpm-macros                                  noarch                           2-2.el8                                                    appstream                           7.8 k
DEBUG util.py:537:   openldap                                              x86_64                           2.4.46-21.el8_10                                           baseos                              352 k
DEBUG util.py:537:   openssl-libs                                          x86_64                           1:1.1.1k-17.el8_6                                          baseos                              1.5 M
DEBUG util.py:537:   p11-kit                                               x86_64                           0.23.22-2.el8                                              baseos                              326 k
DEBUG util.py:537:   p11-kit-trust                                         x86_64                           0.23.22-2.el8                                              baseos                              137 k
DEBUG util.py:537:   pam                                                   x86_64                           1.3.1-40.el8_10                                            baseos                              749 k
DEBUG util.py:537:   pcre                                                  x86_64                           8.42-6.el8                                                 baseos                              210 k
DEBUG util.py:537:   pcre2                                                 x86_64                           10.32-3.el8_6                                              baseos                              246 k
DEBUG util.py:537:   perl-srpm-macros                                      noarch                           1-25.el8                                                   appstream                            11 k
DEBUG util.py:537:   pkgconf                                               x86_64                           1.4.2-1.el8                                                baseos                               38 k
DEBUG util.py:537:   pkgconf-m4                                            noarch                           1.4.2-1.el8                                                baseos                               17 k
DEBUG util.py:537:   pkgconf-pkg-config                                    x86_64                           1.4.2-1.el8                                                baseos                               15 k
DEBUG util.py:537:   platform-python                                       x86_64                           3.6.8-78.el8_10.alma.1                                     baseos                               89 k
DEBUG util.py:537:   platform-python-setuptools                            noarch                           39.2.0-9.el8_10                                            baseos                              630 k
DEBUG util.py:537:   popt                                                  x86_64                           1.18-1.el8                                                 baseos                               60 k
DEBUG util.py:537:   publicsuffix-list-dafsa                               noarch                           20180723-1.el8                                             baseos                               56 k
DEBUG util.py:537:   python-rpm-macros                                     noarch                           3-45.el8                                                   appstream                            15 k
DEBUG util.py:537:   python-srpm-macros                                    noarch                           3-45.el8                                                   appstream                            15 k
DEBUG util.py:537:   python3-libs                                          x86_64                           3.6.8-78.el8_10.alma.1                                     baseos                              7.9 M
DEBUG util.py:537:   python3-pip-wheel                                     noarch                           9.0.3-24.el8                                               baseos                              864 k
DEBUG util.py:537:   python3-rpm-macros                                    noarch                           3-45.el8                                                   appstream                            14 k
DEBUG util.py:537:   python3-setuptools-wheel                              noarch                           39.2.0-9.el8_10                                            baseos                              286 k
DEBUG util.py:537:   qt5-srpm-macros                                       noarch                           5.15.3-1.el8                                               appstream                           9.6 k
DEBUG util.py:537:   readline                                              x86_64                           7.0-10.el8                                                 baseos                              199 k
DEBUG util.py:537:   rpm                                                   x86_64                           4.14.3-32.el8_10                                           baseos                              543 k
DEBUG util.py:537:   rpm-build-libs                                        x86_64                           4.14.3-32.el8_10                                           baseos                              157 k
DEBUG util.py:537:   rpm-libs                                              x86_64                           4.14.3-32.el8_10                                           baseos                              347 k
DEBUG util.py:537:   rust-srpm-macros                                      noarch                           5-2.el8                                                    appstream                           9.1 k
DEBUG util.py:537:   setup                                                 noarch                           2.12.2-9.el8                                               baseos                              180 k
DEBUG util.py:537:   shadow-utils                                          x86_64                           2:4.6-23.el8_10                                            baseos                              1.2 M
DEBUG util.py:537:   sqlite-libs                                           x86_64                           3.26.0-21.el8_10                                           baseos                              580 k
DEBUG util.py:537:   systemd-libs                                          x86_64                           239-82.el8_10.19                                           baseos                              1.1 M
DEBUG util.py:537:   tpm2-tss                                              x86_64                           2.3.2-6.el8                                                baseos                              274 k
DEBUG util.py:537:   tzdata                                                noarch                           2026c-1.el8_10                                             baseos                              549 k
DEBUG util.py:537:   xz-libs                                               x86_64                           5.2.4-4.el8_6                                              baseos                               93 k
DEBUG util.py:537:   zip                                                   x86_64                           3.0-23.el8                                                 baseos                              270 k
DEBUG util.py:537:   zlib                                                  x86_64                           1.2.11-25.el8                                              baseos                              102 k
DEBUG util.py:537:   zstd                                                  x86_64                           1.4.4-1.el8                                                appstream                           395 k
DEBUG util.py:537:  Transaction Summary
DEBUG util.py:537:  =============================================================================================================================================================================================
DEBUG util.py:537:  Install  172 Packages
DEBUG util.py:537:  Total size: 164 M
DEBUG util.py:537:  Total download size: 18 M
DEBUG util.py:537:  Installed size: 814 M
DEBUG util.py:537:  Downloading Packages:
DEBUG util.py:537:  [SKIPPED] almalinux-release-8.10-1.el8.x86_64.rpm: Already downloaded                                                                                                                       
DEBUG util.py:537:  [SKIPPED] audit-libs-3.1.2-1.el8_10.1.x86_64.rpm: Already downloaded                                                                                                                        
DEBUG util.py:537:  [SKIPPED] basesystem-11-5.el8.noarch.rpm: Already downloaded                                                                                                                                
DEBUG util.py:537:  [SKIPPED] bash-4.4.20-6.el8_10.x86_64.rpm: Already downloaded                                                                                                                               
DEBUG util.py:537:  [SKIPPED] binutils-2.30-128.el8_10.x86_64.rpm: Already downloaded                                                                                                                           
DEBUG util.py:537:  [SKIPPED] brotli-1.0.6-4.el8_10.x86_64.rpm: Already downloaded                                                                                                                              
DEBUG util.py:537:  [SKIPPED] bzip2-1.0.6-28.el8_10.x86_64.rpm: Already downloaded                                                                                                                              
DEBUG util.py:537:  [SKIPPED] bzip2-libs-1.0.6-28.el8_10.x86_64.rpm: Already downloaded                                                                                                                         
DEBUG util.py:537:  [SKIPPED] ca-certificates-2025.2.80_v9.0.304-80.2.el8_10.noarch.rpm: Already downloaded                                                                                                     
DEBUG util.py:537:  [SKIPPED] chkconfig-1.19.2-1.el8.x86_64.rpm: Already downloaded                                                                                                                             
DEBUG util.py:537:  [SKIPPED] coreutils-8.30-20.el8_10.x86_64.rpm: Already downloaded                                                                                                                           
DEBUG util.py:537:  [SKIPPED] coreutils-common-8.30-20.el8_10.x86_64.rpm: Already downloaded                                                                                                                    
DEBUG util.py:537:  [SKIPPED] cpio-2.12-11.el8.x86_64.rpm: Already downloaded                                                                                                                                   
DEBUG util.py:537:  [SKIPPED] cpp-8.5.0-28.el8_10.alma.1.x86_64.rpm: Already downloaded                                                                                                                         
DEBUG util.py:537:  [SKIPPED] cracklib-2.9.6-15.el8.x86_64.rpm: Already downloaded                                                                                                                              
DEBUG util.py:537:  [SKIPPED] cracklib-dicts-2.9.6-15.el8.x86_64.rpm: Already downloaded                                                                                                                        
DEBUG util.py:537:  [SKIPPED] crypto-policies-20230731-1.git3177e06.el8.noarch.rpm: Already downloaded                                                                                                          
DEBUG util.py:537:  [SKIPPED] curl-7.61.1-34.el8_10.13.x86_64.rpm: Already downloaded                                                                                                                           
DEBUG util.py:537:  [SKIPPED] cyrus-sasl-lib-2.1.27-6.el8_5.x86_64.rpm: Already downloaded                                                                                                                      
DEBUG util.py:537:  [SKIPPED] diffutils-3.6-6.el8.x86_64.rpm: Already downloaded                                                                                                                                
DEBUG util.py:537:  [SKIPPED] elfutils-0.190-2.el8.alma.1.x86_64.rpm: Already downloaded                                                                                                                        
DEBUG util.py:537:  [SKIPPED] elfutils-default-yama-scope-0.190-2.el8.alma.1.noarch.rpm: Already downloaded                                                                                                     
DEBUG util.py:537:  [SKIPPED] elfutils-libelf-0.190-2.el8.alma.1.x86_64.rpm: Already downloaded                                                                                                                 
DEBUG util.py:537:  [SKIPPED] elfutils-libs-0.190-2.el8.alma.1.x86_64.rpm: Already downloaded                                                                                                                   
DEBUG util.py:537:  [SKIPPED] file-5.33-27.el8_10.x86_64.rpm: Already downloaded                                                                                                                                
DEBUG util.py:537:  [SKIPPED] file-libs-5.33-27.el8_10.x86_64.rpm: Already downloaded                                                                                                                           
DEBUG util.py:537:  [SKIPPED] filesystem-3.8-6.el8.x86_64.rpm: Already downloaded                                                                                                                               
DEBUG util.py:537:  [SKIPPED] findutils-4.6.0-24.el8_10.x86_64.rpm: Already downloaded                                                                                                                          
DEBUG util.py:537:  [SKIPPED] gawk-4.2.1-4.el8.x86_64.rpm: Already downloaded                                                                                                                                   
DEBUG util.py:537:  [SKIPPED] gcc-8.5.0-28.el8_10.alma.1.x86_64.rpm: Already downloaded                                                                                                                         
DEBUG util.py:537:  [SKIPPED] gcc-plugin-annobin-8.5.0-28.el8_10.alma.1.x86_64.rpm: Already downloaded                                                                                                          
DEBUG util.py:537:  [SKIPPED] gdbm-1.18-2.el8.x86_64.rpm: Already downloaded                                                                                                                                    
DEBUG util.py:537:  [SKIPPED] gdbm-libs-1.18-2.el8.x86_64.rpm: Already downloaded                                                                                                                               
DEBUG util.py:537:  [SKIPPED] glibc-2.28-251.el8_10.40.x86_64.rpm: Already downloaded                                                                                                                           
DEBUG util.py:537:  [SKIPPED] glibc-all-langpacks-2.28-251.el8_10.40.x86_64.rpm: Already downloaded                                                                                                             
DEBUG util.py:537:  [SKIPPED] glibc-common-2.28-251.el8_10.40.x86_64.rpm: Already downloaded                                                                                                                    
DEBUG util.py:537:  [SKIPPED] glibc-devel-2.28-251.el8_10.40.x86_64.rpm: Already downloaded                                                                                                                     
DEBUG util.py:537:  [SKIPPED] glibc-gconv-extra-2.28-251.el8_10.40.x86_64.rpm: Already downloaded                                                                                                               
DEBUG util.py:537:  [SKIPPED] glibc-headers-2.28-251.el8_10.40.x86_64.rpm: Already downloaded                                                                                                                   
DEBUG util.py:537:  [SKIPPED] gmp-6.1.2-11.el8.x86_64.rpm: Already downloaded                                                                                                                                   
DEBUG util.py:537:  [SKIPPED] gnupg2-2.2.20-4.el8_10.x86_64.rpm: Already downloaded                                                                                                                             
DEBUG util.py:537:  [SKIPPED] gnutls-3.6.16-8.el8_10.6.x86_64.rpm: Already downloaded                                                                                                                           
DEBUG util.py:537:  [SKIPPED] grep-3.1-6.el8.x86_64.rpm: Already downloaded                                                                                                                                     
DEBUG util.py:537:  [SKIPPED] ima-evm-utils-1.3.2-12.el8.x86_64.rpm: Already downloaded                                                                                                                         
DEBUG util.py:537:  [SKIPPED] info-6.5-7.el8.x86_64.rpm: Already downloaded                                                                                                                                     
DEBUG util.py:537:  [SKIPPED] keyutils-libs-1.5.10-9.el8.x86_64.rpm: Already downloaded                                                                                                                         
DEBUG util.py:537:  [SKIPPED] krb5-libs-1.18.2-34.el8_10.x86_64.rpm: Already downloaded                                                                                                                         
DEBUG util.py:537:  [SKIPPED] libacl-2.4.0-1.el8_10.x86_64.rpm: Already downloaded                                                                                                                              
DEBUG util.py:537:  [SKIPPED] libarchive-3.3.3-7.el8_10.x86_64.rpm: Already downloaded                                                                                                                          
DEBUG util.py:537:  [SKIPPED] libassuan-2.5.1-3.el8.x86_64.rpm: Already downloaded                                                                                                                              
DEBUG util.py:537:  [SKIPPED] libattr-2.6.0-1.el8_10.x86_64.rpm: Already downloaded                                                                                                                             
DEBUG util.py:537:  [SKIPPED] libbabeltrace-1.5.4-4.el8.x86_64.rpm: Already downloaded                                                                                                                          
DEBUG util.py:537:  [SKIPPED] libblkid-2.32.1-48.el8_10.x86_64.rpm: Already downloaded                                                                                                                          
DEBUG util.py:537:  [SKIPPED] libcap-2.48-6.el8_10.1.x86_64.rpm: Already downloaded                                                                                                                             
DEBUG util.py:537:  [SKIPPED] libcap-ng-0.7.11-1.el8.x86_64.rpm: Already downloaded                                                                                                                             
DEBUG util.py:537:  [SKIPPED] libcom_err-1.45.6-7.el8_10.x86_64.rpm: Already downloaded                                                                                                                         
DEBUG util.py:537:  [SKIPPED] libcurl-7.61.1-34.el8_10.13.x86_64.rpm: Already downloaded                                                                                                                        
DEBUG util.py:537:  [SKIPPED] libdb-5.3.28-42.el8_4.x86_64.rpm: Already downloaded                                                                                                                              
DEBUG util.py:537:  [SKIPPED] libdb-utils-5.3.28-42.el8_4.x86_64.rpm: Already downloaded                                                                                                                        
DEBUG util.py:537:  [SKIPPED] libfdisk-2.32.1-48.el8_10.x86_64.rpm: Already downloaded                                                                                                                          
DEBUG util.py:537:  [SKIPPED] libffi-3.1-24.el8.x86_64.rpm: Already downloaded                                                                                                                                  
DEBUG util.py:537:  [SKIPPED] libgcc-8.5.0-28.el8_10.alma.1.x86_64.rpm: Already downloaded                                                                                                                      
DEBUG util.py:537:  [SKIPPED] libgcrypt-1.8.5-8.el8_10.x86_64.rpm: Already downloaded                                                                                                                           
DEBUG util.py:537:  [SKIPPED] libgomp-8.5.0-28.el8_10.alma.1.x86_64.rpm: Already downloaded                                                                                                                     
DEBUG util.py:537:  [SKIPPED] libgpg-error-1.31-1.el8.x86_64.rpm: Already downloaded                                                                                                                            
DEBUG util.py:537:  [SKIPPED] libidn2-2.2.0-1.el8.x86_64.rpm: Already downloaded                                                                                                                                
DEBUG util.py:537:  [SKIPPED] libksba-1.3.5-9.el8_7.x86_64.rpm: Already downloaded                                                                                                                              
DEBUG util.py:537:  [SKIPPED] libmount-2.32.1-48.el8_10.x86_64.rpm: Already downloaded                                                                                                                          
DEBUG util.py:537:  [SKIPPED] libnghttp2-1.33.0-6.el8_10.3.x86_64.rpm: Already downloaded                                                                                                                       
DEBUG util.py:537:  [SKIPPED] libnsl2-1.2.0-2.20180605git4a062cf.el8.x86_64.rpm: Already downloaded                                                                                                             
DEBUG util.py:537:  [SKIPPED] libpkgconf-1.4.2-1.el8.x86_64.rpm: Already downloaded                                                                                                                             
DEBUG util.py:537:  [SKIPPED] libpsl-0.20.2-6.el8.x86_64.rpm: Already downloaded                                                                                                                                
DEBUG util.py:537:  [SKIPPED] libpwquality-1.4.4-6.el8.x86_64.rpm: Already downloaded                                                                                                                           
DEBUG util.py:537:  [SKIPPED] libselinux-2.9-11.el8_10.x86_64.rpm: Already downloaded                                                                                                                           
DEBUG util.py:537:  [SKIPPED] libsemanage-2.9-12.el8_10.x86_64.rpm: Already downloaded                                                                                                                          
DEBUG util.py:537:  [SKIPPED] libsepol-2.9-3.el8.x86_64.rpm: Already downloaded                                                                                                                                 
DEBUG util.py:537:  [SKIPPED] libsigsegv-2.11-5.el8.x86_64.rpm: Already downloaded                                                                                                                              
DEBUG util.py:537:  [SKIPPED] libsmartcols-2.32.1-48.el8_10.x86_64.rpm: Already downloaded                                                                                                                      
DEBUG util.py:537:  [SKIPPED] libstdc++-8.5.0-28.el8_10.alma.1.x86_64.rpm: Already downloaded                                                                                                                   
DEBUG util.py:537:  [SKIPPED] libtasn1-4.13-6.el8_10.x86_64.rpm: Already downloaded                                                                                                                             
DEBUG util.py:537:  [SKIPPED] libtirpc-1.1.4-12.el8_10.x86_64.rpm: Already downloaded                                                                                                                           
DEBUG util.py:537:  [SKIPPED] libtool-ltdl-2.4.6-25.el8.x86_64.rpm: Already downloaded                                                                                                                          
DEBUG util.py:537:  [SKIPPED] libunistring-0.9.9-3.el8.x86_64.rpm: Already downloaded                                                                                                                           
DEBUG util.py:537:  [SKIPPED] libusbx-1.0.30-1.el8_10.x86_64.rpm: Already downloaded                                                                                                                            
DEBUG util.py:537:  [SKIPPED] libutempter-1.1.6-14.el8.x86_64.rpm: Already downloaded                                                                                                                           
DEBUG util.py:537:  [SKIPPED] libuuid-2.32.1-48.el8_10.x86_64.rpm: Already downloaded                                                                                                                           
DEBUG util.py:537:  [SKIPPED] libverto-0.3.2-2.el8.x86_64.rpm: Already downloaded                                                                                                                               
DEBUG util.py:537:  [SKIPPED] libxcrypt-4.1.1-6.el8.x86_64.rpm: Already downloaded                                                                                                                              
DEBUG util.py:537:  [SKIPPED] libxcrypt-devel-4.1.1-6.el8.x86_64.rpm: Already downloaded                                                                                                                        
DEBUG util.py:537:  [SKIPPED] libzstd-1.4.4-1.el8.x86_64.rpm: Already downloaded                                                                                                                                
DEBUG util.py:537:  [SKIPPED] lua-libs-5.3.4-12.el8.x86_64.rpm: Already downloaded                                                                                                                              
DEBUG util.py:537:  [SKIPPED] lz4-libs-1.8.3-5.el8_10.x86_64.rpm: Already downloaded                                                                                                                            
DEBUG util.py:537:  [SKIPPED] make-4.2.1-11.el8.x86_64.rpm: Already downloaded                                                                                                                                  
DEBUG util.py:537:  [SKIPPED] mpfr-3.1.6-1.el8.x86_64.rpm: Already downloaded                                                                                                                                   
DEBUG util.py:537:  [SKIPPED] ncurses-6.1-10.20180224.el8.x86_64.rpm: Already downloaded                                                                                                                        
DEBUG util.py:537:  [SKIPPED] ncurses-base-6.1-10.20180224.el8.noarch.rpm: Already downloaded                                                                                                                   
DEBUG util.py:537:  [SKIPPED] ncurses-libs-6.1-10.20180224.el8.x86_64.rpm: Already downloaded                                                                                                                   
DEBUG util.py:537:  [SKIPPED] nettle-3.4.1-7.el8.x86_64.rpm: Already downloaded                                                                                                                                 
DEBUG util.py:537:  [SKIPPED] npth-1.5-4.el8.x86_64.rpm: Already downloaded                                                                                                                                     
DEBUG util.py:537:  [SKIPPED] openldap-2.4.46-21.el8_10.x86_64.rpm: Already downloaded                                                                                                                          
DEBUG util.py:537:  [SKIPPED] openssl-libs-1.1.1k-17.el8_6.x86_64.rpm: Already downloaded                                                                                                                       
DEBUG util.py:537:  [SKIPPED] p11-kit-0.23.22-2.el8.x86_64.rpm: Already downloaded                                                                                                                              
DEBUG util.py:537:  [SKIPPED] p11-kit-trust-0.23.22-2.el8.x86_64.rpm: Already downloaded                                                                                                                        
DEBUG util.py:537:  [SKIPPED] pam-1.3.1-40.el8_10.x86_64.rpm: Already downloaded                                                                                                                                
DEBUG util.py:537:  [SKIPPED] patch-2.7.6-11.el8.x86_64.rpm: Already downloaded                                                                                                                                 
DEBUG util.py:537:  [SKIPPED] pcre-8.42-6.el8.x86_64.rpm: Already downloaded                                                                                                                                    
DEBUG util.py:537:  [SKIPPED] pcre2-10.32-3.el8_6.x86_64.rpm: Already downloaded                                                                                                                                
DEBUG util.py:537:  [SKIPPED] pkgconf-1.4.2-1.el8.x86_64.rpm: Already downloaded                                                                                                                                
DEBUG util.py:537:  [SKIPPED] pkgconf-m4-1.4.2-1.el8.noarch.rpm: Already downloaded                                                                                                                             
DEBUG util.py:537:  [SKIPPED] pkgconf-pkg-config-1.4.2-1.el8.x86_64.rpm: Already downloaded                                                                                                                     
DEBUG util.py:537:  [SKIPPED] platform-python-3.6.8-78.el8_10.alma.1.x86_64.rpm: Already downloaded                                                                                                             
DEBUG util.py:537:  [SKIPPED] platform-python-setuptools-39.2.0-9.el8_10.noarch.rpm: Already downloaded                                                                                                         
DEBUG util.py:537:  [SKIPPED] popt-1.18-1.el8.x86_64.rpm: Already downloaded                                                                                                                                    
DEBUG util.py:537:  [SKIPPED] publicsuffix-list-dafsa-20180723-1.el8.noarch.rpm: Already downloaded                                                                                                             
DEBUG util.py:537:  [SKIPPED] python3-libs-3.6.8-78.el8_10.alma.1.x86_64.rpm: Already downloaded                                                                                                                
DEBUG util.py:537:  [SKIPPED] python3-pip-wheel-9.0.3-24.el8.noarch.rpm: Already downloaded                                                                                                                     
DEBUG util.py:537:  [SKIPPED] python3-setuptools-wheel-39.2.0-9.el8_10.noarch.rpm: Already downloaded                                                                                                           
DEBUG util.py:537:  [SKIPPED] readline-7.0-10.el8.x86_64.rpm: Already downloaded                                                                                                                                
DEBUG util.py:537:  [SKIPPED] rpm-4.14.3-32.el8_10.x86_64.rpm: Already downloaded                                                                                                                               
DEBUG util.py:537:  [SKIPPED] rpm-build-libs-4.14.3-32.el8_10.x86_64.rpm: Already downloaded                                                                                                                    
DEBUG util.py:537:  [SKIPPED] rpm-libs-4.14.3-32.el8_10.x86_64.rpm: Already downloaded                                                                                                                          
DEBUG util.py:537:  [SKIPPED] sed-4.5-5.el8_10.x86_64.rpm: Already downloaded                                                                                                                                   
DEBUG util.py:537:  [SKIPPED] setup-2.12.2-9.el8.noarch.rpm: Already downloaded                                                                                                                                 
DEBUG util.py:537:  [SKIPPED] shadow-utils-4.6-23.el8_10.x86_64.rpm: Already downloaded                                                                                                                         
DEBUG util.py:537:  [SKIPPED] sqlite-libs-3.26.0-21.el8_10.x86_64.rpm: Already downloaded                                                                                                                       
DEBUG util.py:537:  [SKIPPED] tar-1.30-11.el8_10.x86_64.rpm: Already downloaded                                                                                                                                 
DEBUG util.py:537:  [SKIPPED] tpm2-tss-2.3.2-6.el8.x86_64.rpm: Already downloaded                                                                                                                               
DEBUG util.py:537:  [SKIPPED] tzdata-2026c-1.el8_10.noarch.rpm: Already downloaded                                                                                                                              
DEBUG util.py:537:  [SKIPPED] unzip-6.0-48.el8_10.x86_64.rpm: Already downloaded                                                                                                                                
DEBUG util.py:537:  [SKIPPED] util-linux-2.32.1-48.el8_10.x86_64.rpm: Already downloaded                                                                                                                        
DEBUG util.py:537:  [SKIPPED] which-2.21-21.el8_10.x86_64.rpm: Already downloaded                                                                                                                               
DEBUG util.py:537:  [SKIPPED] xz-5.2.4-4.el8_6.x86_64.rpm: Already downloaded                                                                                                                                   
DEBUG util.py:537:  [SKIPPED] xz-libs-5.2.4-4.el8_6.x86_64.rpm: Already downloaded                                                                                                                              
DEBUG util.py:537:  [SKIPPED] zip-3.0-23.el8.x86_64.rpm: Already downloaded                                                                                                                                     
DEBUG util.py:537:  [SKIPPED] zlib-1.2.11-25.el8.x86_64.rpm: Already downloaded                                                                                                                                 
DEBUG util.py:537:  [SKIPPED] dwz-0.12-10.el8.x86_64.rpm: Already downloaded                                                                                                                                    
DEBUG util.py:537:  [SKIPPED] efi-srpm-macros-3-3.el8.noarch.rpm: Already downloaded                                                                                                                            
DEBUG util.py:537:  [SKIPPED] gc-7.6.4-3.el8.x86_64.rpm: Already downloaded                                                                                                                                     
DEBUG util.py:537:  [SKIPPED] gcc-c++-8.5.0-28.el8_10.alma.1.x86_64.rpm: Already downloaded                                                                                                                     
DEBUG util.py:537:  [SKIPPED] gdb-headless-8.2-20.el8.x86_64.rpm: Already downloaded                                                                                                                            
DEBUG util.py:537:  [SKIPPED] ghc-srpm-macros-1.4.2-7.el8.noarch.rpm: Already downloaded                                                                                                                        
DEBUG util.py:537:  [SKIPPED] go-srpm-macros-2-17.el8.noarch.rpm: Already downloaded                                                                                                                            
DEBUG util.py:537:  [SKIPPED] guile-2.0.14-7.el8.x86_64.rpm: Already downloaded                                                                                                                                 
DEBUG util.py:537:  [SKIPPED] isl-0.16.1-6.el8.x86_64.rpm: Already downloaded                                                                                                                                   
DEBUG util.py:537:  [SKIPPED] libatomic_ops-7.6.2-3.el8.x86_64.rpm: Already downloaded                                                                                                                          
DEBUG util.py:537:  [SKIPPED] libipt-1.6.1-8.el8.x86_64.rpm: Already downloaded                                                                                                                                 
DEBUG util.py:537:  [SKIPPED] libmpc-1.1.0-9.1.el8.x86_64.rpm: Already downloaded                                                                                                                               
DEBUG util.py:537:  [SKIPPED] libstdc++-devel-8.5.0-28.el8_10.alma.1.x86_64.rpm: Already downloaded                                                                                                             
DEBUG util.py:537:  [SKIPPED] ocaml-srpm-macros-5-4.el8.noarch.rpm: Already downloaded                                                                                                                          
DEBUG util.py:537:  [SKIPPED] openblas-srpm-macros-2-2.el8.noarch.rpm: Already downloaded                                                                                                                       
DEBUG util.py:537:  [SKIPPED] perl-srpm-macros-1-25.el8.noarch.rpm: Already downloaded                                                                                                                          
DEBUG util.py:537:  [SKIPPED] python-rpm-macros-3-45.el8.noarch.rpm: Already downloaded                                                                                                                         
DEBUG util.py:537:  [SKIPPED] python-srpm-macros-3-45.el8.noarch.rpm: Already downloaded                                                                                                                        
DEBUG util.py:537:  [SKIPPED] python3-rpm-macros-3-45.el8.noarch.rpm: Already downloaded                                                                                                                        
DEBUG util.py:537:  [SKIPPED] qt5-srpm-macros-5.15.3-1.el8.noarch.rpm: Already downloaded                                                                                                                       
DEBUG util.py:537:  [SKIPPED] redhat-rpm-config-131-1.el8.alma.noarch.rpm: Already downloaded                                                                                                                   
DEBUG util.py:537:  [SKIPPED] rpm-build-4.14.3-32.el8_10.x86_64.rpm: Already downloaded                                                                                                                         
DEBUG util.py:537:  [SKIPPED] rust-srpm-macros-5-2.el8.noarch.rpm: Already downloaded                                                                                                                           
DEBUG util.py:537:  [SKIPPED] zstd-1.4.4-1.el8.x86_64.rpm: Already downloaded                                                                                                                                   
DEBUG util.py:537:  [SKIPPED] ansible-srpm-macros-1-12.el8.noarch.rpm: Already downloaded                                                                                                                       
DEBUG util.py:537:  [SKIPPED] epel-rpm-macros-8-43.noarch.rpm: Already downloaded                                                                                                                               
DEBUG util.py:537:  [SKIPPED] fpc-srpm-macros-1.3-1.el8.noarch.rpm: Already downloaded                                                                                                                          
DEBUG util.py:537:  [SKIPPED] lua-srpm-macros-1-13.el8.noarch.rpm: Already downloaded                                                                                                                           
DEBUG util.py:537:  (164/172): expat-2.5.0-2.el8_10.2.x86_64.rpm                                                                                                                 182 kB/s | 133 kB     00:00    
DEBUG util.py:537:  (165/172): gzip-1.9-15.el8_10.x86_64.rpm                                                                                                                     696 kB/s | 166 kB     00:00    
DEBUG util.py:537:  (166/172): annobin-13.27-1.el8_10.x86_64.rpm                                                                                                                 698 kB/s | 793 kB     00:01    
DEBUG util.py:537:  (167/172): libssh-0.9.6-17.el8_10.x86_64.rpm                                                                                                                 1.6 MB/s | 220 kB     00:00    
DEBUG util.py:537:  (168/172): libssh-config-0.9.6-17.el8_10.noarch.rpm                                                                                                          209 kB/s |  20 kB     00:00    
DEBUG util.py:537:  (169/172): glib2-2.56.4-178.el8_10.x86_64.rpm                                                                                                                1.6 MB/s | 2.5 MB     00:01    
DEBUG util.py:537:  (170/172): libxml2-2.9.7-21.el8_10.7.x86_64.rpm                                                                                                              2.3 MB/s | 698 kB     00:00    
DEBUG util.py:537:  (171/172): systemd-libs-239-82.el8_10.19.x86_64.rpm                                                                                                          3.9 MB/s | 1.1 MB     00:00    
DEBUG util.py:537:  (172/172): kernel-headers-4.18.0-553.164.1.el8_10.x86_64.rpm                                                                                                 2.5 MB/s |  12 MB     00:04    
DEBUG util.py:537:  ---------------------------------------------------------------------------------------------------------------------------------------------------------------------------------------------
DEBUG util.py:537:  Total                                                                                                                                                        2.8 MB/s |  18 MB     00:06     
DEBUG util.py:535:  warning: Generating 18 missing index(es), please wait...
DEBUG util.py:537:  AlmaLinux 8 - BaseOS                                                                                                                                         4.9 MB/s | 5.0 kB     00:00    
DEBUG util.py:535:  Importing GPG key 0xC21AD6EA:
DEBUG util.py:535:   Userid     : "AlmaLinux <packager@almalinux.org>"
DEBUG util.py:535:   Fingerprint: E53C F5EF 91CE B0AD 1812 ECB8 51D6 647E C21A D6EA
DEBUG util.py:535:   From       : /usr/share/distribution-gpg-keys/alma/RPM-GPG-KEY-AlmaLinux-8
DEBUG util.py:537:  Key imported successfully
DEBUG util.py:535:  Importing GPG key 0xCED7258B:
DEBUG util.py:535:   Userid     : "AlmaLinux OS 8 <packager@almalinux.org>"
DEBUG util.py:535:   Fingerprint: BC5E DDCA DF50 2C07 7F15 8288 2AE8 1E8A CED7 258B
DEBUG util.py:535:   From       : /usr/share/distribution-gpg-keys/alma/RPM-GPG-KEY-AlmaLinux-8
DEBUG util.py:537:  Key imported successfully
DEBUG util.py:537:  Extra Packages for Enterprise Linux 8 - x86_64                                                                                                               1.6 MB/s | 1.6 kB     00:00    
DEBUG util.py:535:  Importing GPG key 0x2F86D6A1:
DEBUG util.py:535:   Userid     : "Fedora EPEL (8) <epel@fedoraproject.org>"
DEBUG util.py:535:   Fingerprint: 94E2 79EB 8D8F 25B2 1810 ADF1 21EA 45AB 2F86 D6A1
DEBUG util.py:535:   From       : /usr/share/distribution-gpg-keys/epel/RPM-GPG-KEY-EPEL-8
DEBUG util.py:537:  Key imported successfully
DEBUG util.py:537:  Running transaction check
DEBUG util.py:537:  Transaction check succeeded.
DEBUG util.py:537:  Running transaction test
DEBUG util.py:537:  Transaction test succeeded.
DEBUG util.py:537:  Running transaction
DEBUG util.py:537:    Running scriptlet: filesystem-3.8-6.el8.x86_64                                                                                                                                         1/1 
DEBUG util.py:537:    Preparing        :                                                                                                                                                                     1/1 
DEBUG util.py:537:    Installing       : libgcc-8.5.0-28.el8_10.alma.1.x86_64                                                                                                                              1/172 
DEBUG util.py:537:    Running scriptlet: libgcc-8.5.0-28.el8_10.alma.1.x86_64                                                                                                                              1/172 
DEBUG util.py:537:    Installing       : python-srpm-macros-3-45.el8.noarch                                                                                                                                2/172 
DEBUG util.py:537:    Installing       : crypto-policies-20230731-1.git3177e06.el8.noarch                                                                                                                  3/172 
DEBUG util.py:537:    Running scriptlet: crypto-policies-20230731-1.git3177e06.el8.noarch                                                                                                                  3/172 
DEBUG util.py:537:    Installing       : python-rpm-macros-3-45.el8.noarch                                                                                                                                 4/172 
DEBUG util.py:537:    Installing       : python3-setuptools-wheel-39.2.0-9.el8_10.noarch                                                                                                                   5/172 
DEBUG util.py:537:    Installing       : python3-pip-wheel-9.0.3-24.el8.noarch                                                                                                                             6/172 
DEBUG util.py:537:    Installing       : almalinux-release-8.10-1.el8.x86_64                                                                                                                               7/172 
DEBUG util.py:537:    Installing       : setup-2.12.2-9.el8.noarch                                                                                                                                         8/172 
DEBUG util.py:537:  warning: /etc/hosts created as /etc/hosts.rpmnew
DEBUG util.py:537:    Running scriptlet: setup-2.12.2-9.el8.noarch                                                                                                                                         8/172 
DEBUG util.py:537:    Installing       : filesystem-3.8-6.el8.x86_64                                                                                                                                       9/172 
DEBUG util.py:537:    Installing       : basesystem-11-5.el8.noarch                                                                                                                                       10/172 
DEBUG util.py:537:    Installing       : python3-rpm-macros-3-45.el8.noarch                                                                                                                               11/172 
DEBUG util.py:537:    Installing       : fpc-srpm-macros-1.3-1.el8.noarch                                                                                                                                 12/172 
DEBUG util.py:537:    Installing       : ansible-srpm-macros-1-12.el8.noarch                                                                                                                              13/172 
DEBUG util.py:537:    Installing       : rust-srpm-macros-5-2.el8.noarch                                                                                                                                  14/172 
DEBUG util.py:537:    Installing       : qt5-srpm-macros-5.15.3-1.el8.noarch                                                                                                                              15/172 
DEBUG util.py:537:    Installing       : perl-srpm-macros-1-25.el8.noarch                                                                                                                                 16/172 
DEBUG util.py:537:    Installing       : openblas-srpm-macros-2-2.el8.noarch                                                                                                                              17/172 
DEBUG util.py:537:    Installing       : ocaml-srpm-macros-5-4.el8.noarch                                                                                                                                 18/172 
DEBUG util.py:537:    Installing       : go-srpm-macros-2-17.el8.noarch                                                                                                                                   19/172 
DEBUG util.py:537:    Installing       : ghc-srpm-macros-1.4.2-7.el8.noarch                                                                                                                               20/172 
DEBUG util.py:537:    Installing       : tzdata-2026c-1.el8_10.noarch                                                                                                                                     21/172 
DEBUG util.py:537:    Installing       : publicsuffix-list-dafsa-20180723-1.el8.noarch                                                                                                                    22/172 
DEBUG util.py:537:    Installing       : pkgconf-m4-1.4.2-1.el8.noarch                                                                                                                                    23/172 
DEBUG util.py:537:    Installing       : ncurses-base-6.1-10.20180224.el8.noarch                                                                                                                          24/172 
DEBUG util.py:537:    Installing       : pcre2-10.32-3.el8_6.x86_64                                                                                                                                       25/172 
DEBUG util.py:537:    Installing       : libselinux-2.9-11.el8_10.x86_64                                                                                                                                  26/172 
DEBUG util.py:537:    Installing       : glibc-all-langpacks-2.28-251.el8_10.40.x86_64                                                                                                                    27/172 
DEBUG util.py:537:    Installing       : ncurses-libs-6.1-10.20180224.el8.x86_64                                                                                                                          28/172 
DEBUG util.py:537:    Installing       : glibc-gconv-extra-2.28-251.el8_10.40.x86_64                                                                                                                      29/172 
DEBUG util.py:537:    Running scriptlet: glibc-gconv-extra-2.28-251.el8_10.40.x86_64                                                                                                                      29/172 
DEBUG util.py:537:    Installing       : glibc-common-2.28-251.el8_10.40.x86_64                                                                                                                           30/172 
DEBUG util.py:537:    Running scriptlet: glibc-2.28-251.el8_10.40.x86_64                                                                                                                                  31/172 
DEBUG util.py:537:    Installing       : glibc-2.28-251.el8_10.40.x86_64                                                                                                                                  31/172 
DEBUG util.py:537:    Running scriptlet: glibc-2.28-251.el8_10.40.x86_64                                                                                                                                  31/172 
DEBUG util.py:537:    Installing       : bash-4.4.20-6.el8_10.x86_64                                                                                                                                      32/172 
DEBUG util.py:537:    Running scriptlet: bash-4.4.20-6.el8_10.x86_64                                                                                                                                      32/172 
DEBUG util.py:537:    Installing       : libsepol-2.9-3.el8.x86_64                                                                                                                                        33/172 
DEBUG util.py:537:    Running scriptlet: libsepol-2.9-3.el8.x86_64                                                                                                                                        33/172 
DEBUG util.py:537:    Installing       : zlib-1.2.11-25.el8.x86_64                                                                                                                                        34/172 
DEBUG util.py:537:    Installing       : info-6.5-7.el8.x86_64                                                                                                                                            35/172 
DEBUG util.py:537:    Installing       : bzip2-libs-1.0.6-28.el8_10.x86_64                                                                                                                                36/172 
DEBUG util.py:537:    Installing       : xz-libs-5.2.4-4.el8_6.x86_64                                                                                                                                     37/172 
DEBUG util.py:537:    Installing       : gmp-1:6.1.2-11.el8.x86_64                                                                                                                                        38/172 
DEBUG util.py:537:    Running scriptlet: gmp-1:6.1.2-11.el8.x86_64                                                                                                                                        38/172 
DEBUG util.py:537:    Installing       : libacl-2.4.0-1.el8_10.x86_64                                                                                                                                     39/172 
DEBUG util.py:537:    Installing       : libstdc++-8.5.0-28.el8_10.alma.1.x86_64                                                                                                                          40/172 
DEBUG util.py:537:    Running scriptlet: libstdc++-8.5.0-28.el8_10.alma.1.x86_64                                                                                                                          40/172 
DEBUG util.py:537:    Installing       : libxcrypt-4.1.1-6.el8.x86_64                                                                                                                                     41/172 
DEBUG util.py:537:    Installing       : libzstd-1.4.4-1.el8.x86_64                                                                                                                                       42/172 
DEBUG util.py:537:    Installing       : elfutils-libelf-0.190-2.el8.alma.1.x86_64                                                                                                                        43/172 
DEBUG util.py:537:    Installing       : mpfr-3.1.6-1.el8.x86_64                                                                                                                                          44/172 
DEBUG util.py:537:    Running scriptlet: mpfr-3.1.6-1.el8.x86_64                                                                                                                                          44/172 
DEBUG util.py:537:    Installing       : readline-7.0-10.el8.x86_64                                                                                                                                       45/172 
DEBUG util.py:537:    Running scriptlet: readline-7.0-10.el8.x86_64                                                                                                                                       45/172 
DEBUG util.py:537:    Installing       : sqlite-libs-3.26.0-21.el8_10.x86_64                                                                                                                              46/172 
DEBUG util.py:537:    Installing       : libcap-2.48-6.el8_10.1.x86_64                                                                                                                                    47/172 
DEBUG util.py:537:    Installing       : popt-1.18-1.el8.x86_64                                                                                                                                           48/172 
DEBUG util.py:537:    Installing       : sed-4.5-5.el8_10.x86_64                                                                                                                                          49/172 
DEBUG util.py:537:    Running scriptlet: sed-4.5-5.el8_10.x86_64                                                                                                                                          49/172 
DEBUG util.py:537:    Installing       : libcom_err-1.45.6-7.el8_10.x86_64                                                                                                                                50/172 
DEBUG util.py:537:    Running scriptlet: libcom_err-1.45.6-7.el8_10.x86_64                                                                                                                                50/172 
DEBUG util.py:537:    Installing       : libuuid-2.32.1-48.el8_10.x86_64                                                                                                                                  51/172 
DEBUG util.py:537:    Running scriptlet: libuuid-2.32.1-48.el8_10.x86_64                                                                                                                                  51/172 
DEBUG util.py:537:    Installing       : chkconfig-1.19.2-1.el8.x86_64                                                                                                                                    52/172 
DEBUG util.py:537:    Installing       : libunistring-0.9.9-3.el8.x86_64                                                                                                                                  53/172 
DEBUG util.py:537:    Installing       : libffi-3.1-24.el8.x86_64                                                                                                                                         54/172 
DEBUG util.py:537:    Installing       : libgpg-error-1.31-1.el8.x86_64                                                                                                                                   55/172 
DEBUG util.py:537:    Installing       : lua-libs-5.3.4-12.el8.x86_64                                                                                                                                     56/172 
DEBUG util.py:537:    Installing       : p11-kit-0.23.22-2.el8.x86_64                                                                                                                                     57/172 
DEBUG util.py:537:    Installing       : libidn2-2.2.0-1.el8.x86_64                                                                                                                                       58/172 
DEBUG util.py:537:    Installing       : libmpc-1.1.0-9.1.el8.x86_64                                                                                                                                      59/172 
DEBUG util.py:537:    Installing       : file-libs-5.33-27.el8_10.x86_64                                                                                                                                  60/172 
DEBUG util.py:537:    Installing       : libattr-2.6.0-1.el8_10.x86_64                                                                                                                                    61/172 
DEBUG util.py:537:    Installing       : file-5.33-27.el8_10.x86_64                                                                                                                                       62/172 
DEBUG util.py:537:    Installing       : libgcrypt-1.8.5-8.el8_10.x86_64                                                                                                                                  63/172 
DEBUG util.py:537:    Running scriptlet: libgcrypt-1.8.5-8.el8_10.x86_64                                                                                                                                  63/172 
DEBUG util.py:537:    Installing       : unzip-6.0-48.el8_10.x86_64                                                                                                                                       64/172 
DEBUG util.py:537:    Installing       : findutils-1:4.6.0-24.el8_10.x86_64                                                                                                                               65/172 
DEBUG util.py:537:    Running scriptlet: findutils-1:4.6.0-24.el8_10.x86_64                                                                                                                               65/172 
DEBUG util.py:537:    Installing       : elfutils-default-yama-scope-0.190-2.el8.alma.1.noarch                                                                                                            66/172 
DEBUG util.py:537:    Running scriptlet: elfutils-default-yama-scope-0.190-2.el8.alma.1.noarch                                                                                                            66/172 
DEBUG util.py:537:    Installing       : elfutils-libs-0.190-2.el8.alma.1.x86_64                                                                                                                          67/172 
DEBUG util.py:537:    Installing       : expat-2.5.0-2.el8_10.2.x86_64                                                                                                                                    68/172 
DEBUG util.py:537:    Installing       : gdbm-libs-1:1.18-2.el8.x86_64                                                                                                                                    69/172 
DEBUG util.py:537:    Installing       : keyutils-libs-1.5.10-9.el8.x86_64                                                                                                                                70/172 
DEBUG util.py:537:    Installing       : libcap-ng-0.7.11-1.el8.x86_64                                                                                                                                    71/172 
DEBUG util.py:537:    Installing       : audit-libs-3.1.2-1.el8_10.1.x86_64                                                                                                                               72/172 
DEBUG util.py:537:    Installing       : libtasn1-4.13-6.el8_10.x86_64                                                                                                                                    73/172 
DEBUG util.py:537:    Running scriptlet: libtasn1-4.13-6.el8_10.x86_64                                                                                                                                    73/172 
DEBUG util.py:537:    Installing       : p11-kit-trust-0.23.22-2.el8.x86_64                                                                                                                               74/172 
DEBUG util.py:537:    Running scriptlet: p11-kit-trust-0.23.22-2.el8.x86_64                                                                                                                               74/172 
DEBUG util.py:537:    Installing       : lz4-libs-1.8.3-5.el8_10.x86_64                                                                                                                                   75/172 
DEBUG util.py:537:    Installing       : pcre-8.42-6.el8.x86_64                                                                                                                                           76/172 
DEBUG util.py:537:    Installing       : grep-3.1-6.el8.x86_64                                                                                                                                            77/172 
DEBUG util.py:537:    Running scriptlet: grep-3.1-6.el8.x86_64                                                                                                                                            77/172 
DEBUG util.py:537:    Installing       : xz-5.2.4-4.el8_6.x86_64                                                                                                                                          78/172 
DEBUG util.py:537:    Installing       : libsemanage-2.9-12.el8_10.x86_64                                                                                                                                 79/172 
DEBUG util.py:537:    Installing       : gdbm-1:1.18-2.el8.x86_64                                                                                                                                         80/172 
DEBUG util.py:537:    Installing       : elfutils-0.190-2.el8.alma.1.x86_64                                                                                                                               81/172 
DEBUG util.py:537:    Installing       : zip-3.0-23.el8.x86_64                                                                                                                                            82/172 
DEBUG util.py:537:    Installing       : patch-2.7.6-11.el8.x86_64                                                                                                                                        83/172 
DEBUG util.py:537:    Installing       : cpp-8.5.0-28.el8_10.alma.1.x86_64                                                                                                                                84/172 
DEBUG util.py:537:    Running scriptlet: cpp-8.5.0-28.el8_10.alma.1.x86_64                                                                                                                                84/172 
DEBUG util.py:537:    Installing       : libpsl-0.20.2-6.el8.x86_64                                                                                                                                       85/172 
DEBUG util.py:537:    Installing       : libassuan-2.5.1-3.el8.x86_64                                                                                                                                     86/172 
DEBUG util.py:537:    Installing       : libksba-1.3.5-9.el8_7.x86_64                                                                                                                                     87/172 
DEBUG util.py:537:    Installing       : dwz-0.12-10.el8.x86_64                                                                                                                                           88/172 
DEBUG util.py:537:    Installing       : libstdc++-devel-8.5.0-28.el8_10.alma.1.x86_64                                                                                                                    89/172 
DEBUG util.py:537:    Installing       : zstd-1.4.4-1.el8.x86_64                                                                                                                                          90/172 
DEBUG util.py:537:    Installing       : tar-2:1.30-11.el8_10.x86_64                                                                                                                                      91/172 
DEBUG util.py:537:    Running scriptlet: tar-2:1.30-11.el8_10.x86_64                                                                                                                                      91/172 
DEBUG util.py:537:    Installing       : nettle-3.4.1-7.el8.x86_64                                                                                                                                        92/172 
DEBUG util.py:537:    Running scriptlet: nettle-3.4.1-7.el8.x86_64                                                                                                                                        92/172 
DEBUG util.py:537:    Installing       : gnutls-3.6.16-8.el8_10.6.x86_64                                                                                                                                  93/172 
DEBUG util.py:537:    Installing       : isl-0.16.1-6.el8.x86_64                                                                                                                                          94/172 
DEBUG util.py:537:    Running scriptlet: isl-0.16.1-6.el8.x86_64                                                                                                                                          94/172 
DEBUG util.py:537:    Installing       : libxml2-2.9.7-21.el8_10.7.x86_64                                                                                                                                 95/172 
DEBUG util.py:537:    Installing       : bzip2-1.0.6-28.el8_10.x86_64                                                                                                                                     96/172 
DEBUG util.py:537:    Installing       : coreutils-common-8.30-20.el8_10.x86_64                                                                                                                           97/172 
DEBUG util.py:537:    Running scriptlet: coreutils-common-8.30-20.el8_10.x86_64                                                                                                                           97/172 
DEBUG util.py:537:    Installing       : diffutils-3.6-6.el8.x86_64                                                                                                                                       98/172 
DEBUG util.py:537:    Running scriptlet: diffutils-3.6-6.el8.x86_64                                                                                                                                       98/172 
DEBUG util.py:537:    Installing       : libgomp-8.5.0-28.el8_10.alma.1.x86_64                                                                                                                            99/172 
DEBUG util.py:537:    Running scriptlet: libgomp-8.5.0-28.el8_10.alma.1.x86_64                                                                                                                            99/172 
DEBUG util.py:537:    Installing       : brotli-1.0.6-4.el8_10.x86_64                                                                                                                                    100/172 
DEBUG util.py:537:    Installing       : cpio-2.12-11.el8.x86_64                                                                                                                                         101/172 
DEBUG util.py:537:    Installing       : libnghttp2-1.33.0-6.el8_10.3.x86_64                                                                                                                             102/172 
DEBUG util.py:537:    Installing       : libpkgconf-1.4.2-1.el8.x86_64                                                                                                                                   103/172 
DEBUG util.py:537:    Installing       : pkgconf-1.4.2-1.el8.x86_64                                                                                                                                      104/172 
DEBUG util.py:537:    Installing       : pkgconf-pkg-config-1.4.2-1.el8.x86_64                                                                                                                           105/172 
DEBUG util.py:537:    Installing       : libsigsegv-2.11-5.el8.x86_64                                                                                                                                    106/172 
DEBUG util.py:537:    Installing       : gawk-4.2.1-4.el8.x86_64                                                                                                                                         107/172 
DEBUG util.py:537:    Installing       : libsmartcols-2.32.1-48.el8_10.x86_64                                                                                                                            108/172 
DEBUG util.py:537:    Running scriptlet: libsmartcols-2.32.1-48.el8_10.x86_64                                                                                                                            108/172 
DEBUG util.py:537:    Installing       : libtool-ltdl-2.4.6-25.el8.x86_64                                                                                                                                109/172 
DEBUG util.py:537:    Running scriptlet: libtool-ltdl-2.4.6-25.el8.x86_64                                                                                                                                109/172 
DEBUG util.py:537:    Installing       : libverto-0.3.2-2.el8.x86_64                                                                                                                                     110/172 
DEBUG util.py:537:    Installing       : ncurses-6.1-10.20180224.el8.x86_64                                                                                                                              111/172 
DEBUG util.py:537:    Installing       : openssl-libs-1:1.1.1k-17.el8_6.x86_64                                                                                                                           112/172 
DEBUG util.py:537:    Running scriptlet: openssl-libs-1:1.1.1k-17.el8_6.x86_64                                                                                                                           112/172 
DEBUG util.py:537:    Installing       : coreutils-8.30-20.el8_10.x86_64                                                                                                                                 113/172 
DEBUG util.py:537:    Running scriptlet: ca-certificates-2025.2.80_v9.0.304-80.2.el8_10.noarch                                                                                                           114/172 
DEBUG util.py:537:    Installing       : ca-certificates-2025.2.80_v9.0.304-80.2.el8_10.noarch                                                                                                           114/172 
DEBUG util.py:537:    Running scriptlet: ca-certificates-2025.2.80_v9.0.304-80.2.el8_10.noarch                                                                                                           114/172 
DEBUG util.py:537:    Installing       : libdb-5.3.28-42.el8_4.x86_64                                                                                                                                    115/172 
DEBUG util.py:537:    Running scriptlet: libdb-5.3.28-42.el8_4.x86_64                                                                                                                                    115/172 
DEBUG util.py:537:    Installing       : krb5-libs-1.18.2-34.el8_10.x86_64                                                                                                                               116/172 
DEBUG util.py:537:    Installing       : libtirpc-1.1.4-12.el8_10.x86_64                                                                                                                                 117/172 
DEBUG util.py:537:    Running scriptlet: libtirpc-1.1.4-12.el8_10.x86_64                                                                                                                                 117/172 
DEBUG util.py:537:    Installing       : libblkid-2.32.1-48.el8_10.x86_64                                                                                                                                118/172 
DEBUG util.py:537:    Running scriptlet: libblkid-2.32.1-48.el8_10.x86_64                                                                                                                                118/172 
DEBUG util.py:537:    Installing       : libmount-2.32.1-48.el8_10.x86_64                                                                                                                                119/172 
DEBUG util.py:537:    Running scriptlet: libmount-2.32.1-48.el8_10.x86_64                                                                                                                                119/172 
DEBUG util.py:537:    Installing       : systemd-libs-239-82.el8_10.19.x86_64                                                                                                                            120/172 
DEBUG util.py:537:    Running scriptlet: systemd-libs-239-82.el8_10.19.x86_64                                                                                                                            120/172 
DEBUG util.py:537:    Installing       : libnsl2-1.2.0-2.20180605git4a062cf.el8.x86_64                                                                                                                   121/172 
DEBUG util.py:537:    Running scriptlet: libnsl2-1.2.0-2.20180605git4a062cf.el8.x86_64                                                                                                                   121/172 
DEBUG util.py:537:    Installing       : platform-python-setuptools-39.2.0-9.el8_10.noarch                                                                                                               122/172 
DEBUG util.py:537:    Installing       : platform-python-3.6.8-78.el8_10.alma.1.x86_64                                                                                                                   123/172 
DEBUG util.py:537:    Running scriptlet: platform-python-3.6.8-78.el8_10.alma.1.x86_64                                                                                                                   123/172 
DEBUG util.py:537:    Installing       : python3-libs-3.6.8-78.el8_10.alma.1.x86_64                                                                                                                      124/172 
DEBUG util.py:537:    Installing       : binutils-2.30-128.el8_10.x86_64                                                                                                                                 125/172 
DEBUG util.py:537:    Running scriptlet: binutils-2.30-128.el8_10.x86_64                                                                                                                                 125/172 
DEBUG util.py:537:    Installing       : gzip-1.9-15.el8_10.x86_64                                                                                                                                       126/172 
DEBUG util.py:537:    Running scriptlet: gzip-1.9-15.el8_10.x86_64                                                                                                                                       126/172 
DEBUG util.py:537:    Installing       : cracklib-2.9.6-15.el8.x86_64                                                                                                                                    127/172 
DEBUG util.py:537:    Installing       : cracklib-dicts-2.9.6-15.el8.x86_64                                                                                                                              128/172 
DEBUG util.py:537:    Installing       : shadow-utils-2:4.6-23.el8_10.x86_64                                                                                                                             129/172 
DEBUG util.py:537:    Running scriptlet: libutempter-1.1.6-14.el8.x86_64                                                                                                                                 130/172 
DEBUG util.py:537:    Installing       : libutempter-1.1.6-14.el8.x86_64                                                                                                                                 130/172 
DEBUG util.py:537:    Running scriptlet: tpm2-tss-2.3.2-6.el8.x86_64                                                                                                                                     131/172 
DEBUG util.py:537:    Installing       : tpm2-tss-2.3.2-6.el8.x86_64                                                                                                                                     131/172 
DEBUG util.py:537:    Running scriptlet: tpm2-tss-2.3.2-6.el8.x86_64                                                                                                                                     131/172 
DEBUG util.py:537:    Installing       : ima-evm-utils-1.3.2-12.el8.x86_64                                                                                                                               132/172 
DEBUG util.py:537:    Installing       : libpwquality-1.4.4-6.el8.x86_64                                                                                                                                 133/172 
DEBUG util.py:537:    Installing       : pam-1.3.1-40.el8_10.x86_64                                                                                                                                      134/172 
DEBUG util.py:537:    Running scriptlet: pam-1.3.1-40.el8_10.x86_64                                                                                                                                      134/172 
DEBUG util.py:537:    Installing       : libusbx-1.0.30-1.el8_10.x86_64                                                                                                                                  135/172 
DEBUG util.py:537:    Installing       : glib2-2.56.4-178.el8_10.x86_64                                                                                                                                  136/172 
DEBUG util.py:537:    Installing       : libbabeltrace-1.5.4-4.el8.x86_64                                                                                                                                137/172 
DEBUG util.py:537:    Running scriptlet: libbabeltrace-1.5.4-4.el8.x86_64                                                                                                                                137/172 
DEBUG util.py:537:    Installing       : libfdisk-2.32.1-48.el8_10.x86_64                                                                                                                                138/172 
DEBUG util.py:537:    Running scriptlet: libfdisk-2.32.1-48.el8_10.x86_64                                                                                                                                138/172 
DEBUG util.py:537:    Installing       : cyrus-sasl-lib-2.1.27-6.el8_5.x86_64                                                                                                                            139/172 
DEBUG util.py:537:    Running scriptlet: cyrus-sasl-lib-2.1.27-6.el8_5.x86_64                                                                                                                            139/172 
DEBUG util.py:537:    Installing       : openldap-2.4.46-21.el8_10.x86_64                                                                                                                                140/172 
DEBUG util.py:537:    Installing       : libdb-utils-5.3.28-42.el8_4.x86_64                                                                                                                              141/172 
DEBUG util.py:537:    Installing       : libarchive-3.3.3-7.el8_10.x86_64                                                                                                                                142/172 
DEBUG util.py:537:    Installing       : npth-1.5-4.el8.x86_64                                                                                                                                           143/172 
DEBUG util.py:537:    Installing       : gnupg2-2.2.20-4.el8_10.x86_64                                                                                                                                   144/172 
DEBUG util.py:537:    Installing       : libatomic_ops-7.6.2-3.el8.x86_64                                                                                                                                145/172 
DEBUG util.py:537:    Installing       : gc-7.6.4-3.el8.x86_64                                                                                                                                           146/172 
DEBUG util.py:537:    Installing       : guile-5:2.0.14-7.el8.x86_64                                                                                                                                     147/172 
DEBUG util.py:537:    Running scriptlet: guile-5:2.0.14-7.el8.x86_64                                                                                                                                     147/172 
DEBUG util.py:537:    Installing       : libipt-1.6.1-8.el8.x86_64                                                                                                                                       148/172 
DEBUG util.py:537:    Installing       : libssh-config-0.9.6-17.el8_10.noarch                                                                                                                            149/172 
DEBUG util.py:537:    Installing       : libssh-0.9.6-17.el8_10.x86_64                                                                                                                                   150/172 
DEBUG util.py:537:    Installing       : libcurl-7.61.1-34.el8_10.13.x86_64                                                                                                                              151/172 
DEBUG util.py:537:    Installing       : curl-7.61.1-34.el8_10.13.x86_64                                                                                                                                 152/172 
DEBUG util.py:537:    Installing       : rpm-libs-4.14.3-32.el8_10.x86_64                                                                                                                                153/172 
DEBUG util.py:537:    Running scriptlet: rpm-libs-4.14.3-32.el8_10.x86_64                                                                                                                                153/172 
DEBUG util.py:537:    Installing       : rpm-4.14.3-32.el8_10.x86_64                                                                                                                                     154/172 
DEBUG util.py:537:    Installing       : efi-srpm-macros-3-3.el8.noarch                                                                                                                                  155/172 
DEBUG util.py:537:    Installing       : lua-srpm-macros-1-13.el8.noarch                                                                                                                                 156/172 
DEBUG util.py:537:    Installing       : rpm-build-libs-4.14.3-32.el8_10.x86_64                                                                                                                          157/172 
DEBUG util.py:537:    Running scriptlet: rpm-build-libs-4.14.3-32.el8_10.x86_64                                                                                                                          157/172 
DEBUG util.py:537:    Installing       : gdb-headless-8.2-20.el8.x86_64                                                                                                                                  158/172 
DEBUG util.py:537:    Installing       : kernel-headers-4.18.0-553.164.1.el8_10.x86_64                                                                                                                   159/172 
DEBUG util.py:537:    Running scriptlet: glibc-headers-2.28-251.el8_10.40.x86_64                                                                                                                         160/172 
DEBUG util.py:537:    Installing       : glibc-headers-2.28-251.el8_10.40.x86_64                                                                                                                         160/172 
DEBUG util.py:537:    Installing       : glibc-devel-2.28-251.el8_10.40.x86_64                                                                                                                           161/172 
DEBUG util.py:537:    Running scriptlet: glibc-devel-2.28-251.el8_10.40.x86_64                                                                                                                           161/172 
DEBUG util.py:537:    Installing       : libxcrypt-devel-4.1.1-6.el8.x86_64                                                                                                                              162/172 
DEBUG util.py:537:    Installing       : gcc-8.5.0-28.el8_10.alma.1.x86_64                                                                                                                               163/172 
DEBUG util.py:537:    Running scriptlet: gcc-8.5.0-28.el8_10.alma.1.x86_64                                                                                                                               163/172 
DEBUG util.py:537:    Installing       : annobin-13.27-1.el8_10.x86_64                                                                                                                                   164/172 
DEBUG util.py:537:    Installing       : gcc-plugin-annobin-8.5.0-28.el8_10.alma.1.x86_64                                                                                                                165/172 
DEBUG util.py:537:    Installing       : redhat-rpm-config-131-1.el8.alma.noarch                                                                                                                         166/172 
DEBUG util.py:537:    Running scriptlet: redhat-rpm-config-131-1.el8.alma.noarch                                                                                                                         166/172 
DEBUG util.py:537:    Installing       : rpm-build-4.14.3-32.el8_10.x86_64                                                                                                                               167/172 
DEBUG util.py:537:    Installing       : gcc-c++-8.5.0-28.el8_10.alma.1.x86_64                                                                                                                           168/172 
DEBUG util.py:537:    Installing       : epel-rpm-macros-8-43.noarch                                                                                                                                     169/172 
DEBUG util.py:537:    Installing       : util-linux-2.32.1-48.el8_10.x86_64                                                                                                                              170/172 
DEBUG util.py:537:    Running scriptlet: util-linux-2.32.1-48.el8_10.x86_64                                                                                                                              170/172 
DEBUG util.py:537:    Installing       : which-2.21-21.el8_10.x86_64                                                                                                                                     171/172 
DEBUG util.py:537:    Installing       : make-1:4.2.1-11.el8.x86_64                                                                                                                                      172/172 
DEBUG util.py:537:    Running scriptlet: make-1:4.2.1-11.el8.x86_64                                                                                                                                      172/172 
DEBUG util.py:537:    Running scriptlet: filesystem-3.8-6.el8.x86_64                                                                                                                                     172/172 
DEBUG util.py:537:    Running scriptlet: glibc-all-langpacks-2.28-251.el8_10.40.x86_64                                                                                                                   172/172 
DEBUG util.py:537:    Running scriptlet: ca-certificates-2025.2.80_v9.0.304-80.2.el8_10.noarch                                                                                                           172/172 
DEBUG util.py:537:    Running scriptlet: guile-5:2.0.14-7.el8.x86_64                                                                                                                                     172/172 
DEBUG util.py:537:    Running scriptlet: glibc-common-2.28-251.el8_10.40.x86_64                                                                                                                          172/172 
DEBUG util.py:537:    Running scriptlet: info-6.5-7.el8.x86_64                                                                                                                                           172/172 
DEBUG util.py:537:    Running scriptlet: glib2-2.56.4-178.el8_10.x86_64                                                                                                                                  172/172 
DEBUG util.py:537:    Verifying        : almalinux-release-8.10-1.el8.x86_64                                                                                                                               1/172 
DEBUG util.py:537:    Verifying        : annobin-13.27-1.el8_10.x86_64                                                                                                                                     2/172 
DEBUG util.py:537:    Verifying        : audit-libs-3.1.2-1.el8_10.1.x86_64                                                                                                                                3/172 
DEBUG util.py:537:    Verifying        : basesystem-11-5.el8.noarch                                                                                                                                        4/172 
DEBUG util.py:537:    Verifying        : bash-4.4.20-6.el8_10.x86_64                                                                                                                                       5/172 
DEBUG util.py:537:    Verifying        : binutils-2.30-128.el8_10.x86_64                                                                                                                                   6/172 
DEBUG util.py:537:    Verifying        : brotli-1.0.6-4.el8_10.x86_64                                                                                                                                      7/172 
DEBUG util.py:537:    Verifying        : bzip2-1.0.6-28.el8_10.x86_64                                                                                                                                      8/172 
DEBUG util.py:537:    Verifying        : bzip2-libs-1.0.6-28.el8_10.x86_64                                                                                                                                 9/172 
DEBUG util.py:537:    Verifying        : ca-certificates-2025.2.80_v9.0.304-80.2.el8_10.noarch                                                                                                            10/172 
DEBUG util.py:537:    Verifying        : chkconfig-1.19.2-1.el8.x86_64                                                                                                                                    11/172 
DEBUG util.py:537:    Verifying        : coreutils-8.30-20.el8_10.x86_64                                                                                                                                  12/172 
DEBUG util.py:537:    Verifying        : coreutils-common-8.30-20.el8_10.x86_64                                                                                                                           13/172 
DEBUG util.py:537:    Verifying        : cpio-2.12-11.el8.x86_64                                                                                                                                          14/172 
DEBUG util.py:537:    Verifying        : cpp-8.5.0-28.el8_10.alma.1.x86_64                                                                                                                                15/172 
DEBUG util.py:537:    Verifying        : cracklib-2.9.6-15.el8.x86_64                                                                                                                                     16/172 
DEBUG util.py:537:    Verifying        : cracklib-dicts-2.9.6-15.el8.x86_64                                                                                                                               17/172 
DEBUG util.py:537:    Verifying        : crypto-policies-20230731-1.git3177e06.el8.noarch                                                                                                                 18/172 
DEBUG util.py:537:    Verifying        : curl-7.61.1-34.el8_10.13.x86_64                                                                                                                                  19/172 
DEBUG util.py:537:    Verifying        : cyrus-sasl-lib-2.1.27-6.el8_5.x86_64                                                                                                                             20/172 
DEBUG util.py:537:    Verifying        : diffutils-3.6-6.el8.x86_64                                                                                                                                       21/172 
DEBUG util.py:537:    Verifying        : elfutils-0.190-2.el8.alma.1.x86_64                                                                                                                               22/172 
DEBUG util.py:537:    Verifying        : elfutils-default-yama-scope-0.190-2.el8.alma.1.noarch                                                                                                            23/172 
DEBUG util.py:537:    Verifying        : elfutils-libelf-0.190-2.el8.alma.1.x86_64                                                                                                                        24/172 
DEBUG util.py:537:    Verifying        : elfutils-libs-0.190-2.el8.alma.1.x86_64                                                                                                                          25/172 
DEBUG util.py:537:    Verifying        : expat-2.5.0-2.el8_10.2.x86_64                                                                                                                                    26/172 
DEBUG util.py:537:    Verifying        : file-5.33-27.el8_10.x86_64                                                                                                                                       27/172 
DEBUG util.py:537:    Verifying        : file-libs-5.33-27.el8_10.x86_64                                                                                                                                  28/172 
DEBUG util.py:537:    Verifying        : filesystem-3.8-6.el8.x86_64                                                                                                                                      29/172 
DEBUG util.py:537:    Verifying        : findutils-1:4.6.0-24.el8_10.x86_64                                                                                                                               30/172 
DEBUG util.py:537:    Verifying        : gawk-4.2.1-4.el8.x86_64                                                                                                                                          31/172 
DEBUG util.py:537:    Verifying        : gcc-8.5.0-28.el8_10.alma.1.x86_64                                                                                                                                32/172 
DEBUG util.py:537:    Verifying        : gcc-plugin-annobin-8.5.0-28.el8_10.alma.1.x86_64                                                                                                                 33/172 
DEBUG util.py:537:    Verifying        : gdbm-1:1.18-2.el8.x86_64                                                                                                                                         34/172 
DEBUG util.py:537:    Verifying        : gdbm-libs-1:1.18-2.el8.x86_64                                                                                                                                    35/172 
DEBUG util.py:537:    Verifying        : glib2-2.56.4-178.el8_10.x86_64                                                                                                                                   36/172 
DEBUG util.py:537:    Verifying        : glibc-2.28-251.el8_10.40.x86_64                                                                                                                                  37/172 
DEBUG util.py:537:    Verifying        : glibc-all-langpacks-2.28-251.el8_10.40.x86_64                                                                                                                    38/172 
DEBUG util.py:537:    Verifying        : glibc-common-2.28-251.el8_10.40.x86_64                                                                                                                           39/172 
DEBUG util.py:537:    Verifying        : glibc-devel-2.28-251.el8_10.40.x86_64                                                                                                                            40/172 
DEBUG util.py:537:    Verifying        : glibc-gconv-extra-2.28-251.el8_10.40.x86_64                                                                                                                      41/172 
DEBUG util.py:537:    Verifying        : glibc-headers-2.28-251.el8_10.40.x86_64                                                                                                                          42/172 
DEBUG util.py:537:    Verifying        : gmp-1:6.1.2-11.el8.x86_64                                                                                                                                        43/172 
DEBUG util.py:537:    Verifying        : gnupg2-2.2.20-4.el8_10.x86_64                                                                                                                                    44/172 
DEBUG util.py:537:    Verifying        : gnutls-3.6.16-8.el8_10.6.x86_64                                                                                                                                  45/172 
DEBUG util.py:537:    Verifying        : grep-3.1-6.el8.x86_64                                                                                                                                            46/172 
DEBUG util.py:537:    Verifying        : gzip-1.9-15.el8_10.x86_64                                                                                                                                        47/172 
DEBUG util.py:537:    Verifying        : ima-evm-utils-1.3.2-12.el8.x86_64                                                                                                                                48/172 
DEBUG util.py:537:    Verifying        : info-6.5-7.el8.x86_64                                                                                                                                            49/172 
DEBUG util.py:537:    Verifying        : kernel-headers-4.18.0-553.164.1.el8_10.x86_64                                                                                                                    50/172 
DEBUG util.py:537:    Verifying        : keyutils-libs-1.5.10-9.el8.x86_64                                                                                                                                51/172 
DEBUG util.py:537:    Verifying        : krb5-libs-1.18.2-34.el8_10.x86_64                                                                                                                                52/172 
DEBUG util.py:537:    Verifying        : libacl-2.4.0-1.el8_10.x86_64                                                                                                                                     53/172 
DEBUG util.py:537:    Verifying        : libarchive-3.3.3-7.el8_10.x86_64                                                                                                                                 54/172 
DEBUG util.py:537:    Verifying        : libassuan-2.5.1-3.el8.x86_64                                                                                                                                     55/172 
DEBUG util.py:537:    Verifying        : libattr-2.6.0-1.el8_10.x86_64                                                                                                                                    56/172 
DEBUG util.py:537:    Verifying        : libbabeltrace-1.5.4-4.el8.x86_64                                                                                                                                 57/172 
DEBUG util.py:537:    Verifying        : libblkid-2.32.1-48.el8_10.x86_64                                                                                                                                 58/172 
DEBUG util.py:537:    Verifying        : libcap-2.48-6.el8_10.1.x86_64                                                                                                                                    59/172 
DEBUG util.py:537:    Verifying        : libcap-ng-0.7.11-1.el8.x86_64                                                                                                                                    60/172 
DEBUG util.py:537:    Verifying        : libcom_err-1.45.6-7.el8_10.x86_64                                                                                                                                61/172 
DEBUG util.py:537:    Verifying        : libcurl-7.61.1-34.el8_10.13.x86_64                                                                                                                               62/172 
DEBUG util.py:537:    Verifying        : libdb-5.3.28-42.el8_4.x86_64                                                                                                                                     63/172 
DEBUG util.py:537:    Verifying        : libdb-utils-5.3.28-42.el8_4.x86_64                                                                                                                               64/172 
DEBUG util.py:537:    Verifying        : libfdisk-2.32.1-48.el8_10.x86_64                                                                                                                                 65/172 
DEBUG util.py:537:    Verifying        : libffi-3.1-24.el8.x86_64                                                                                                                                         66/172 
DEBUG util.py:537:    Verifying        : libgcc-8.5.0-28.el8_10.alma.1.x86_64                                                                                                                             67/172 
DEBUG util.py:537:    Verifying        : libgcrypt-1.8.5-8.el8_10.x86_64                                                                                                                                  68/172 
DEBUG util.py:537:    Verifying        : libgomp-8.5.0-28.el8_10.alma.1.x86_64                                                                                                                            69/172 
DEBUG util.py:537:    Verifying        : libgpg-error-1.31-1.el8.x86_64                                                                                                                                   70/172 
DEBUG util.py:537:    Verifying        : libidn2-2.2.0-1.el8.x86_64                                                                                                                                       71/172 
DEBUG util.py:537:    Verifying        : libksba-1.3.5-9.el8_7.x86_64                                                                                                                                     72/172 
DEBUG util.py:537:    Verifying        : libmount-2.32.1-48.el8_10.x86_64                                                                                                                                 73/172 
DEBUG util.py:537:    Verifying        : libnghttp2-1.33.0-6.el8_10.3.x86_64                                                                                                                              74/172 
DEBUG util.py:537:    Verifying        : libnsl2-1.2.0-2.20180605git4a062cf.el8.x86_64                                                                                                                    75/172 
DEBUG util.py:537:    Verifying        : libpkgconf-1.4.2-1.el8.x86_64                                                                                                                                    76/172 
DEBUG util.py:537:    Verifying        : libpsl-0.20.2-6.el8.x86_64                                                                                                                                       77/172 
DEBUG util.py:537:    Verifying        : libpwquality-1.4.4-6.el8.x86_64                                                                                                                                  78/172 
DEBUG util.py:537:    Verifying        : libselinux-2.9-11.el8_10.x86_64                                                                                                                                  79/172 
DEBUG util.py:537:    Verifying        : libsemanage-2.9-12.el8_10.x86_64                                                                                                                                 80/172 
DEBUG util.py:537:    Verifying        : libsepol-2.9-3.el8.x86_64                                                                                                                                        81/172 
DEBUG util.py:537:    Verifying        : libsigsegv-2.11-5.el8.x86_64                                                                                                                                     82/172 
DEBUG util.py:537:    Verifying        : libsmartcols-2.32.1-48.el8_10.x86_64                                                                                                                             83/172 
DEBUG util.py:537:    Verifying        : libssh-0.9.6-17.el8_10.x86_64                                                                                                                                    84/172 
DEBUG util.py:537:    Verifying        : libssh-config-0.9.6-17.el8_10.noarch                                                                                                                             85/172 
DEBUG util.py:537:    Verifying        : libstdc++-8.5.0-28.el8_10.alma.1.x86_64                                                                                                                          86/172 
DEBUG util.py:537:    Verifying        : libtasn1-4.13-6.el8_10.x86_64                                                                                                                                    87/172 
DEBUG util.py:537:    Verifying        : libtirpc-1.1.4-12.el8_10.x86_64                                                                                                                                  88/172 
DEBUG util.py:537:    Verifying        : libtool-ltdl-2.4.6-25.el8.x86_64                                                                                                                                 89/172 
DEBUG util.py:537:    Verifying        : libunistring-0.9.9-3.el8.x86_64                                                                                                                                  90/172 
DEBUG util.py:537:    Verifying        : libusbx-1.0.30-1.el8_10.x86_64                                                                                                                                   91/172 
DEBUG util.py:537:    Verifying        : libutempter-1.1.6-14.el8.x86_64                                                                                                                                  92/172 
DEBUG util.py:537:    Verifying        : libuuid-2.32.1-48.el8_10.x86_64                                                                                                                                  93/172 
DEBUG util.py:537:    Verifying        : libverto-0.3.2-2.el8.x86_64                                                                                                                                      94/172 
DEBUG util.py:537:    Verifying        : libxcrypt-4.1.1-6.el8.x86_64                                                                                                                                     95/172 
DEBUG util.py:537:    Verifying        : libxcrypt-devel-4.1.1-6.el8.x86_64                                                                                                                               96/172 
DEBUG util.py:537:    Verifying        : libxml2-2.9.7-21.el8_10.7.x86_64                                                                                                                                 97/172 
DEBUG util.py:537:    Verifying        : libzstd-1.4.4-1.el8.x86_64                                                                                                                                       98/172 
DEBUG util.py:537:    Verifying        : lua-libs-5.3.4-12.el8.x86_64                                                                                                                                     99/172 
DEBUG util.py:537:    Verifying        : lz4-libs-1.8.3-5.el8_10.x86_64                                                                                                                                  100/172 
DEBUG util.py:537:    Verifying        : make-1:4.2.1-11.el8.x86_64                                                                                                                                      101/172 
DEBUG util.py:537:    Verifying        : mpfr-3.1.6-1.el8.x86_64                                                                                                                                         102/172 
DEBUG util.py:537:    Verifying        : ncurses-6.1-10.20180224.el8.x86_64                                                                                                                              103/172 
DEBUG util.py:537:    Verifying        : ncurses-base-6.1-10.20180224.el8.noarch                                                                                                                         104/172 
DEBUG util.py:537:    Verifying        : ncurses-libs-6.1-10.20180224.el8.x86_64                                                                                                                         105/172 
DEBUG util.py:537:    Verifying        : nettle-3.4.1-7.el8.x86_64                                                                                                                                       106/172 
DEBUG util.py:537:    Verifying        : npth-1.5-4.el8.x86_64                                                                                                                                           107/172 
DEBUG util.py:537:    Verifying        : openldap-2.4.46-21.el8_10.x86_64                                                                                                                                108/172 
DEBUG util.py:537:    Verifying        : openssl-libs-1:1.1.1k-17.el8_6.x86_64                                                                                                                           109/172 
DEBUG util.py:537:    Verifying        : p11-kit-0.23.22-2.el8.x86_64                                                                                                                                    110/172 
DEBUG util.py:537:    Verifying        : p11-kit-trust-0.23.22-2.el8.x86_64                                                                                                                              111/172 
DEBUG util.py:537:    Verifying        : pam-1.3.1-40.el8_10.x86_64                                                                                                                                      112/172 
DEBUG util.py:537:    Verifying        : patch-2.7.6-11.el8.x86_64                                                                                                                                       113/172 
DEBUG util.py:537:    Verifying        : pcre-8.42-6.el8.x86_64                                                                                                                                          114/172 
DEBUG util.py:537:    Verifying        : pcre2-10.32-3.el8_6.x86_64                                                                                                                                      115/172 
DEBUG util.py:537:    Verifying        : pkgconf-1.4.2-1.el8.x86_64                                                                                                                                      116/172 
DEBUG util.py:537:    Verifying        : pkgconf-m4-1.4.2-1.el8.noarch                                                                                                                                   117/172 
DEBUG util.py:537:    Verifying        : pkgconf-pkg-config-1.4.2-1.el8.x86_64                                                                                                                           118/172 
DEBUG util.py:537:    Verifying        : platform-python-3.6.8-78.el8_10.alma.1.x86_64                                                                                                                   119/172 
DEBUG util.py:537:    Verifying        : platform-python-setuptools-39.2.0-9.el8_10.noarch                                                                                                               120/172 
DEBUG util.py:537:    Verifying        : popt-1.18-1.el8.x86_64                                                                                                                                          121/172 
DEBUG util.py:537:    Verifying        : publicsuffix-list-dafsa-20180723-1.el8.noarch                                                                                                                   122/172 
DEBUG util.py:537:    Verifying        : python3-libs-3.6.8-78.el8_10.alma.1.x86_64                                                                                                                      123/172 
DEBUG util.py:537:    Verifying        : python3-pip-wheel-9.0.3-24.el8.noarch                                                                                                                           124/172 
DEBUG util.py:537:    Verifying        : python3-setuptools-wheel-39.2.0-9.el8_10.noarch                                                                                                                 125/172 
DEBUG util.py:537:    Verifying        : readline-7.0-10.el8.x86_64                                                                                                                                      126/172 
DEBUG util.py:537:    Verifying        : rpm-4.14.3-32.el8_10.x86_64                                                                                                                                     127/172 
DEBUG util.py:537:    Verifying        : rpm-build-libs-4.14.3-32.el8_10.x86_64                                                                                                                          128/172 
DEBUG util.py:537:    Verifying        : rpm-libs-4.14.3-32.el8_10.x86_64                                                                                                                                129/172 
DEBUG util.py:537:    Verifying        : sed-4.5-5.el8_10.x86_64                                                                                                                                         130/172 
DEBUG util.py:537:    Verifying        : setup-2.12.2-9.el8.noarch                                                                                                                                       131/172 
DEBUG util.py:537:    Verifying        : shadow-utils-2:4.6-23.el8_10.x86_64                                                                                                                             132/172 
DEBUG util.py:537:    Verifying        : sqlite-libs-3.26.0-21.el8_10.x86_64                                                                                                                             133/172 
DEBUG util.py:537:    Verifying        : systemd-libs-239-82.el8_10.19.x86_64                                                                                                                            134/172 
DEBUG util.py:537:    Verifying        : tar-2:1.30-11.el8_10.x86_64                                                                                                                                     135/172 
DEBUG util.py:537:    Verifying        : tpm2-tss-2.3.2-6.el8.x86_64                                                                                                                                     136/172 
DEBUG util.py:537:    Verifying        : tzdata-2026c-1.el8_10.noarch                                                                                                                                    137/172 
DEBUG util.py:537:    Verifying        : unzip-6.0-48.el8_10.x86_64                                                                                                                                      138/172 
DEBUG util.py:537:    Verifying        : util-linux-2.32.1-48.el8_10.x86_64                                                                                                                              139/172 
DEBUG util.py:537:    Verifying        : which-2.21-21.el8_10.x86_64                                                                                                                                     140/172 
DEBUG util.py:537:    Verifying        : xz-5.2.4-4.el8_6.x86_64                                                                                                                                         141/172 
DEBUG util.py:537:    Verifying        : xz-libs-5.2.4-4.el8_6.x86_64                                                                                                                                    142/172 
DEBUG util.py:537:    Verifying        : zip-3.0-23.el8.x86_64                                                                                                                                           143/172 
DEBUG util.py:537:    Verifying        : zlib-1.2.11-25.el8.x86_64                                                                                                                                       144/172 
DEBUG util.py:537:    Verifying        : dwz-0.12-10.el8.x86_64                                                                                                                                          145/172 
DEBUG util.py:537:    Verifying        : efi-srpm-macros-3-3.el8.noarch                                                                                                                                  146/172 
DEBUG util.py:537:    Verifying        : gc-7.6.4-3.el8.x86_64                                                                                                                                           147/172 
DEBUG util.py:537:    Verifying        : gcc-c++-8.5.0-28.el8_10.alma.1.x86_64                                                                                                                           148/172 
DEBUG util.py:537:    Verifying        : gdb-headless-8.2-20.el8.x86_64                                                                                                                                  149/172 
DEBUG util.py:537:    Verifying        : ghc-srpm-macros-1.4.2-7.el8.noarch                                                                                                                              150/172 
DEBUG util.py:537:    Verifying        : go-srpm-macros-2-17.el8.noarch                                                                                                                                  151/172 
DEBUG util.py:537:    Verifying        : guile-5:2.0.14-7.el8.x86_64                                                                                                                                     152/172 
DEBUG util.py:537:    Verifying        : isl-0.16.1-6.el8.x86_64                                                                                                                                         153/172 
DEBUG util.py:537:    Verifying        : libatomic_ops-7.6.2-3.el8.x86_64                                                                                                                                154/172 
DEBUG util.py:537:    Verifying        : libipt-1.6.1-8.el8.x86_64                                                                                                                                       155/172 
DEBUG util.py:537:    Verifying        : libmpc-1.1.0-9.1.el8.x86_64                                                                                                                                     156/172 
DEBUG util.py:537:    Verifying        : libstdc++-devel-8.5.0-28.el8_10.alma.1.x86_64                                                                                                                   157/172 
DEBUG util.py:537:    Verifying        : ocaml-srpm-macros-5-4.el8.noarch                                                                                                                                158/172 
DEBUG util.py:537:    Verifying        : openblas-srpm-macros-2-2.el8.noarch                                                                                                                             159/172 
DEBUG util.py:537:    Verifying        : perl-srpm-macros-1-25.el8.noarch                                                                                                                                160/172 
DEBUG util.py:537:    Verifying        : python-rpm-macros-3-45.el8.noarch                                                                                                                               161/172 
DEBUG util.py:537:    Verifying        : python-srpm-macros-3-45.el8.noarch                                                                                                                              162/172 
DEBUG util.py:537:    Verifying        : python3-rpm-macros-3-45.el8.noarch                                                                                                                              163/172 
DEBUG util.py:537:    Verifying        : qt5-srpm-macros-5.15.3-1.el8.noarch                                                                                                                             164/172 
DEBUG util.py:537:    Verifying        : redhat-rpm-config-131-1.el8.alma.noarch                                                                                                                         165/172 
DEBUG util.py:537:    Verifying        : rpm-build-4.14.3-32.el8_10.x86_64                                                                                                                               166/172 
DEBUG util.py:537:    Verifying        : rust-srpm-macros-5-2.el8.noarch                                                                                                                                 167/172 
DEBUG util.py:537:    Verifying        : zstd-1.4.4-1.el8.x86_64                                                                                                                                         168/172 
DEBUG util.py:537:    Verifying        : ansible-srpm-macros-1-12.el8.noarch                                                                                                                             169/172 
DEBUG util.py:537:    Verifying        : epel-rpm-macros-8-43.noarch                                                                                                                                     170/172 
DEBUG util.py:537:    Verifying        : fpc-srpm-macros-1.3-1.el8.noarch                                                                                                                                171/172 
DEBUG util.py:537:    Verifying        : lua-srpm-macros-1-13.el8.noarch                                                                                                                                 172/172 
DEBUG util.py:537:  Installed:
DEBUG util.py:537:    almalinux-release-8.10-1.el8.x86_64                           annobin-13.27-1.el8_10.x86_64                                      ansible-srpm-macros-1-12.el8.noarch                       
DEBUG util.py:537:    audit-libs-3.1.2-1.el8_10.1.x86_64                            basesystem-11-5.el8.noarch                                         bash-4.4.20-6.el8_10.x86_64                               
DEBUG util.py:537:    binutils-2.30-128.el8_10.x86_64                               brotli-1.0.6-4.el8_10.x86_64                                       bzip2-1.0.6-28.el8_10.x86_64                              
DEBUG util.py:537:    bzip2-libs-1.0.6-28.el8_10.x86_64                             ca-certificates-2025.2.80_v9.0.304-80.2.el8_10.noarch              chkconfig-1.19.2-1.el8.x86_64                             
DEBUG util.py:537:    coreutils-8.30-20.el8_10.x86_64                               coreutils-common-8.30-20.el8_10.x86_64                             cpio-2.12-11.el8.x86_64                                   
DEBUG util.py:537:    cpp-8.5.0-28.el8_10.alma.1.x86_64                             cracklib-2.9.6-15.el8.x86_64                                       cracklib-dicts-2.9.6-15.el8.x86_64                        
DEBUG util.py:537:    crypto-policies-20230731-1.git3177e06.el8.noarch              curl-7.61.1-34.el8_10.13.x86_64                                    cyrus-sasl-lib-2.1.27-6.el8_5.x86_64                      
DEBUG util.py:537:    diffutils-3.6-6.el8.x86_64                                    dwz-0.12-10.el8.x86_64                                             efi-srpm-macros-3-3.el8.noarch                            
DEBUG util.py:537:    elfutils-0.190-2.el8.alma.1.x86_64                            elfutils-default-yama-scope-0.190-2.el8.alma.1.noarch              elfutils-libelf-0.190-2.el8.alma.1.x86_64                 
DEBUG util.py:537:    elfutils-libs-0.190-2.el8.alma.1.x86_64                       epel-rpm-macros-8-43.noarch                                        expat-2.5.0-2.el8_10.2.x86_64                             
DEBUG util.py:537:    file-5.33-27.el8_10.x86_64                                    file-libs-5.33-27.el8_10.x86_64                                    filesystem-3.8-6.el8.x86_64                               
DEBUG util.py:537:    findutils-1:4.6.0-24.el8_10.x86_64                            fpc-srpm-macros-1.3-1.el8.noarch                                   gawk-4.2.1-4.el8.x86_64                                   
DEBUG util.py:537:    gc-7.6.4-3.el8.x86_64                                         gcc-8.5.0-28.el8_10.alma.1.x86_64                                  gcc-c++-8.5.0-28.el8_10.alma.1.x86_64                     
DEBUG util.py:537:    gcc-plugin-annobin-8.5.0-28.el8_10.alma.1.x86_64              gdb-headless-8.2-20.el8.x86_64                                     gdbm-1:1.18-2.el8.x86_64                                  
DEBUG util.py:537:    gdbm-libs-1:1.18-2.el8.x86_64                                 ghc-srpm-macros-1.4.2-7.el8.noarch                                 glib2-2.56.4-178.el8_10.x86_64                            
DEBUG util.py:537:    glibc-2.28-251.el8_10.40.x86_64                               glibc-all-langpacks-2.28-251.el8_10.40.x86_64                      glibc-common-2.28-251.el8_10.40.x86_64                    
DEBUG util.py:537:    glibc-devel-2.28-251.el8_10.40.x86_64                         glibc-gconv-extra-2.28-251.el8_10.40.x86_64                        glibc-headers-2.28-251.el8_10.40.x86_64                   
DEBUG util.py:537:    gmp-1:6.1.2-11.el8.x86_64                                     gnupg2-2.2.20-4.el8_10.x86_64                                      gnutls-3.6.16-8.el8_10.6.x86_64                           
DEBUG util.py:537:    go-srpm-macros-2-17.el8.noarch                                grep-3.1-6.el8.x86_64                                              guile-5:2.0.14-7.el8.x86_64                               
DEBUG util.py:537:    gzip-1.9-15.el8_10.x86_64                                     ima-evm-utils-1.3.2-12.el8.x86_64                                  info-6.5-7.el8.x86_64                                     
DEBUG util.py:537:    isl-0.16.1-6.el8.x86_64                                       kernel-headers-4.18.0-553.164.1.el8_10.x86_64                      keyutils-libs-1.5.10-9.el8.x86_64                         
DEBUG util.py:537:    krb5-libs-1.18.2-34.el8_10.x86_64                             libacl-2.4.0-1.el8_10.x86_64                                       libarchive-3.3.3-7.el8_10.x86_64                          
DEBUG util.py:537:    libassuan-2.5.1-3.el8.x86_64                                  libatomic_ops-7.6.2-3.el8.x86_64                                   libattr-2.6.0-1.el8_10.x86_64                             
DEBUG util.py:537:    libbabeltrace-1.5.4-4.el8.x86_64                              libblkid-2.32.1-48.el8_10.x86_64                                   libcap-2.48-6.el8_10.1.x86_64                             
DEBUG util.py:537:    libcap-ng-0.7.11-1.el8.x86_64                                 libcom_err-1.45.6-7.el8_10.x86_64                                  libcurl-7.61.1-34.el8_10.13.x86_64                        
DEBUG util.py:537:    libdb-5.3.28-42.el8_4.x86_64                                  libdb-utils-5.3.28-42.el8_4.x86_64                                 libfdisk-2.32.1-48.el8_10.x86_64                          
DEBUG util.py:537:    libffi-3.1-24.el8.x86_64                                      libgcc-8.5.0-28.el8_10.alma.1.x86_64                               libgcrypt-1.8.5-8.el8_10.x86_64                           
DEBUG util.py:537:    libgomp-8.5.0-28.el8_10.alma.1.x86_64                         libgpg-error-1.31-1.el8.x86_64                                     libidn2-2.2.0-1.el8.x86_64                                
DEBUG util.py:537:    libipt-1.6.1-8.el8.x86_64                                     libksba-1.3.5-9.el8_7.x86_64                                       libmount-2.32.1-48.el8_10.x86_64                          
DEBUG util.py:537:    libmpc-1.1.0-9.1.el8.x86_64                                   libnghttp2-1.33.0-6.el8_10.3.x86_64                                libnsl2-1.2.0-2.20180605git4a062cf.el8.x86_64             
DEBUG util.py:537:    libpkgconf-1.4.2-1.el8.x86_64                                 libpsl-0.20.2-6.el8.x86_64                                         libpwquality-1.4.4-6.el8.x86_64                           
DEBUG util.py:537:    libselinux-2.9-11.el8_10.x86_64                               libsemanage-2.9-12.el8_10.x86_64                                   libsepol-2.9-3.el8.x86_64                                 
DEBUG util.py:537:    libsigsegv-2.11-5.el8.x86_64                                  libsmartcols-2.32.1-48.el8_10.x86_64                               libssh-0.9.6-17.el8_10.x86_64                             
DEBUG util.py:537:    libssh-config-0.9.6-17.el8_10.noarch                          libstdc++-8.5.0-28.el8_10.alma.1.x86_64                            libstdc++-devel-8.5.0-28.el8_10.alma.1.x86_64             
DEBUG util.py:537:    libtasn1-4.13-6.el8_10.x86_64                                 libtirpc-1.1.4-12.el8_10.x86_64                                    libtool-ltdl-2.4.6-25.el8.x86_64                          
DEBUG util.py:537:    libunistring-0.9.9-3.el8.x86_64                               libusbx-1.0.30-1.el8_10.x86_64                                     libutempter-1.1.6-14.el8.x86_64                           
DEBUG util.py:537:    libuuid-2.32.1-48.el8_10.x86_64                               libverto-0.3.2-2.el8.x86_64                                        libxcrypt-4.1.1-6.el8.x86_64                              
DEBUG util.py:537:    libxcrypt-devel-4.1.1-6.el8.x86_64                            libxml2-2.9.7-21.el8_10.7.x86_64                                   libzstd-1.4.4-1.el8.x86_64                                
DEBUG util.py:537:    lua-libs-5.3.4-12.el8.x86_64                                  lua-srpm-macros-1-13.el8.noarch                                    lz4-libs-1.8.3-5.el8_10.x86_64                            
DEBUG util.py:537:    make-1:4.2.1-11.el8.x86_64                                    mpfr-3.1.6-1.el8.x86_64                                            ncurses-6.1-10.20180224.el8.x86_64                        
DEBUG util.py:537:    ncurses-base-6.1-10.20180224.el8.noarch                       ncurses-libs-6.1-10.20180224.el8.x86_64                            nettle-3.4.1-7.el8.x86_64                                 
DEBUG util.py:537:    npth-1.5-4.el8.x86_64                                         ocaml-srpm-macros-5-4.el8.noarch                                   openblas-srpm-macros-2-2.el8.noarch                       
DEBUG util.py:537:    openldap-2.4.46-21.el8_10.x86_64                              openssl-libs-1:1.1.1k-17.el8_6.x86_64                              p11-kit-0.23.22-2.el8.x86_64                              
DEBUG util.py:537:    p11-kit-trust-0.23.22-2.el8.x86_64                            pam-1.3.1-40.el8_10.x86_64                                         patch-2.7.6-11.el8.x86_64                                 
DEBUG util.py:537:    pcre-8.42-6.el8.x86_64                                        pcre2-10.32-3.el8_6.x86_64                                         perl-srpm-macros-1-25.el8.noarch                          
DEBUG util.py:537:    pkgconf-1.4.2-1.el8.x86_64                                    pkgconf-m4-1.4.2-1.el8.noarch                                      pkgconf-pkg-config-1.4.2-1.el8.x86_64                     
DEBUG util.py:537:    platform-python-3.6.8-78.el8_10.alma.1.x86_64                 platform-python-setuptools-39.2.0-9.el8_10.noarch                  popt-1.18-1.el8.x86_64                                    
DEBUG util.py:537:    publicsuffix-list-dafsa-20180723-1.el8.noarch                 python-rpm-macros-3-45.el8.noarch                                  python-srpm-macros-3-45.el8.noarch                        
DEBUG util.py:537:    python3-libs-3.6.8-78.el8_10.alma.1.x86_64                    python3-pip-wheel-9.0.3-24.el8.noarch                              python3-rpm-macros-3-45.el8.noarch                        
DEBUG util.py:537:    python3-setuptools-wheel-39.2.0-9.el8_10.noarch               qt5-srpm-macros-5.15.3-1.el8.noarch                                readline-7.0-10.el8.x86_64                                
DEBUG util.py:537:    redhat-rpm-config-131-1.el8.alma.noarch                       rpm-4.14.3-32.el8_10.x86_64                                        rpm-build-4.14.3-32.el8_10.x86_64                         
DEBUG util.py:537:    rpm-build-libs-4.14.3-32.el8_10.x86_64                        rpm-libs-4.14.3-32.el8_10.x86_64                                   rust-srpm-macros-5-2.el8.noarch                           
DEBUG util.py:537:    sed-4.5-5.el8_10.x86_64                                       setup-2.12.2-9.el8.noarch                                          shadow-utils-2:4.6-23.el8_10.x86_64                       
DEBUG util.py:537:    sqlite-libs-3.26.0-21.el8_10.x86_64                           systemd-libs-239-82.el8_10.19.x86_64                               tar-2:1.30-11.el8_10.x86_64                               
DEBUG util.py:537:    tpm2-tss-2.3.2-6.el8.x86_64                                   tzdata-2026c-1.el8_10.noarch                                       unzip-6.0-48.el8_10.x86_64                                
DEBUG util.py:537:    util-linux-2.32.1-48.el8_10.x86_64                            which-2.21-21.el8_10.x86_64                                        xz-5.2.4-4.el8_6.x86_64                                   
DEBUG util.py:537:    xz-libs-5.2.4-4.el8_6.x86_64                                  zip-3.0-23.el8.x86_64                                              zlib-1.2.11-25.el8.x86_64                                 
DEBUG util.py:537:    zstd-1.4.4-1.el8.x86_64                                      
DEBUG util.py:537:  Complete!
DEBUG util.py:688:  Child return code was: 0
DEBUG util.py:200:  kill orphans in chroot /var/lib/mock/alma+epel-8-x86_64/root
DEBUG util.py:200:  kill orphans in chroot /var/lib/mock/alma+epel-8-x86_64-bootstrap/root/var/lib/mock/alma+epel-8-x86_64/root
DEBUG util.py:717:  child environment: None
DEBUG util.py:636:  Executing command: ['/bin/umount', '-n', '-l', '/var/lib/mock/alma+epel-8-x86_64-bootstrap/root/var/lib/mock/alma+epel-8-x86_64/root'] with env {'TERM': 'vt100', 'SHELL': '/bin/sh', 'HOME': '/builddir', 'HOSTNAME': 'mock', 'PATH': '/usr/bin:/bin:/usr/sbin:/sbin', 'LANG': 'C.UTF-8'} and shell False
DEBUG util.py:688:  Child return code was: 0
DEBUG util.py:717:  child environment: None
DEBUG util.py:636:  Executing command: ['/bin/umount', '-n', '-l', '/var/lib/mock/alma+epel-8-x86_64-bootstrap/root/var/lib/mock/alma+epel-8-x86_64/root'] with env {'TERM': 'vt100', 'SHELL': '/bin/sh', 'HOME': '/builddir', 'HOSTNAME': 'mock', 'PATH': '/usr/bin:/bin:/usr/sbin:/sbin', 'LANG': 'C.UTF-8'} and shell False
DEBUG util.py:688:  Child return code was: 0
DEBUG util.py:717:  child environment: None
DEBUG util.py:636:  Executing command: ['/bin/umount', '-n', '-l', '/var/lib/mock/alma+epel-8-x86_64/root/sys/fs/selinux'] with env {'TERM': 'vt100', 'SHELL': '/bin/sh', 'HOME': '/builddir', 'HOSTNAME': 'mock', 'PATH': '/usr/bin:/bin:/usr/sbin:/sbin', 'LANG': 'C.UTF-8'} and shell False
DEBUG util.py:688:  Child return code was: 0
DEBUG util.py:717:  child environment: None
DEBUG util.py:636:  Executing command: ['/bin/umount', '-n', '/var/lib/mock/alma+epel-8-x86_64/root/proc/filesystems'] with env {'TERM': 'vt100', 'SHELL': '/bin/sh', 'HOME': '/builddir', 'HOSTNAME': 'mock', 'PATH': '/usr/bin:/bin:/usr/sbin:/sbin', 'LANG': 'C.UTF-8'} and shell False
DEBUG util.py:688:  Child return code was: 0
DEBUG util.py:717:  child environment: None
DEBUG util.py:636:  Executing command: ['/bin/umount', '-n', '-l', '/var/lib/mock/alma+epel-8-x86_64/root/dev/pts'] with env {'TERM': 'vt100', 'SHELL': '/bin/sh', 'HOME': '/builddir', 'HOSTNAME': 'mock', 'PATH': '/usr/bin:/bin:/usr/sbin:/sbin', 'LANG': 'C.UTF-8'} and shell False
DEBUG util.py:688:  Child return code was: 0
DEBUG util.py:717:  child environment: None
DEBUG util.py:636:  Executing command: ['/bin/umount', '-n', '-l', '/var/lib/mock/alma+epel-8-x86_64/root/dev/shm'] with env {'TERM': 'vt100', 'SHELL': '/bin/sh', 'HOME': '/builddir', 'HOSTNAME': 'mock', 'PATH': '/usr/bin:/bin:/usr/sbin:/sbin', 'LANG': 'C.UTF-8'} and shell False
DEBUG util.py:688:  Child return code was: 0
DEBUG util.py:717:  child environment: None
DEBUG util.py:636:  Executing command: ['/bin/umount', '-n', '-l', '/var/lib/mock/alma+epel-8-x86_64/root/sys'] with env {'TERM': 'vt100', 'SHELL': '/bin/sh', 'HOME': '/builddir', 'HOSTNAME': 'mock', 'PATH': '/usr/bin:/bin:/usr/sbin:/sbin', 'LANG': 'C.UTF-8'} and shell False
DEBUG util.py:688:  Child return code was: 0
DEBUG util.py:717:  child environment: None
DEBUG util.py:636:  Executing command: ['/bin/umount', '-n', '-l', '/var/lib/mock/alma+epel-8-x86_64/root/sys'] with env {'TERM': 'vt100', 'SHELL': '/bin/sh', 'HOME': '/builddir', 'HOSTNAME': 'mock', 'PATH': '/usr/bin:/bin:/usr/sbin:/sbin', 'LANG': 'C.UTF-8'} and shell False
DEBUG util.py:688:  Child return code was: 0
DEBUG util.py:717:  child environment: None
DEBUG util.py:636:  Executing command: ['/bin/umount', '-n', '-l', '/var/lib/mock/alma+epel-8-x86_64/root/proc'] with env {'TERM': 'vt100', 'SHELL': '/bin/sh', 'HOME': '/builddir', 'HOSTNAME': 'mock', 'PATH': '/usr/bin:/bin:/usr/sbin:/sbin', 'LANG': 'C.UTF-8'} and shell False
DEBUG util.py:688:  Child return code was: 0
DEBUG util.py:717:  child environment: None
DEBUG util.py:636:  Executing command: ['/bin/umount', '-n', '-l', '/var/lib/mock/alma+epel-8-x86_64/root/proc'] with env {'TERM': 'vt100', 'SHELL': '/bin/sh', 'HOME': '/builddir', 'HOSTNAME': 'mock', 'PATH': '/usr/bin:/bin:/usr/sbin:/sbin', 'LANG': 'C.UTF-8'} and shell False
DEBUG util.py:688:  Child return code was: 0
DEBUG file_util.py:29:  touching file: /var/lib/mock/alma+epel-8-x86_64/root/etc/os-release
DEBUG file_util.py:17:  ensuring that dir exists: /var/lib/mock/alma+epel-8-x86_64/root/builddir/build
DEBUG file_util.py:20:  created dir: /var/lib/mock/alma+epel-8-x86_64/root/builddir/build
DEBUG file_util.py:17:  ensuring that dir exists: /var/lib/mock/alma+epel-8-x86_64/root/builddir/build/RPMS
DEBUG file_util.py:20:  created dir: /var/lib/mock/alma+epel-8-x86_64/root/builddir/build/RPMS
DEBUG file_util.py:17:  ensuring that dir exists: /var/lib/mock/alma+epel-8-x86_64/root/builddir/build/SPECS
DEBUG file_util.py:20:  created dir: /var/lib/mock/alma+epel-8-x86_64/root/builddir/build/SPECS
DEBUG file_util.py:17:  ensuring that dir exists: /var/lib/mock/alma+epel-8-x86_64/root/builddir/build/SRPMS
DEBUG file_util.py:20:  created dir: /var/lib/mock/alma+epel-8-x86_64/root/builddir/build/SRPMS
DEBUG file_util.py:17:  ensuring that dir exists: /var/lib/mock/alma+epel-8-x86_64/root/builddir/build/SOURCES
DEBUG file_util.py:20:  created dir: /var/lib/mock/alma+epel-8-x86_64/root/builddir/build/SOURCES
DEBUG file_util.py:17:  ensuring that dir exists: /var/lib/mock/alma+epel-8-x86_64/root/builddir/build/BUILD
DEBUG file_util.py:20:  created dir: /var/lib/mock/alma+epel-8-x86_64/root/builddir/build/BUILD
DEBUG file_util.py:17:  ensuring that dir exists: /var/lib/mock/alma+epel-8-x86_64/root/builddir/build/BUILDROOT
DEBUG file_util.py:20:  created dir: /var/lib/mock/alma+epel-8-x86_64/root/builddir/build/BUILDROOT
DEBUG file_util.py:17:  ensuring that dir exists: /var/lib/mock/alma+epel-8-x86_64/root/builddir/build/originals
DEBUG file_util.py:20:  created dir: /var/lib/mock/alma+epel-8-x86_64/root/builddir/build/originals
DEBUG file_util.py:17:  ensuring that dir exists: /var/lib/mock/alma+epel-8-x86_64/root/builddir
DEBUG util.py:717:  child environment: None
DEBUG util.py:636:  Executing command: ['userdel', '-f', 'mockbuild', '--prefix', '/var/lib/mock/alma+epel-8-x86_64/root'] with env {'TERM': 'vt100', 'SHELL': '/bin/sh', 'HOME': '/builddir', 'HOSTNAME': 'mock', 'PATH': '/usr/bin:/bin:/usr/sbin:/sbin', 'LANG': 'C.UTF-8'} and shell False
DEBUG util.py:535:  userdel: user 'mockbuild' does not exist
DEBUG util.py:688:  Child return code was: 6
DEBUG util.py:717:  child environment: None
DEBUG util.py:636:  Executing command: ['groupdel', 'mock', '--prefix', '/var/lib/mock/alma+epel-8-x86_64/root'] with env {'TERM': 'vt100', 'SHELL': '/bin/sh', 'HOME': '/builddir', 'HOSTNAME': 'mock', 'PATH': '/usr/bin:/bin:/usr/sbin:/sbin', 'LANG': 'C.UTF-8'} and shell False
DEBUG util.py:535:  groupdel: group 'mock' does not exist
DEBUG util.py:688:  Child return code was: 6
DEBUG util.py:717:  child environment: None
DEBUG util.py:636:  Executing command: ['groupadd', 'mock', '-g', '135', '--prefix', '/var/lib/mock/alma+epel-8-x86_64/root'] with env {'TERM': 'vt100', 'SHELL': '/bin/sh', 'HOME': '/builddir', 'HOSTNAME': 'mock', 'PATH': '/usr/bin:/bin:/usr/sbin:/sbin', 'LANG': 'C.UTF-8'} and shell False
DEBUG util.py:688:  Child return code was: 0
DEBUG util.py:717:  child environment: None
DEBUG util.py:636:  Executing command: ['useradd', 'mockbuild', '-o', '-u', '0', '-g', '135', '-N', '-d', '/builddir', '--prefix', '/var/lib/mock/alma+epel-8-x86_64/root'] with env {'TERM': 'vt100', 'SHELL': '/bin/sh', 'HOME': '/builddir', 'HOSTNAME': 'mock', 'PATH': '/usr/bin:/bin:/usr/sbin:/sbin', 'LANG': 'C.UTF-8'} and shell False
DEBUG util.py:535:  useradd: warning: the home directory already exists.
DEBUG util.py:535:  Not copying any file from skel directory into it.
DEBUG util.py:688:  Child return code was: 0
DEBUG file_util.py:29:  touching file: /var/lib/mock/alma+epel-8-x86_64/root/.initialized
DEBUG util.py:717:  child environment: None
DEBUG util.py:636:  Executing command: ['sync'] with env {'TERM': 'vt100', 'SHELL': '/bin/sh', 'HOME': '/builddir', 'HOSTNAME': 'mock', 'PATH': '/usr/bin:/bin:/usr/sbin:/sbin', 'LANG': 'C.UTF-8'} and shell False
DEBUG util.py:688:  Child return code was: 0
DEBUG util.py:717:  child environment: None
DEBUG util.py:636:  Executing command: ['/bin/tar', '--one-file-system', '--exclude-caches', '--exclude-caches-under', '--use-compress-program', 'pigz', '-cf', '/var/cache/mock/alma+epel-8-x86_64/root_cache/cache.tar.gz', '-C', '/var/lib/mock/alma+epel-8-x86_64/root', '--exclude=./proc', '--exclude=./sys', '--exclude=./dev', '--exclude=./tmp/ccache', '--exclude=./var/cache/yum', '--exclude=./var/cache/dnf', '--exclude=./var/log', '--exclude=.//proc', '--exclude=.//proc', '--exclude=.//sys', '--exclude=.//sys', '--exclude=.//dev/shm', '--exclude=.//dev/pts', '--exclude=.//proc/filesystems', '--exclude=.//sys/fs/selinux', '--exclude=.//var/cache/yum', '--exclude=.//var/cache/dnf', '--exclude=.//root/mock-localrepo', '.'] with env {'TERM': 'vt100', 'SHELL': '/bin/sh', 'HOME': '/builddir', 'HOSTNAME': 'mock', 'PATH': '/usr/bin:/bin:/usr/sbin:/sbin', 'LANG': 'C.UTF-8'} and shell False
DEBUG util.py:688:  Child return code was: 0
DEBUG file_util.py:17:  ensuring that dir exists: /root/mock-localrepo
DEBUG file_util.py:17:  ensuring that dir exists: /var/lib/mock/alma+epel-8-x86_64/root/root/mock-localrepo
DEBUG file_util.py:20:  created dir: /var/lib/mock/alma+epel-8-x86_64/root/root/mock-localrepo
DEBUG file_util.py:17:  ensuring that dir exists: /var/lib/mock/alma+epel-8-x86_64/root/root/mock-localrepo
DEBUG util.py:717:  child environment: None
DEBUG util.py:636:  Executing command: ['/bin/mount', '-n', '-o', 'bind', '/root/mock-localrepo', '/var/lib/mock/alma+epel-8-x86_64/root/root/mock-localrepo'] with env {'TERM': 'vt100', 'SHELL': '/bin/sh', 'HOME': '/builddir', 'HOSTNAME': 'mock', 'PATH': '/usr/bin:/bin:/usr/sbin:/sbin', 'LANG': 'C.UTF-8'} and shell False
DEBUG util.py:688:  Child return code was: 0
DEBUG file_util.py:17:  ensuring that dir exists: /var/lib/mock/alma+epel-8-x86_64-bootstrap/root/var/lib/mock/alma+epel-8-x86_64/root
DEBUG util.py:717:  child environment: None
DEBUG util.py:636:  Executing command: ['/bin/mount', '-n', '-t', 'tmpfs', '-o', 'private,mode=0755', 'tmpfs', '/var/lib/mock/alma+epel-8-x86_64-bootstrap/root/var/lib/mock/alma+epel-8-x86_64/root'] with env {'TERM': 'vt100', 'SHELL': '/bin/sh', 'HOME': '/builddir', 'HOSTNAME': 'mock', 'PATH': '/usr/bin:/bin:/usr/sbin:/sbin', 'LANG': 'C.UTF-8'} and shell False
DEBUG util.py:688:  Child return code was: 0
DEBUG file_util.py:17:  ensuring that dir exists: /var/lib/mock/alma+epel-8-x86_64-bootstrap/root/var/lib/mock/alma+epel-8-x86_64/root
DEBUG util.py:717:  child environment: None
DEBUG util.py:636:  Executing command: ['/bin/mount', '-n', '-o', 'rbind', '/var/lib/mock/alma+epel-8-x86_64/root', '/var/lib/mock/alma+epel-8-x86_64-bootstrap/root/var/lib/mock/alma+epel-8-x86_64/root'] with env {'TERM': 'vt100', 'SHELL': '/bin/sh', 'HOME': '/builddir', 'HOSTNAME': 'mock', 'PATH': '/usr/bin:/bin:/usr/sbin:/sbin', 'LANG': 'C.UTF-8'} and shell False
DEBUG util.py:688:  Child return code was: 0
DEBUG util.py:717:  child environment: None
DEBUG util.py:636:  Executing command: ['/bin/mount', '-n', '-o', 'remount,private,rbind', '--target', '/var/lib/mock/alma+epel-8-x86_64-bootstrap/root/var/lib/mock/alma+epel-8-x86_64/root'] with env {'TERM': 'vt100', 'SHELL': '/bin/sh', 'HOME': '/builddir', 'HOSTNAME': 'mock', 'PATH': '/usr/bin:/bin:/usr/sbin:/sbin', 'LANG': 'C.UTF-8'} and shell False
DEBUG util.py:688:  Child return code was: 0
DEBUG buildroot.py:723:  removing 3 rpm db files
DEBUG buildroot.py:728:  nuke_rpm_db: removing /var/lib/mock/alma+epel-8-x86_64-bootstrap/root/var/lib/rpm/__db.001
DEBUG buildroot.py:728:  nuke_rpm_db: removing /var/lib/mock/alma+epel-8-x86_64-bootstrap/root/var/lib/rpm/__db.002
DEBUG buildroot.py:728:  nuke_rpm_db: removing /var/lib/mock/alma+epel-8-x86_64-bootstrap/root/var/lib/rpm/__db.003
DEBUG util.py:717:  child environment: None
DEBUG util.py:631:  Using nspawn with args ['--capability=cap_ipc_lock', '--resolv-conf=off']
DEBUG util.py:636:  Executing command: ['/usr/bin/systemd-nspawn', '-q', '-M', 'd67245cfd8a3469c86842a6befe59e57', '-D', '/var/lib/mock/alma+epel-8-x86_64-bootstrap/root', '-a', '--capability=cap_ipc_lock', '--resolv-conf=off', '--setenv=TERM=vt100', '--setenv=SHELL=/bin/bash', '--setenv=HOME=/builddir', '--setenv=HOSTNAME=mock', '--setenv=PATH=/usr/bin:/bin:/usr/sbin:/sbin', '--setenv=PROMPT_COMMAND=printf "\\033]0;<mock-chroot>\\007"', '--setenv=PS1=<mock-chroot> \\s-\\v\\$ ', '--setenv=LANG=C.UTF-8', '/bin/rpm', '-qa', '--root', '/var/lib/mock/alma+epel-8-x86_64/root'] with env {'TERM': 'vt100', 'SHELL': '/bin/bash', 'HOME': '/builddir', 'HOSTNAME': 'mock', 'PATH': '/usr/bin:/bin:/usr/sbin:/sbin', 'PROMPT_COMMAND': 'printf "\\033]0;<mock-chroot>\\007"', 'PS1': '<mock-chroot> \\s-\\v\\$ ', 'LANG': 'C.UTF-8', 'SYSTEMD_NSPAWN_TMPFS_TMP': '0', 'SYSTEMD_SECCOMP': '0'} and shell False
DEBUG util.py:537:  gpg-pubkey-ced7258b-6525146f
DEBUG util.py:537:  libgcc-8.5.0-28.el8_10.alma.1.x86_64
DEBUG util.py:537:  crypto-policies-20230731-1.git3177e06.el8.noarch
DEBUG util.py:537:  python3-setuptools-wheel-39.2.0-9.el8_10.noarch
DEBUG util.py:537:  almalinux-release-8.10-1.el8.x86_64
DEBUG util.py:537:  filesystem-3.8-6.el8.x86_64
DEBUG util.py:537:  python3-rpm-macros-3-45.el8.noarch
DEBUG util.py:537:  ansible-srpm-macros-1-12.el8.noarch
DEBUG util.py:537:  qt5-srpm-macros-5.15.3-1.el8.noarch
DEBUG util.py:537:  openblas-srpm-macros-2-2.el8.noarch
DEBUG util.py:537:  go-srpm-macros-2-17.el8.noarch
DEBUG util.py:537:  tzdata-2026c-1.el8_10.noarch
DEBUG util.py:537:  pkgconf-m4-1.4.2-1.el8.noarch
DEBUG util.py:537:  pcre2-10.32-3.el8_6.x86_64
DEBUG util.py:537:  glibc-all-langpacks-2.28-251.el8_10.40.x86_64
DEBUG util.py:537:  glibc-gconv-extra-2.28-251.el8_10.40.x86_64
DEBUG util.py:537:  glibc-2.28-251.el8_10.40.x86_64
DEBUG util.py:537:  libsepol-2.9-3.el8.x86_64
DEBUG util.py:537:  info-6.5-7.el8.x86_64
DEBUG util.py:537:  xz-libs-5.2.4-4.el8_6.x86_64
DEBUG util.py:537:  libacl-2.4.0-1.el8_10.x86_64
DEBUG util.py:537:  libxcrypt-4.1.1-6.el8.x86_64
DEBUG util.py:537:  elfutils-libelf-0.190-2.el8.alma.1.x86_64
DEBUG util.py:537:  readline-7.0-10.el8.x86_64
DEBUG util.py:537:  libcap-2.48-6.el8_10.1.x86_64
DEBUG util.py:537:  sed-4.5-5.el8_10.x86_64
DEBUG util.py:537:  libuuid-2.32.1-48.el8_10.x86_64
DEBUG util.py:537:  libunistring-0.9.9-3.el8.x86_64
DEBUG util.py:537:  libgpg-error-1.31-1.el8.x86_64
DEBUG util.py:537:  p11-kit-0.23.22-2.el8.x86_64
DEBUG util.py:537:  libmpc-1.1.0-9.1.el8.x86_64
DEBUG util.py:537:  libattr-2.6.0-1.el8_10.x86_64
DEBUG util.py:537:  libgcrypt-1.8.5-8.el8_10.x86_64
DEBUG util.py:537:  findutils-4.6.0-24.el8_10.x86_64
DEBUG util.py:537:  elfutils-libs-0.190-2.el8.alma.1.x86_64
DEBUG util.py:537:  gdbm-libs-1.18-2.el8.x86_64
DEBUG util.py:537:  libcap-ng-0.7.11-1.el8.x86_64
DEBUG util.py:537:  libtasn1-4.13-6.el8_10.x86_64
DEBUG util.py:537:  lz4-libs-1.8.3-5.el8_10.x86_64
DEBUG util.py:537:  grep-3.1-6.el8.x86_64
DEBUG util.py:537:  libsemanage-2.9-12.el8_10.x86_64
DEBUG util.py:537:  elfutils-0.190-2.el8.alma.1.x86_64
DEBUG util.py:537:  patch-2.7.6-11.el8.x86_64
DEBUG util.py:537:  libpsl-0.20.2-6.el8.x86_64
DEBUG util.py:537:  libksba-1.3.5-9.el8_7.x86_64
DEBUG util.py:537:  libstdc++-devel-8.5.0-28.el8_10.alma.1.x86_64
DEBUG util.py:537:  tar-1.30-11.el8_10.x86_64
DEBUG util.py:537:  gnutls-3.6.16-8.el8_10.6.x86_64
DEBUG util.py:537:  libxml2-2.9.7-21.el8_10.7.x86_64
DEBUG util.py:537:  coreutils-common-8.30-20.el8_10.x86_64
DEBUG util.py:537:  libgomp-8.5.0-28.el8_10.alma.1.x86_64
DEBUG util.py:537:  cpio-2.12-11.el8.x86_64
DEBUG util.py:537:  libpkgconf-1.4.2-1.el8.x86_64
DEBUG util.py:537:  pkgconf-pkg-config-1.4.2-1.el8.x86_64
DEBUG util.py:537:  gawk-4.2.1-4.el8.x86_64
DEBUG util.py:537:  libtool-ltdl-2.4.6-25.el8.x86_64
DEBUG util.py:537:  ncurses-6.1-10.20180224.el8.x86_64
DEBUG util.py:537:  coreutils-8.30-20.el8_10.x86_64
DEBUG util.py:537:  libdb-5.3.28-42.el8_4.x86_64
DEBUG util.py:537:  libtirpc-1.1.4-12.el8_10.x86_64
DEBUG util.py:537:  libmount-2.32.1-48.el8_10.x86_64
DEBUG util.py:537:  libnsl2-1.2.0-2.20180605git4a062cf.el8.x86_64
DEBUG util.py:537:  platform-python-3.6.8-78.el8_10.alma.1.x86_64
DEBUG util.py:537:  binutils-2.30-128.el8_10.x86_64
DEBUG util.py:537:  cracklib-2.9.6-15.el8.x86_64
DEBUG util.py:537:  shadow-utils-4.6-23.el8_10.x86_64
DEBUG util.py:537:  tpm2-tss-2.3.2-6.el8.x86_64
DEBUG util.py:537:  libpwquality-1.4.4-6.el8.x86_64
DEBUG util.py:537:  libusbx-1.0.30-1.el8_10.x86_64
DEBUG util.py:537:  libbabeltrace-1.5.4-4.el8.x86_64
DEBUG util.py:537:  cyrus-sasl-lib-2.1.27-6.el8_5.x86_64
DEBUG util.py:537:  libdb-utils-5.3.28-42.el8_4.x86_64
DEBUG util.py:537:  npth-1.5-4.el8.x86_64
DEBUG util.py:537:  libatomic_ops-7.6.2-3.el8.x86_64
DEBUG util.py:537:  guile-2.0.14-7.el8.x86_64
DEBUG util.py:537:  libssh-config-0.9.6-17.el8_10.noarch
DEBUG util.py:537:  libcurl-7.61.1-34.el8_10.13.x86_64
DEBUG util.py:537:  rpm-libs-4.14.3-32.el8_10.x86_64
DEBUG util.py:537:  efi-srpm-macros-3-3.el8.noarch
DEBUG util.py:537:  rpm-build-libs-4.14.3-32.el8_10.x86_64
DEBUG util.py:537:  kernel-headers-4.18.0-553.164.1.el8_10.x86_64
DEBUG util.py:537:  glibc-devel-2.28-251.el8_10.40.x86_64
DEBUG util.py:537:  gcc-8.5.0-28.el8_10.alma.1.x86_64
DEBUG util.py:537:  gcc-plugin-annobin-8.5.0-28.el8_10.alma.1.x86_64
DEBUG util.py:537:  rpm-build-4.14.3-32.el8_10.x86_64
DEBUG util.py:537:  epel-rpm-macros-8-43.noarch
DEBUG util.py:537:  which-2.21-21.el8_10.x86_64
DEBUG util.py:537:  gpg-pubkey-3abb34f8-5ffd890e
DEBUG util.py:537:  gpg-pubkey-2f86d6a1-5cf7cefb
DEBUG util.py:537:  python-srpm-macros-3-45.el8.noarch
DEBUG util.py:537:  python-rpm-macros-3-45.el8.noarch
DEBUG util.py:537:  python3-pip-wheel-9.0.3-24.el8.noarch
DEBUG util.py:537:  setup-2.12.2-9.el8.noarch
DEBUG util.py:537:  basesystem-11-5.el8.noarch
DEBUG util.py:537:  fpc-srpm-macros-1.3-1.el8.noarch
DEBUG util.py:537:  rust-srpm-macros-5-2.el8.noarch
DEBUG util.py:537:  perl-srpm-macros-1-25.el8.noarch
DEBUG util.py:537:  ocaml-srpm-macros-5-4.el8.noarch
DEBUG util.py:537:  ghc-srpm-macros-1.4.2-7.el8.noarch
DEBUG util.py:537:  publicsuffix-list-dafsa-20180723-1.el8.noarch
DEBUG util.py:537:  ncurses-base-6.1-10.20180224.el8.noarch
DEBUG util.py:537:  libselinux-2.9-11.el8_10.x86_64
DEBUG util.py:537:  ncurses-libs-6.1-10.20180224.el8.x86_64
DEBUG util.py:537:  glibc-common-2.28-251.el8_10.40.x86_64
DEBUG util.py:537:  bash-4.4.20-6.el8_10.x86_64
DEBUG util.py:537:  zlib-1.2.11-25.el8.x86_64
DEBUG util.py:537:  bzip2-libs-1.0.6-28.el8_10.x86_64
DEBUG util.py:537:  gmp-6.1.2-11.el8.x86_64
DEBUG util.py:537:  libstdc++-8.5.0-28.el8_10.alma.1.x86_64
DEBUG util.py:537:  libzstd-1.4.4-1.el8.x86_64
DEBUG util.py:537:  mpfr-3.1.6-1.el8.x86_64
DEBUG util.py:537:  sqlite-libs-3.26.0-21.el8_10.x86_64
DEBUG util.py:537:  popt-1.18-1.el8.x86_64
DEBUG util.py:537:  libcom_err-1.45.6-7.el8_10.x86_64
DEBUG util.py:537:  chkconfig-1.19.2-1.el8.x86_64
DEBUG util.py:537:  libffi-3.1-24.el8.x86_64
DEBUG util.py:537:  lua-libs-5.3.4-12.el8.x86_64
DEBUG util.py:537:  libidn2-2.2.0-1.el8.x86_64
DEBUG util.py:537:  file-libs-5.33-27.el8_10.x86_64
DEBUG util.py:537:  file-5.33-27.el8_10.x86_64
DEBUG util.py:537:  unzip-6.0-48.el8_10.x86_64
DEBUG util.py:537:  elfutils-default-yama-scope-0.190-2.el8.alma.1.noarch
DEBUG util.py:537:  expat-2.5.0-2.el8_10.2.x86_64
DEBUG util.py:537:  keyutils-libs-1.5.10-9.el8.x86_64
DEBUG util.py:537:  audit-libs-3.1.2-1.el8_10.1.x86_64
DEBUG util.py:537:  p11-kit-trust-0.23.22-2.el8.x86_64
DEBUG util.py:537:  pcre-8.42-6.el8.x86_64
DEBUG util.py:537:  xz-5.2.4-4.el8_6.x86_64
DEBUG util.py:537:  gdbm-1.18-2.el8.x86_64
DEBUG util.py:537:  zip-3.0-23.el8.x86_64
DEBUG util.py:537:  cpp-8.5.0-28.el8_10.alma.1.x86_64
DEBUG util.py:537:  libassuan-2.5.1-3.el8.x86_64
DEBUG util.py:537:  dwz-0.12-10.el8.x86_64
DEBUG util.py:537:  zstd-1.4.4-1.el8.x86_64
DEBUG util.py:537:  nettle-3.4.1-7.el8.x86_64
DEBUG util.py:537:  isl-0.16.1-6.el8.x86_64
DEBUG util.py:537:  bzip2-1.0.6-28.el8_10.x86_64
DEBUG util.py:537:  diffutils-3.6-6.el8.x86_64
DEBUG util.py:537:  brotli-1.0.6-4.el8_10.x86_64
DEBUG util.py:537:  libnghttp2-1.33.0-6.el8_10.3.x86_64
DEBUG util.py:537:  pkgconf-1.4.2-1.el8.x86_64
DEBUG util.py:537:  libsigsegv-2.11-5.el8.x86_64
DEBUG util.py:537:  libsmartcols-2.32.1-48.el8_10.x86_64
DEBUG util.py:537:  libverto-0.3.2-2.el8.x86_64
DEBUG util.py:537:  openssl-libs-1.1.1k-17.el8_6.x86_64
DEBUG util.py:537:  ca-certificates-2025.2.80_v9.0.304-80.2.el8_10.noarch
DEBUG util.py:537:  krb5-libs-1.18.2-34.el8_10.x86_64
DEBUG util.py:537:  libblkid-2.32.1-48.el8_10.x86_64
DEBUG util.py:537:  systemd-libs-239-82.el8_10.19.x86_64
DEBUG util.py:537:  platform-python-setuptools-39.2.0-9.el8_10.noarch
DEBUG util.py:537:  python3-libs-3.6.8-78.el8_10.alma.1.x86_64
DEBUG util.py:537:  gzip-1.9-15.el8_10.x86_64
DEBUG util.py:537:  cracklib-dicts-2.9.6-15.el8.x86_64
DEBUG util.py:537:  libutempter-1.1.6-14.el8.x86_64
DEBUG util.py:537:  ima-evm-utils-1.3.2-12.el8.x86_64
DEBUG util.py:537:  pam-1.3.1-40.el8_10.x86_64
DEBUG util.py:537:  glib2-2.56.4-178.el8_10.x86_64
DEBUG util.py:537:  libfdisk-2.32.1-48.el8_10.x86_64
DEBUG util.py:537:  openldap-2.4.46-21.el8_10.x86_64
DEBUG util.py:537:  libarchive-3.3.3-7.el8_10.x86_64
DEBUG util.py:537:  gnupg2-2.2.20-4.el8_10.x86_64
DEBUG util.py:537:  gc-7.6.4-3.el8.x86_64
DEBUG util.py:537:  libipt-1.6.1-8.el8.x86_64
DEBUG util.py:537:  libssh-0.9.6-17.el8_10.x86_64
DEBUG util.py:537:  curl-7.61.1-34.el8_10.13.x86_64
DEBUG util.py:537:  rpm-4.14.3-32.el8_10.x86_64
DEBUG util.py:537:  lua-srpm-macros-1-13.el8.noarch
DEBUG util.py:537:  gdb-headless-8.2-20.el8.x86_64
DEBUG util.py:537:  glibc-headers-2.28-251.el8_10.40.x86_64
DEBUG util.py:537:  libxcrypt-devel-4.1.1-6.el8.x86_64
DEBUG util.py:537:  annobin-13.27-1.el8_10.x86_64
DEBUG util.py:537:  redhat-rpm-config-131-1.el8.alma.noarch
DEBUG util.py:537:  gcc-c++-8.5.0-28.el8_10.alma.1.x86_64
DEBUG util.py:537:  util-linux-2.32.1-48.el8_10.x86_64
DEBUG util.py:537:  make-4.2.1-11.el8.x86_64
DEBUG util.py:688:  Child return code was: 0
DEBUG util.py:200:  kill orphans in chroot /var/lib/mock/alma+epel-8-x86_64/root
DEBUG util.py:200:  kill orphans in chroot /var/lib/mock/alma+epel-8-x86_64-bootstrap/root/var/lib/mock/alma+epel-8-x86_64/root
DEBUG util.py:717:  child environment: None
DEBUG util.py:636:  Executing command: ['/bin/umount', '-n', '-l', '/var/lib/mock/alma+epel-8-x86_64-bootstrap/root/var/lib/mock/alma+epel-8-x86_64/root'] with env {'TERM': 'vt100', 'SHELL': '/bin/sh', 'HOME': '/builddir', 'HOSTNAME': 'mock', 'PATH': '/usr/bin:/bin:/usr/sbin:/sbin', 'LANG': 'C.UTF-8'} and shell False
DEBUG util.py:688:  Child return code was: 0
DEBUG util.py:717:  child environment: None
DEBUG util.py:636:  Executing command: ['/bin/umount', '-n', '-l', '/var/lib/mock/alma+epel-8-x86_64-bootstrap/root/var/lib/mock/alma+epel-8-x86_64/root'] with env {'TERM': 'vt100', 'SHELL': '/bin/sh', 'HOME': '/builddir', 'HOSTNAME': 'mock', 'PATH': '/usr/bin:/bin:/usr/sbin:/sbin', 'LANG': 'C.UTF-8'} and shell False
DEBUG util.py:688:  Child return code was: 0
INFO backend.py:229:  Installed packages:
INFO backend.py:230:  almalinux-release-8.10-1.el8.x86_64
annobin-13.27-1.el8_10.x86_64
ansible-srpm-macros-1-12.el8.noarch
audit-libs-3.1.2-1.el8_10.1.x86_64
basesystem-11-5.el8.noarch
bash-4.4.20-6.el8_10.x86_64
binutils-2.30-128.el8_10.x86_64
brotli-1.0.6-4.el8_10.x86_64
bzip2-1.0.6-28.el8_10.x86_64
bzip2-libs-1.0.6-28.el8_10.x86_64
ca-certificates-2025.2.80_v9.0.304-80.2.el8_10.noarch
chkconfig-1.19.2-1.el8.x86_64
coreutils-8.30-20.el8_10.x86_64
coreutils-common-8.30-20.el8_10.x86_64
cpio-2.12-11.el8.x86_64
cpp-8.5.0-28.el8_10.alma.1.x86_64
cracklib-2.9.6-15.el8.x86_64
cracklib-dicts-2.9.6-15.el8.x86_64
crypto-policies-20230731-1.git3177e06.el8.noarch
curl-7.61.1-34.el8_10.13.x86_64
cyrus-sasl-lib-2.1.27-6.el8_5.x86_64
diffutils-3.6-6.el8.x86_64
dwz-0.12-10.el8.x86_64
efi-srpm-macros-3-3.el8.noarch
elfutils-0.190-2.el8.alma.1.x86_64
elfutils-default-yama-scope-0.190-2.el8.alma.1.noarch
elfutils-libelf-0.190-2.el8.alma.1.x86_64
elfutils-libs-0.190-2.el8.alma.1.x86_64
epel-rpm-macros-8-43.noarch
expat-2.5.0-2.el8_10.2.x86_64
file-5.33-27.el8_10.x86_64
file-libs-5.33-27.el8_10.x86_64
filesystem-3.8-6.el8.x86_64
findutils-4.6.0-24.el8_10.x86_64
fpc-srpm-macros-1.3-1.el8.noarch
gawk-4.2.1-4.el8.x86_64
gc-7.6.4-3.el8.x86_64
gcc-8.5.0-28.el8_10.alma.1.x86_64
gcc-c++-8.5.0-28.el8_10.alma.1.x86_64
gcc-plugin-annobin-8.5.0-28.el8_10.alma.1.x86_64
gdb-headless-8.2-20.el8.x86_64
gdbm-1.18-2.el8.x86_64
gdbm-libs-1.18-2.el8.x86_64
ghc-srpm-macros-1.4.2-7.el8.noarch
glib2-2.56.4-178.el8_10.x86_64
glibc-2.28-251.el8_10.40.x86_64
glibc-all-langpacks-2.28-251.el8_10.40.x86_64
glibc-common-2.28-251.el8_10.40.x86_64
glibc-devel-2.28-251.el8_10.40.x86_64
glibc-gconv-extra-2.28-251.el8_10.40.x86_64
glibc-headers-2.28-251.el8_10.40.x86_64
gmp-6.1.2-11.el8.x86_64
gnupg2-2.2.20-4.el8_10.x86_64
gnutls-3.6.16-8.el8_10.6.x86_64
go-srpm-macros-2-17.el8.noarch
gpg-pubkey-2f86d6a1-5cf7cefb
gpg-pubkey-3abb34f8-5ffd890e
gpg-pubkey-ced7258b-6525146f
grep-3.1-6.el8.x86_64
guile-2.0.14-7.el8.x86_64
gzip-1.9-15.el8_10.x86_64
ima-evm-utils-1.3.2-12.el8.x86_64
info-6.5-7.el8.x86_64
isl-0.16.1-6.el8.x86_64
kernel-headers-4.18.0-553.164.1.el8_10.x86_64
keyutils-libs-1.5.10-9.el8.x86_64
krb5-libs-1.18.2-34.el8_10.x86_64
libacl-2.4.0-1.el8_10.x86_64
libarchive-3.3.3-7.el8_10.x86_64
libassuan-2.5.1-3.el8.x86_64
libatomic_ops-7.6.2-3.el8.x86_64
libattr-2.6.0-1.el8_10.x86_64
libbabeltrace-1.5.4-4.el8.x86_64
libblkid-2.32.1-48.el8_10.x86_64
libcap-2.48-6.el8_10.1.x86_64
libcap-ng-0.7.11-1.el8.x86_64
libcom_err-1.45.6-7.el8_10.x86_64
libcurl-7.61.1-34.el8_10.13.x86_64
libdb-5.3.28-42.el8_4.x86_64
libdb-utils-5.3.28-42.el8_4.x86_64
libfdisk-2.32.1-48.el8_10.x86_64
libffi-3.1-24.el8.x86_64
libgcc-8.5.0-28.el8_10.alma.1.x86_64
libgcrypt-1.8.5-8.el8_10.x86_64
libgomp-8.5.0-28.el8_10.alma.1.x86_64
libgpg-error-1.31-1.el8.x86_64
libidn2-2.2.0-1.el8.x86_64
libipt-1.6.1-8.el8.x86_64
libksba-1.3.5-9.el8_7.x86_64
libmount-2.32.1-48.el8_10.x86_64
libmpc-1.1.0-9.1.el8.x86_64
libnghttp2-1.33.0-6.el8_10.3.x86_64
libnsl2-1.2.0-2.20180605git4a062cf.el8.x86_64
libpkgconf-1.4.2-1.el8.x86_64
libpsl-0.20.2-6.el8.x86_64
libpwquality-1.4.4-6.el8.x86_64
libselinux-2.9-11.el8_10.x86_64
libsemanage-2.9-12.el8_10.x86_64
libsepol-2.9-3.el8.x86_64
libsigsegv-2.11-5.el8.x86_64
libsmartcols-2.32.1-48.el8_10.x86_64
libssh-0.9.6-17.el8_10.x86_64
libssh-config-0.9.6-17.el8_10.noarch
libstdc++-8.5.0-28.el8_10.alma.1.x86_64
libstdc++-devel-8.5.0-28.el8_10.alma.1.x86_64
libtasn1-4.13-6.el8_10.x86_64
libtirpc-1.1.4-12.el8_10.x86_64
libtool-ltdl-2.4.6-25.el8.x86_64
libunistring-0.9.9-3.el8.x86_64
libusbx-1.0.30-1.el8_10.x86_64
libutempter-1.1.6-14.el8.x86_64
libuuid-2.32.1-48.el8_10.x86_64
libverto-0.3.2-2.el8.x86_64
libxcrypt-4.1.1-6.el8.x86_64
libxcrypt-devel-4.1.1-6.el8.x86_64
libxml2-2.9.7-21.el8_10.7.x86_64
libzstd-1.4.4-1.el8.x86_64
lua-libs-5.3.4-12.el8.x86_64
lua-srpm-macros-1-13.el8.noarch
lz4-libs-1.8.3-5.el8_10.x86_64
make-4.2.1-11.el8.x86_64
mpfr-3.1.6-1.el8.x86_64
ncurses-6.1-10.20180224.el8.x86_64
ncurses-base-6.1-10.20180224.el8.noarch
ncurses-libs-6.1-10.20180224.el8.x86_64
nettle-3.4.1-7.el8.x86_64
npth-1.5-4.el8.x86_64
ocaml-srpm-macros-5-4.el8.noarch
openblas-srpm-macros-2-2.el8.noarch
openldap-2.4.46-21.el8_10.x86_64
openssl-libs-1.1.1k-17.el8_6.x86_64
p11-kit-0.23.22-2.el8.x86_64
p11-kit-trust-0.23.22-2.el8.x86_64
pam-1.3.1-40.el8_10.x86_64
patch-2.7.6-11.el8.x86_64
pcre-8.42-6.el8.x86_64
pcre2-10.32-3.el8_6.x86_64
perl-srpm-macros-1-25.el8.noarch
pkgconf-1.4.2-1.el8.x86_64
pkgconf-m4-1.4.2-1.el8.noarch
pkgconf-pkg-config-1.4.2-1.el8.x86_64
platform-python-3.6.8-78.el8_10.alma.1.x86_64
platform-python-setuptools-39.2.0-9.el8_10.noarch
popt-1.18-1.el8.x86_64
publicsuffix-list-dafsa-20180723-1.el8.noarch
python-rpm-macros-3-45.el8.noarch
python-srpm-macros-3-45.el8.noarch
python3-libs-3.6.8-78.el8_10.alma.1.x86_64
python3-pip-wheel-9.0.3-24.el8.noarch
python3-rpm-macros-3-45.el8.noarch
python3-setuptools-wheel-39.2.0-9.el8_10.noarch
qt5-srpm-macros-5.15.3-1.el8.noarch
readline-7.0-10.el8.x86_64
redhat-rpm-config-131-1.el8.alma.noarch
rpm-4.14.3-32.el8_10.x86_64
rpm-build-4.14.3-32.el8_10.x86_64
rpm-build-libs-4.14.3-32.el8_10.x86_64
rpm-libs-4.14.3-32.el8_10.x86_64
rust-srpm-macros-5-2.el8.noarch
sed-4.5-5.el8_10.x86_64
setup-2.12.2-9.el8.noarch
shadow-utils-4.6-23.el8_10.x86_64
sqlite-libs-3.26.0-21.el8_10.x86_64
systemd-libs-239-82.el8_10.19.x86_64
tar-1.30-11.el8_10.x86_64
tpm2-tss-2.3.2-6.el8.x86_64
tzdata-2026c-1.el8_10.noarch
unzip-6.0-48.el8_10.x86_64
util-linux-2.32.1-48.el8_10.x86_64
which-2.21-21.el8_10.x86_64
xz-5.2.4-4.el8_6.x86_64
xz-libs-5.2.4-4.el8_6.x86_64
zip-3.0-23.el8.x86_64
zlib-1.2.11-25.el8.x86_64
zstd-1.4.4-1.el8.x86_64
DEBUG util.py:717:  child environment: None
DEBUG util.py:631:  Using nspawn with args ['--capability=cap_ipc_lock', '--bind=/dev/mapper/control', '--bind=/dev/fuse', '--bind=/dev/loop-control', '--bind=/dev/loop0', '--bind=/dev/loop1', '--bind=/dev/loop2', '--bind=/dev/loop3', '--bind=/dev/loop4', '--bind=/dev/loop5', '--bind=/dev/loop6', '--bind=/dev/loop7', '--bind=/dev/loop8', '--bind=/dev/loop9', '--bind=/dev/loop10', '--bind=/dev/loop11', '--resolv-conf=off']
DEBUG util.py:636:  Executing command: ['/usr/bin/systemd-nspawn', '-q', '-M', '1f32b141ccb245d4b5b9b17f29a72080', '-D', '/var/lib/mock/alma+epel-8-x86_64/root', '-a', '-u', 'mockbuild', '--capability=cap_ipc_lock', '--bind=/dev/mapper/control', '--bind=/dev/fuse', '--bind=/dev/loop-control', '--bind=/dev/loop0', '--bind=/dev/loop1', '--bind=/dev/loop2', '--bind=/dev/loop3', '--bind=/dev/loop4', '--bind=/dev/loop5', '--bind=/dev/loop6', '--bind=/dev/loop7', '--bind=/dev/loop8', '--bind=/dev/loop9', '--bind=/dev/loop10', '--bind=/dev/loop11', '--resolv-conf=off', '--setenv=TERM=vt100', '--setenv=SHELL=/bin/bash', '--setenv=HOME=/builddir', '--setenv=HOSTNAME=mock', '--setenv=PATH=/usr/bin:/bin:/usr/sbin:/sbin', '--setenv=PROMPT_COMMAND=printf "\\033]0;<mock-chroot>\\007"', '--setenv=PS1=<mock-chroot> \\s-\\v\\$ ', '--setenv=LANG=C.UTF-8', '/bin/rpm', '-Uvh', '--nodeps', '/builddir/build/originals/nginx-1.30.5-1.alma8.src.rpm'] with env {'TERM': 'vt100', 'SHELL': '/bin/bash', 'HOME': '/builddir', 'HOSTNAME': 'mock', 'PATH': '/usr/bin:/bin:/usr/sbin:/sbin', 'PROMPT_COMMAND': 'printf "\\033]0;<mock-chroot>\\007"', 'PS1': '<mock-chroot> \\s-\\v\\$ ', 'LANG': 'C.UTF-8', 'SYSTEMD_NSPAWN_TMPFS_TMP': '0', 'SYSTEMD_SECCOMP': '0'} and shell False
DEBUG util.py:537:  Updating / installing...
DEBUG util.py:537:  nginx-2:1.30.5-1.alma8                ########################################
DEBUG util.py:688:  Child return code was: 0
DEBUG buildroot.py:723:  removing 3 rpm db files
DEBUG buildroot.py:728:  nuke_rpm_db: removing /var/lib/mock/alma+epel-8-x86_64/root/var/lib/rpm/__db.001
DEBUG buildroot.py:728:  nuke_rpm_db: removing /var/lib/mock/alma+epel-8-x86_64/root/var/lib/rpm/__db.002
DEBUG buildroot.py:728:  nuke_rpm_db: removing /var/lib/mock/alma+epel-8-x86_64/root/var/lib/rpm/__db.003
DEBUG util.py:717:  child environment: None
DEBUG util.py:631:  Using nspawn with args ['--capability=cap_ipc_lock', '--bind=/dev/mapper/control', '--bind=/dev/fuse', '--bind=/dev/loop-control', '--bind=/dev/loop0', '--bind=/dev/loop1', '--bind=/dev/loop2', '--bind=/dev/loop3', '--bind=/dev/loop4', '--bind=/dev/loop5', '--bind=/dev/loop6', '--bind=/dev/loop7', '--bind=/dev/loop8', '--bind=/dev/loop9', '--bind=/dev/loop10', '--bind=/dev/loop11', '--resolv-conf=off']
DEBUG util.py:636:  Executing command: ['/usr/bin/systemd-nspawn', '-q', '-M', '5b0b85951b1846fda2efaa7453330349', '-D', '/var/lib/mock/alma+epel-8-x86_64/root', '-a', '-u', 'mockbuild', '--capability=cap_ipc_lock', '--bind=/dev/mapper/control', '--bind=/dev/fuse', '--bind=/dev/loop-control', '--bind=/dev/loop0', '--bind=/dev/loop1', '--bind=/dev/loop2', '--bind=/dev/loop3', '--bind=/dev/loop4', '--bind=/dev/loop5', '--bind=/dev/loop6', '--bind=/dev/loop7', '--bind=/dev/loop8', '--bind=/dev/loop9', '--bind=/dev/loop10', '--bind=/dev/loop11', '--resolv-conf=off', '--setenv=TERM=vt100', '--setenv=SHELL=/bin/bash', '--setenv=HOME=/builddir', '--setenv=HOSTNAME=mock', '--setenv=PATH=/usr/bin:/bin:/usr/sbin:/sbin', '--setenv=PROMPT_COMMAND=printf "\\033]0;<mock-chroot>\\007"', '--setenv=PS1=<mock-chroot> \\s-\\v\\$ ', '--setenv=LANG=C.UTF-8', '/bin/rpm', '-qpl', '/builddir/build/originals/nginx-1.30.5-1.alma8.src.rpm'] with env {'TERM': 'vt100', 'SHELL': '/bin/bash', 'HOME': '/builddir', 'HOSTNAME': 'mock', 'PATH': '/usr/bin:/bin:/usr/sbin:/sbin', 'PROMPT_COMMAND': 'printf "\\033]0;<mock-chroot>\\007"', 'PS1': '<mock-chroot> \\s-\\v\\$ ', 'LANG': 'C.UTF-8', 'SYSTEMD_NSPAWN_TMPFS_TMP': '0', 'SYSTEMD_SECCOMP': '0'} and shell False
DEBUG util.py:537:  0.1.1.tar.gz
DEBUG util.py:537:  logrotate
DEBUG util.py:537:  nginx-1.30.5.tar.gz
DEBUG util.py:537:  nginx-debug.service
DEBUG util.py:537:  nginx.check-reload.sh
DEBUG util.py:537:  nginx.conf
DEBUG util.py:537:  nginx.copyright
DEBUG util.py:537:  nginx.default.conf
DEBUG util.py:537:  nginx.service
DEBUG util.py:537:  nginx.spec
DEBUG util.py:537:  nginx.suse.logrotate
DEBUG util.py:537:  nginx.upgrade.sh
DEBUG util.py:537:  openssl-3.5.8.tar.gz
DEBUG util.py:537:  v1.0.4.tar.gz
DEBUG util.py:688:  Child return code was: 0
DEBUG buildroot.py:723:  removing 3 rpm db files
DEBUG buildroot.py:728:  nuke_rpm_db: removing /var/lib/mock/alma+epel-8-x86_64/root/var/lib/rpm/__db.001
DEBUG buildroot.py:728:  nuke_rpm_db: removing /var/lib/mock/alma+epel-8-x86_64/root/var/lib/rpm/__db.002
DEBUG buildroot.py:728:  nuke_rpm_db: removing /var/lib/mock/alma+epel-8-x86_64/root/var/lib/rpm/__db.003
DEBUG file_util.py:17:  ensuring that dir exists: /var/lib/mock/alma+epel-8-x86_64-bootstrap/root/var/lib/mock/alma+epel-8-x86_64/root
DEBUG util.py:717:  child environment: None
DEBUG util.py:636:  Executing command: ['/bin/mount', '-n', '-t', 'tmpfs', '-o', 'private,mode=0755', 'tmpfs', '/var/lib/mock/alma+epel-8-x86_64-bootstrap/root/var/lib/mock/alma+epel-8-x86_64/root'] with env {'TERM': 'vt100', 'SHELL': '/bin/sh', 'HOME': '/builddir', 'HOSTNAME': 'mock', 'PATH': '/usr/bin:/bin:/usr/sbin:/sbin', 'LANG': 'C.UTF-8'} and shell False
DEBUG util.py:688:  Child return code was: 0
DEBUG file_util.py:17:  ensuring that dir exists: /var/lib/mock/alma+epel-8-x86_64-bootstrap/root/var/lib/mock/alma+epel-8-x86_64/root
DEBUG util.py:717:  child environment: None
DEBUG util.py:636:  Executing command: ['/bin/mount', '-n', '-o', 'rbind', '/var/lib/mock/alma+epel-8-x86_64/root', '/var/lib/mock/alma+epel-8-x86_64-bootstrap/root/var/lib/mock/alma+epel-8-x86_64/root'] with env {'TERM': 'vt100', 'SHELL': '/bin/sh', 'HOME': '/builddir', 'HOSTNAME': 'mock', 'PATH': '/usr/bin:/bin:/usr/sbin:/sbin', 'LANG': 'C.UTF-8'} and shell False
DEBUG util.py:688:  Child return code was: 0
DEBUG util.py:717:  child environment: None
DEBUG util.py:636:  Executing command: ['/bin/mount', '-n', '-o', 'remount,private,rbind', '--target', '/var/lib/mock/alma+epel-8-x86_64-bootstrap/root/var/lib/mock/alma+epel-8-x86_64/root'] with env {'TERM': 'vt100', 'SHELL': '/bin/sh', 'HOME': '/builddir', 'HOSTNAME': 'mock', 'PATH': '/usr/bin:/bin:/usr/sbin:/sbin', 'LANG': 'C.UTF-8'} and shell False
DEBUG util.py:688:  Child return code was: 0
DEBUG util.py:717:  child environment: None
DEBUG util.py:631:  Using nspawn with args ['--capability=cap_ipc_lock', '--resolv-conf=off']
DEBUG util.py:636:  Executing command: ['/usr/bin/systemd-nspawn', '-q', '-M', 'bc5cfeeaf95c43268b902200e5fce254', '-D', '/var/lib/mock/alma+epel-8-x86_64-bootstrap/root', '-a', '--capability=cap_ipc_lock', '--resolv-conf=off', '--setenv=TERM=vt100', '--setenv=SHELL=/bin/bash', '--setenv=HOME=/builddir', '--setenv=HOSTNAME=mock', '--setenv=PATH=/usr/bin:/bin:/usr/sbin:/sbin', '--setenv=PROMPT_COMMAND=printf "\\033]0;<mock-chroot>\\007"', '--setenv=PS1=<mock-chroot> \\s-\\v\\$ ', '--setenv=LANG=C.UTF-8', '/bin/rpm', '-qa', '--root', '/var/lib/mock/alma+epel-8-x86_64/root'] with env {'TERM': 'vt100', 'SHELL': '/bin/bash', 'HOME': '/builddir', 'HOSTNAME': 'mock', 'PATH': '/usr/bin:/bin:/usr/sbin:/sbin', 'PROMPT_COMMAND': 'printf "\\033]0;<mock-chroot>\\007"', 'PS1': '<mock-chroot> \\s-\\v\\$ ', 'LANG': 'C.UTF-8', 'SYSTEMD_NSPAWN_TMPFS_TMP': '0', 'SYSTEMD_SECCOMP': '0'} and shell False
DEBUG util.py:537:  gpg-pubkey-ced7258b-6525146f
DEBUG util.py:537:  libgcc-8.5.0-28.el8_10.alma.1.x86_64
DEBUG util.py:537:  crypto-policies-20230731-1.git3177e06.el8.noarch
DEBUG util.py:537:  python3-setuptools-wheel-39.2.0-9.el8_10.noarch
DEBUG util.py:537:  almalinux-release-8.10-1.el8.x86_64
DEBUG util.py:537:  filesystem-3.8-6.el8.x86_64
DEBUG util.py:537:  python3-rpm-macros-3-45.el8.noarch
DEBUG util.py:537:  ansible-srpm-macros-1-12.el8.noarch
DEBUG util.py:537:  qt5-srpm-macros-5.15.3-1.el8.noarch
DEBUG util.py:537:  openblas-srpm-macros-2-2.el8.noarch
DEBUG util.py:537:  go-srpm-macros-2-17.el8.noarch
DEBUG util.py:537:  tzdata-2026c-1.el8_10.noarch
DEBUG util.py:537:  pkgconf-m4-1.4.2-1.el8.noarch
DEBUG util.py:537:  pcre2-10.32-3.el8_6.x86_64
DEBUG util.py:537:  glibc-all-langpacks-2.28-251.el8_10.40.x86_64
DEBUG util.py:537:  glibc-gconv-extra-2.28-251.el8_10.40.x86_64
DEBUG util.py:537:  glibc-2.28-251.el8_10.40.x86_64
DEBUG util.py:537:  libsepol-2.9-3.el8.x86_64
DEBUG util.py:537:  info-6.5-7.el8.x86_64
DEBUG util.py:537:  xz-libs-5.2.4-4.el8_6.x86_64
DEBUG util.py:537:  libacl-2.4.0-1.el8_10.x86_64
DEBUG util.py:537:  libxcrypt-4.1.1-6.el8.x86_64
DEBUG util.py:537:  elfutils-libelf-0.190-2.el8.alma.1.x86_64
DEBUG util.py:537:  readline-7.0-10.el8.x86_64
DEBUG util.py:537:  libcap-2.48-6.el8_10.1.x86_64
DEBUG util.py:537:  sed-4.5-5.el8_10.x86_64
DEBUG util.py:537:  libuuid-2.32.1-48.el8_10.x86_64
DEBUG util.py:537:  libunistring-0.9.9-3.el8.x86_64
DEBUG util.py:537:  libgpg-error-1.31-1.el8.x86_64
DEBUG util.py:537:  p11-kit-0.23.22-2.el8.x86_64
DEBUG util.py:537:  libmpc-1.1.0-9.1.el8.x86_64
DEBUG util.py:537:  libattr-2.6.0-1.el8_10.x86_64
DEBUG util.py:537:  libgcrypt-1.8.5-8.el8_10.x86_64
DEBUG util.py:537:  findutils-4.6.0-24.el8_10.x86_64
DEBUG util.py:537:  elfutils-libs-0.190-2.el8.alma.1.x86_64
DEBUG util.py:537:  gdbm-libs-1.18-2.el8.x86_64
DEBUG util.py:537:  libcap-ng-0.7.11-1.el8.x86_64
DEBUG util.py:537:  libtasn1-4.13-6.el8_10.x86_64
DEBUG util.py:537:  lz4-libs-1.8.3-5.el8_10.x86_64
DEBUG util.py:537:  grep-3.1-6.el8.x86_64
DEBUG util.py:537:  libsemanage-2.9-12.el8_10.x86_64
DEBUG util.py:537:  elfutils-0.190-2.el8.alma.1.x86_64
DEBUG util.py:537:  patch-2.7.6-11.el8.x86_64
DEBUG util.py:537:  libpsl-0.20.2-6.el8.x86_64
DEBUG util.py:537:  libksba-1.3.5-9.el8_7.x86_64
DEBUG util.py:537:  libstdc++-devel-8.5.0-28.el8_10.alma.1.x86_64
DEBUG util.py:537:  tar-1.30-11.el8_10.x86_64
DEBUG util.py:537:  gnutls-3.6.16-8.el8_10.6.x86_64
DEBUG util.py:537:  libxml2-2.9.7-21.el8_10.7.x86_64
DEBUG util.py:537:  coreutils-common-8.30-20.el8_10.x86_64
DEBUG util.py:537:  libgomp-8.5.0-28.el8_10.alma.1.x86_64
DEBUG util.py:537:  cpio-2.12-11.el8.x86_64
DEBUG util.py:537:  libpkgconf-1.4.2-1.el8.x86_64
DEBUG util.py:537:  pkgconf-pkg-config-1.4.2-1.el8.x86_64
DEBUG util.py:537:  gawk-4.2.1-4.el8.x86_64
DEBUG util.py:537:  libtool-ltdl-2.4.6-25.el8.x86_64
DEBUG util.py:537:  ncurses-6.1-10.20180224.el8.x86_64
DEBUG util.py:537:  coreutils-8.30-20.el8_10.x86_64
DEBUG util.py:537:  libdb-5.3.28-42.el8_4.x86_64
DEBUG util.py:537:  libtirpc-1.1.4-12.el8_10.x86_64
DEBUG util.py:537:  libmount-2.32.1-48.el8_10.x86_64
DEBUG util.py:537:  libnsl2-1.2.0-2.20180605git4a062cf.el8.x86_64
DEBUG util.py:537:  platform-python-3.6.8-78.el8_10.alma.1.x86_64
DEBUG util.py:537:  binutils-2.30-128.el8_10.x86_64
DEBUG util.py:537:  cracklib-2.9.6-15.el8.x86_64
DEBUG util.py:537:  shadow-utils-4.6-23.el8_10.x86_64
DEBUG util.py:537:  tpm2-tss-2.3.2-6.el8.x86_64
DEBUG util.py:537:  libpwquality-1.4.4-6.el8.x86_64
DEBUG util.py:537:  libusbx-1.0.30-1.el8_10.x86_64
DEBUG util.py:537:  libbabeltrace-1.5.4-4.el8.x86_64
DEBUG util.py:537:  cyrus-sasl-lib-2.1.27-6.el8_5.x86_64
DEBUG util.py:537:  libdb-utils-5.3.28-42.el8_4.x86_64
DEBUG util.py:537:  npth-1.5-4.el8.x86_64
DEBUG util.py:537:  libatomic_ops-7.6.2-3.el8.x86_64
DEBUG util.py:537:  guile-2.0.14-7.el8.x86_64
DEBUG util.py:537:  libssh-config-0.9.6-17.el8_10.noarch
DEBUG util.py:537:  libcurl-7.61.1-34.el8_10.13.x86_64
DEBUG util.py:537:  rpm-libs-4.14.3-32.el8_10.x86_64
DEBUG util.py:537:  efi-srpm-macros-3-3.el8.noarch
DEBUG util.py:537:  rpm-build-libs-4.14.3-32.el8_10.x86_64
DEBUG util.py:537:  kernel-headers-4.18.0-553.164.1.el8_10.x86_64
DEBUG util.py:537:  glibc-devel-2.28-251.el8_10.40.x86_64
DEBUG util.py:537:  gcc-8.5.0-28.el8_10.alma.1.x86_64
DEBUG util.py:537:  gcc-plugin-annobin-8.5.0-28.el8_10.alma.1.x86_64
DEBUG util.py:537:  rpm-build-4.14.3-32.el8_10.x86_64
DEBUG util.py:537:  epel-rpm-macros-8-43.noarch
DEBUG util.py:537:  which-2.21-21.el8_10.x86_64
DEBUG util.py:537:  gpg-pubkey-3abb34f8-5ffd890e
DEBUG util.py:537:  gpg-pubkey-2f86d6a1-5cf7cefb
DEBUG util.py:537:  python-srpm-macros-3-45.el8.noarch
DEBUG util.py:537:  python-rpm-macros-3-45.el8.noarch
DEBUG util.py:537:  python3-pip-wheel-9.0.3-24.el8.noarch
DEBUG util.py:537:  setup-2.12.2-9.el8.noarch
DEBUG util.py:537:  basesystem-11-5.el8.noarch
DEBUG util.py:537:  fpc-srpm-macros-1.3-1.el8.noarch
DEBUG util.py:537:  rust-srpm-macros-5-2.el8.noarch
DEBUG util.py:537:  perl-srpm-macros-1-25.el8.noarch
DEBUG util.py:537:  ocaml-srpm-macros-5-4.el8.noarch
DEBUG util.py:537:  ghc-srpm-macros-1.4.2-7.el8.noarch
DEBUG util.py:537:  publicsuffix-list-dafsa-20180723-1.el8.noarch
DEBUG util.py:537:  ncurses-base-6.1-10.20180224.el8.noarch
DEBUG util.py:537:  libselinux-2.9-11.el8_10.x86_64
DEBUG util.py:537:  ncurses-libs-6.1-10.20180224.el8.x86_64
DEBUG util.py:537:  glibc-common-2.28-251.el8_10.40.x86_64
DEBUG util.py:537:  bash-4.4.20-6.el8_10.x86_64
DEBUG util.py:537:  zlib-1.2.11-25.el8.x86_64
DEBUG util.py:537:  bzip2-libs-1.0.6-28.el8_10.x86_64
DEBUG util.py:537:  gmp-6.1.2-11.el8.x86_64
DEBUG util.py:537:  libstdc++-8.5.0-28.el8_10.alma.1.x86_64
DEBUG util.py:537:  libzstd-1.4.4-1.el8.x86_64
DEBUG util.py:537:  mpfr-3.1.6-1.el8.x86_64
DEBUG util.py:537:  sqlite-libs-3.26.0-21.el8_10.x86_64
DEBUG util.py:537:  popt-1.18-1.el8.x86_64
DEBUG util.py:537:  libcom_err-1.45.6-7.el8_10.x86_64
DEBUG util.py:537:  chkconfig-1.19.2-1.el8.x86_64
DEBUG util.py:537:  libffi-3.1-24.el8.x86_64
DEBUG util.py:537:  lua-libs-5.3.4-12.el8.x86_64
DEBUG util.py:537:  libidn2-2.2.0-1.el8.x86_64
DEBUG util.py:537:  file-libs-5.33-27.el8_10.x86_64
DEBUG util.py:537:  file-5.33-27.el8_10.x86_64
DEBUG util.py:537:  unzip-6.0-48.el8_10.x86_64
DEBUG util.py:537:  elfutils-default-yama-scope-0.190-2.el8.alma.1.noarch
DEBUG util.py:537:  expat-2.5.0-2.el8_10.2.x86_64
DEBUG util.py:537:  keyutils-libs-1.5.10-9.el8.x86_64
DEBUG util.py:537:  audit-libs-3.1.2-1.el8_10.1.x86_64
DEBUG util.py:537:  p11-kit-trust-0.23.22-2.el8.x86_64
DEBUG util.py:537:  pcre-8.42-6.el8.x86_64
DEBUG util.py:537:  xz-5.2.4-4.el8_6.x86_64
DEBUG util.py:537:  gdbm-1.18-2.el8.x86_64
DEBUG util.py:537:  zip-3.0-23.el8.x86_64
DEBUG util.py:537:  cpp-8.5.0-28.el8_10.alma.1.x86_64
DEBUG util.py:537:  libassuan-2.5.1-3.el8.x86_64
DEBUG util.py:537:  dwz-0.12-10.el8.x86_64
DEBUG util.py:537:  zstd-1.4.4-1.el8.x86_64
DEBUG util.py:537:  nettle-3.4.1-7.el8.x86_64
DEBUG util.py:537:  isl-0.16.1-6.el8.x86_64
DEBUG util.py:537:  bzip2-1.0.6-28.el8_10.x86_64
DEBUG util.py:537:  diffutils-3.6-6.el8.x86_64
DEBUG util.py:537:  brotli-1.0.6-4.el8_10.x86_64
DEBUG util.py:537:  libnghttp2-1.33.0-6.el8_10.3.x86_64
DEBUG util.py:537:  pkgconf-1.4.2-1.el8.x86_64
DEBUG util.py:537:  libsigsegv-2.11-5.el8.x86_64
DEBUG util.py:537:  libsmartcols-2.32.1-48.el8_10.x86_64
DEBUG util.py:537:  libverto-0.3.2-2.el8.x86_64
DEBUG util.py:537:  openssl-libs-1.1.1k-17.el8_6.x86_64
DEBUG util.py:537:  ca-certificates-2025.2.80_v9.0.304-80.2.el8_10.noarch
DEBUG util.py:537:  krb5-libs-1.18.2-34.el8_10.x86_64
DEBUG util.py:537:  libblkid-2.32.1-48.el8_10.x86_64
DEBUG util.py:537:  systemd-libs-239-82.el8_10.19.x86_64
DEBUG util.py:537:  platform-python-setuptools-39.2.0-9.el8_10.noarch
DEBUG util.py:537:  python3-libs-3.6.8-78.el8_10.alma.1.x86_64
DEBUG util.py:537:  gzip-1.9-15.el8_10.x86_64
DEBUG util.py:537:  cracklib-dicts-2.9.6-15.el8.x86_64
DEBUG util.py:537:  libutempter-1.1.6-14.el8.x86_64
DEBUG util.py:537:  ima-evm-utils-1.3.2-12.el8.x86_64
DEBUG util.py:537:  pam-1.3.1-40.el8_10.x86_64
DEBUG util.py:537:  glib2-2.56.4-178.el8_10.x86_64
DEBUG util.py:537:  libfdisk-2.32.1-48.el8_10.x86_64
DEBUG util.py:537:  openldap-2.4.46-21.el8_10.x86_64
DEBUG util.py:537:  libarchive-3.3.3-7.el8_10.x86_64
DEBUG util.py:537:  gnupg2-2.2.20-4.el8_10.x86_64
DEBUG util.py:537:  gc-7.6.4-3.el8.x86_64
DEBUG util.py:537:  libipt-1.6.1-8.el8.x86_64
DEBUG util.py:537:  libssh-0.9.6-17.el8_10.x86_64
DEBUG util.py:537:  curl-7.61.1-34.el8_10.13.x86_64
DEBUG util.py:537:  rpm-4.14.3-32.el8_10.x86_64
DEBUG util.py:537:  lua-srpm-macros-1-13.el8.noarch
DEBUG util.py:537:  gdb-headless-8.2-20.el8.x86_64
DEBUG util.py:537:  glibc-headers-2.28-251.el8_10.40.x86_64
DEBUG util.py:537:  libxcrypt-devel-4.1.1-6.el8.x86_64
DEBUG util.py:537:  annobin-13.27-1.el8_10.x86_64
DEBUG util.py:537:  redhat-rpm-config-131-1.el8.alma.noarch
DEBUG util.py:537:  gcc-c++-8.5.0-28.el8_10.alma.1.x86_64
DEBUG util.py:537:  util-linux-2.32.1-48.el8_10.x86_64
DEBUG util.py:537:  make-4.2.1-11.el8.x86_64
DEBUG util.py:688:  Child return code was: 0
DEBUG util.py:200:  kill orphans in chroot /var/lib/mock/alma+epel-8-x86_64/root
DEBUG util.py:200:  kill orphans in chroot /var/lib/mock/alma+epel-8-x86_64-bootstrap/root/var/lib/mock/alma+epel-8-x86_64/root
DEBUG util.py:717:  child environment: None
DEBUG util.py:636:  Executing command: ['/bin/umount', '-n', '-l', '/var/lib/mock/alma+epel-8-x86_64-bootstrap/root/var/lib/mock/alma+epel-8-x86_64/root'] with env {'TERM': 'vt100', 'SHELL': '/bin/sh', 'HOME': '/builddir', 'HOSTNAME': 'mock', 'PATH': '/usr/bin:/bin:/usr/sbin:/sbin', 'LANG': 'C.UTF-8'} and shell False
DEBUG util.py:688:  Child return code was: 0
DEBUG util.py:717:  child environment: None
DEBUG util.py:636:  Executing command: ['/bin/umount', '-n', '-l', '/var/lib/mock/alma+epel-8-x86_64-bootstrap/root/var/lib/mock/alma+epel-8-x86_64/root'] with env {'TERM': 'vt100', 'SHELL': '/bin/sh', 'HOME': '/builddir', 'HOSTNAME': 'mock', 'PATH': '/usr/bin:/bin:/usr/sbin:/sbin', 'LANG': 'C.UTF-8'} and shell False
DEBUG util.py:688:  Child return code was: 0
DEBUG util.py:717:  child environment: None
DEBUG util.py:631:  Using nspawn with args ['--capability=cap_ipc_lock', '--bind=/dev/mapper/control', '--bind=/dev/fuse', '--bind=/dev/loop-control', '--bind=/dev/loop0', '--bind=/dev/loop1', '--bind=/dev/loop2', '--bind=/dev/loop3', '--bind=/dev/loop4', '--bind=/dev/loop5', '--bind=/dev/loop6', '--bind=/dev/loop7', '--bind=/dev/loop8', '--bind=/dev/loop9', '--bind=/dev/loop10', '--bind=/dev/loop11', '--resolv-conf=off']
DEBUG util.py:636:  Executing command: ['/usr/bin/systemd-nspawn', '-q', '-M', '2616362ad88a481da3528d2ed97226ac', '-D', '/var/lib/mock/alma+epel-8-x86_64/root', '-a', '--capability=cap_ipc_lock', '--bind=/dev/mapper/control', '--bind=/dev/fuse', '--bind=/dev/loop-control', '--bind=/dev/loop0', '--bind=/dev/loop1', '--bind=/dev/loop2', '--bind=/dev/loop3', '--bind=/dev/loop4', '--bind=/dev/loop5', '--bind=/dev/loop6', '--bind=/dev/loop7', '--bind=/dev/loop8', '--bind=/dev/loop9', '--bind=/dev/loop10', '--bind=/dev/loop11', '--resolv-conf=off', '--setenv=TERM=vt100', '--setenv=SHELL=/bin/bash', '--setenv=HOME=/builddir', '--setenv=HOSTNAME=mock', '--setenv=PATH=/usr/bin:/bin:/usr/sbin:/sbin', '--setenv=PROMPT_COMMAND=printf "\\033]0;<mock-chroot>\\007"', '--setenv=PS1=<mock-chroot> \\s-\\v\\$ ', '--setenv=LANG=C.UTF-8', '/bin/sh', '-c', 'rpmbuild --help'] with env {'TERM': 'vt100', 'SHELL': '/bin/bash', 'HOME': '/builddir', 'HOSTNAME': 'mock', 'PATH': '/usr/bin:/bin:/usr/sbin:/sbin', 'PROMPT_COMMAND': 'printf "\\033]0;<mock-chroot>\\007"', 'PS1': '<mock-chroot> \\s-\\v\\$ ', 'LANG': 'C.UTF-8', 'SYSTEMD_NSPAWN_TMPFS_TMP': '0', 'SYSTEMD_SECCOMP': '0'} and shell False
DEBUG util.py:537:  Usage: rpmbuild [OPTION...]
DEBUG util.py:537:  Build options with [ <specfile> | <tarball> | <source package> ]:
DEBUG util.py:537:        -bp                        build through %prep (unpack sources and apply
DEBUG util.py:537:                                   patches) from <specfile>
DEBUG util.py:537:        -bc                        build through %build (%prep, then compile)
DEBUG util.py:537:                                   from <specfile>
DEBUG util.py:537:        -bi                        build through %install (%prep, %build, then
DEBUG util.py:537:                                   install) from <specfile>
DEBUG util.py:537:        -bl                        verify %files section from <specfile>
DEBUG util.py:537:        -ba                        build source and binary packages from
DEBUG util.py:537:                                   <specfile>
DEBUG util.py:537:        -bb                        build binary package only from <specfile>
DEBUG util.py:537:        -bs                        build source package only from <specfile>
DEBUG util.py:537:        -rp                        build through %prep (unpack sources and apply
DEBUG util.py:537:                                   patches) from <source package>
DEBUG util.py:537:        -rc                        build through %build (%prep, then compile)
DEBUG util.py:537:                                   from <source package>
DEBUG util.py:537:        -ri                        build through %install (%prep, %build, then
DEBUG util.py:537:                                   install) from <source package>
DEBUG util.py:537:        -rl                        verify %files section from <source package>
DEBUG util.py:537:        -ra                        build source and binary packages from <source
DEBUG util.py:537:                                   package>
DEBUG util.py:537:        -rb                        build binary package only from <source
DEBUG util.py:537:                                   package>
DEBUG util.py:537:        -rs                        build source package only from <source
DEBUG util.py:537:                                   package>
DEBUG util.py:537:        -tp                        build through %prep (unpack sources and apply
DEBUG util.py:537:                                   patches) from <tarball>
DEBUG util.py:537:        -tc                        build through %build (%prep, then compile)
DEBUG util.py:537:                                   from <tarball>
DEBUG util.py:537:        -ti                        build through %install (%prep, %build, then
DEBUG util.py:537:                                   install) from <tarball>
DEBUG util.py:537:        -ta                        build source and binary packages from
DEBUG util.py:537:                                   <tarball>
DEBUG util.py:537:        -tb                        build binary package only from <tarball>
DEBUG util.py:537:        -ts                        build source package only from <tarball>
DEBUG util.py:537:        --rebuild                  build binary package from <source package>
DEBUG util.py:537:        --recompile                build through %install (%prep, %build, then
DEBUG util.py:537:                                   install) from <source package>
DEBUG util.py:537:        --buildroot=DIRECTORY      override build root
DEBUG util.py:537:        --build-in-place           run build in current directory
DEBUG util.py:537:        --clean                    remove build tree when done
DEBUG util.py:537:        --nobuild                  do not execute any stages of the build
DEBUG util.py:537:        --nodeps                   do not verify build dependencies
DEBUG util.py:537:        --nodirtokens              generate package header(s) compatible with
DEBUG util.py:537:                                   (legacy) rpm v3 packaging
DEBUG util.py:537:        --noclean                  do not execute %clean stage of the build
DEBUG util.py:537:        --noprep                   do not execute %prep stage of the build
DEBUG util.py:537:        --nocheck                  do not execute %check stage of the build
DEBUG util.py:537:        --rmsource                 remove sources when done
DEBUG util.py:537:        --rmspec                   remove specfile when done
DEBUG util.py:537:        --short-circuit            skip straight to specified stage (only for
DEBUG util.py:537:                                   c,i)
DEBUG util.py:537:        --target=CPU-VENDOR-OS     override target platform
DEBUG util.py:537:  Common options for all rpm modes and executables:
DEBUG util.py:537:    -D, --define='MACRO EXPR'      define MACRO with value EXPR
DEBUG util.py:537:        --undefine=MACRO           undefine MACRO
DEBUG util.py:537:    -E, --eval='EXPR'              print macro expansion of EXPR
DEBUG util.py:537:        --target=CPU-VENDOR-OS     Specify target platform
DEBUG util.py:537:        --macros=<FILE:...>        read <FILE:...> instead of default file(s)
DEBUG util.py:537:        --noplugins                don't enable any plugins
DEBUG util.py:537:        --nodigest                 don't verify package digest(s)
DEBUG util.py:537:        --nosignature              don't verify package signature(s)
DEBUG util.py:537:        --rcfile=<FILE:...>        read <FILE:...> instead of default file(s)
DEBUG util.py:537:    -r, --root=ROOT                use ROOT as top level directory (default: "/")
DEBUG util.py:537:        --dbpath=DIRECTORY         use database in DIRECTORY
DEBUG util.py:537:        --querytags                display known query tags
DEBUG util.py:537:        --showrc                   display final rpmrc and macro configuration
DEBUG util.py:537:        --quiet                    provide less detailed output
DEBUG util.py:537:    -v, --verbose                  provide more detailed output
DEBUG util.py:537:        --version                  print the version of rpm being used
DEBUG util.py:537:  Options implemented via popt alias/exec:
DEBUG util.py:537:        --with=<option>            enable configure <option> for build
DEBUG util.py:537:        --without=<option>         disable configure <option> for build
DEBUG util.py:537:        --buildpolicy=<policy>     set buildroot <policy> (e.g. compress man
DEBUG util.py:537:                                   pages)
DEBUG util.py:537:        --sign                     generate GPG signature (deprecated, use
DEBUG util.py:537:                                   command rpmsign instead)
DEBUG util.py:537:        --nodebuginfo              do not generate debuginfo for this package
DEBUG util.py:537:  Help options:
DEBUG util.py:537:    -?, --help                     Show this help message
DEBUG util.py:537:        --usage                    Display brief usage message
DEBUG util.py:688:  Child return code was: 0
DEBUG util.py:717:  child environment: None
DEBUG file_util.py:17:  ensuring that dir exists: /var/lib/mock/alma+epel-8-x86_64/root/proc
DEBUG util.py:717:  child environment: None
DEBUG util.py:636:  Executing command: ['/bin/mount', '-n', '-t', 'tmpfs', '-o', 'rprivate,mode=0755', 'tmpfs', '/var/lib/mock/alma+epel-8-x86_64/root/proc'] with env {'TERM': 'vt100', 'SHELL': '/bin/sh', 'HOME': '/builddir', 'HOSTNAME': 'mock', 'PATH': '/usr/bin:/bin:/usr/sbin:/sbin', 'LANG': 'C.UTF-8'} and shell False
DEBUG util.py:688:  Child return code was: 0
DEBUG file_util.py:17:  ensuring that dir exists: /var/lib/mock/alma+epel-8-x86_64/root/proc
DEBUG util.py:717:  child environment: None
DEBUG util.py:636:  Executing command: ['/bin/mount', '-n', '-o', 'rbind', '/proc', '/var/lib/mock/alma+epel-8-x86_64/root/proc'] with env {'TERM': 'vt100', 'SHELL': '/bin/sh', 'HOME': '/builddir', 'HOSTNAME': 'mock', 'PATH': '/usr/bin:/bin:/usr/sbin:/sbin', 'LANG': 'C.UTF-8'} and shell False
DEBUG util.py:688:  Child return code was: 0
DEBUG util.py:717:  child environment: None
DEBUG util.py:636:  Executing command: ['/bin/mount', '-n', '-o', 'remount,nodev,noexec,nosuid,readonly,rprivate,rbind', '--target', '/var/lib/mock/alma+epel-8-x86_64/root/proc'] with env {'TERM': 'vt100', 'SHELL': '/bin/sh', 'HOME': '/builddir', 'HOSTNAME': 'mock', 'PATH': '/usr/bin:/bin:/usr/sbin:/sbin', 'LANG': 'C.UTF-8'} and shell False
DEBUG util.py:688:  Child return code was: 0
DEBUG file_util.py:17:  ensuring that dir exists: /var/lib/mock/alma+epel-8-x86_64/root/sys
DEBUG util.py:717:  child environment: None
DEBUG util.py:636:  Executing command: ['/bin/mount', '-n', '-t', 'tmpfs', '-o', 'rprivate,mode=0755', 'tmpfs', '/var/lib/mock/alma+epel-8-x86_64/root/sys'] with env {'TERM': 'vt100', 'SHELL': '/bin/sh', 'HOME': '/builddir', 'HOSTNAME': 'mock', 'PATH': '/usr/bin:/bin:/usr/sbin:/sbin', 'LANG': 'C.UTF-8'} and shell False
DEBUG util.py:688:  Child return code was: 0
DEBUG file_util.py:17:  ensuring that dir exists: /var/lib/mock/alma+epel-8-x86_64/root/sys
DEBUG util.py:717:  child environment: None
DEBUG util.py:636:  Executing command: ['/bin/mount', '-n', '-o', 'rbind', '/sys', '/var/lib/mock/alma+epel-8-x86_64/root/sys'] with env {'TERM': 'vt100', 'SHELL': '/bin/sh', 'HOME': '/builddir', 'HOSTNAME': 'mock', 'PATH': '/usr/bin:/bin:/usr/sbin:/sbin', 'LANG': 'C.UTF-8'} and shell False
DEBUG util.py:688:  Child return code was: 0
DEBUG util.py:717:  child environment: None
DEBUG util.py:636:  Executing command: ['/bin/mount', '-n', '-o', 'remount,nodev,noexec,nosuid,readonly,rprivate,rbind', '--target', '/var/lib/mock/alma+epel-8-x86_64/root/sys'] with env {'TERM': 'vt100', 'SHELL': '/bin/sh', 'HOME': '/builddir', 'HOSTNAME': 'mock', 'PATH': '/usr/bin:/bin:/usr/sbin:/sbin', 'LANG': 'C.UTF-8'} and shell False
DEBUG util.py:688:  Child return code was: 0
DEBUG file_util.py:17:  ensuring that dir exists: /var/lib/mock/alma+epel-8-x86_64/root/dev/shm
DEBUG util.py:717:  child environment: None
DEBUG util.py:636:  Executing command: ['/bin/mount', '-n', '-t', 'tmpfs', 'tmpfs', '/var/lib/mock/alma+epel-8-x86_64/root/dev/shm'] with env {'TERM': 'vt100', 'SHELL': '/bin/sh', 'HOME': '/builddir', 'HOSTNAME': 'mock', 'PATH': '/usr/bin:/bin:/usr/sbin:/sbin', 'LANG': 'C.UTF-8'} and shell False
DEBUG util.py:688:  Child return code was: 0
DEBUG file_util.py:17:  ensuring that dir exists: /var/lib/mock/alma+epel-8-x86_64/root/dev/pts
DEBUG util.py:717:  child environment: None
DEBUG util.py:636:  Executing command: ['/bin/mount', '-n', '-t', 'devpts', '-o', 'gid=5,mode=0620,ptmxmode=0666,newinstance', 'devpts', '/var/lib/mock/alma+epel-8-x86_64/root/dev/pts'] with env {'TERM': 'vt100', 'SHELL': '/bin/sh', 'HOME': '/builddir', 'HOSTNAME': 'mock', 'PATH': '/usr/bin:/bin:/usr/sbin:/sbin', 'LANG': 'C.UTF-8'} and shell False
DEBUG util.py:688:  Child return code was: 0
DEBUG util.py:717:  child environment: None
DEBUG util.py:636:  Executing command: ['/bin/mount', '-n', '-o', 'bind', '/tmp/mock-selinux-plugin.itpx_z7f', '/var/lib/mock/alma+epel-8-x86_64/root/proc/filesystems'] with env {'TERM': 'vt100', 'SHELL': '/bin/sh', 'HOME': '/builddir', 'HOSTNAME': 'mock', 'PATH': '/usr/bin:/bin:/usr/sbin:/sbin', 'LANG': 'C.UTF-8'} and shell False
DEBUG util.py:688:  Child return code was: 0
DEBUG file_util.py:17:  ensuring that dir exists: /var/lib/mock/alma+epel-8-x86_64/root/sys/fs/selinux
DEBUG util.py:717:  child environment: None
DEBUG util.py:636:  Executing command: ['/bin/mount', '-n', '-t', 'tmpfs', 'tmpfs', '/var/lib/mock/alma+epel-8-x86_64/root/sys/fs/selinux'] with env {'TERM': 'vt100', 'SHELL': '/bin/sh', 'HOME': '/builddir', 'HOSTNAME': 'mock', 'PATH': '/usr/bin:/bin:/usr/sbin:/sbin', 'LANG': 'C.UTF-8'} and shell False
DEBUG util.py:688:  Child return code was: 0
DEBUG file_util.py:17:  ensuring that dir exists: /var/lib/mock/alma+epel-8-x86_64-bootstrap/root/var/lib/mock/alma+epel-8-x86_64/root
DEBUG util.py:717:  child environment: None
DEBUG util.py:636:  Executing command: ['/bin/mount', '-n', '-t', 'tmpfs', '-o', 'private,mode=0755', 'tmpfs', '/var/lib/mock/alma+epel-8-x86_64-bootstrap/root/var/lib/mock/alma+epel-8-x86_64/root'] with env {'TERM': 'vt100', 'SHELL': '/bin/sh', 'HOME': '/builddir', 'HOSTNAME': 'mock', 'PATH': '/usr/bin:/bin:/usr/sbin:/sbin', 'LANG': 'C.UTF-8'} and shell False
DEBUG util.py:688:  Child return code was: 0
DEBUG file_util.py:17:  ensuring that dir exists: /var/lib/mock/alma+epel-8-x86_64-bootstrap/root/var/lib/mock/alma+epel-8-x86_64/root
DEBUG util.py:717:  child environment: None
DEBUG util.py:636:  Executing command: ['/bin/mount', '-n', '-o', 'rbind', '/var/lib/mock/alma+epel-8-x86_64/root', '/var/lib/mock/alma+epel-8-x86_64-bootstrap/root/var/lib/mock/alma+epel-8-x86_64/root'] with env {'TERM': 'vt100', 'SHELL': '/bin/sh', 'HOME': '/builddir', 'HOSTNAME': 'mock', 'PATH': '/usr/bin:/bin:/usr/sbin:/sbin', 'LANG': 'C.UTF-8'} and shell False
DEBUG util.py:688:  Child return code was: 0
DEBUG util.py:717:  child environment: None
DEBUG util.py:636:  Executing command: ['/bin/mount', '-n', '-o', 'remount,private,rbind', '--target', '/var/lib/mock/alma+epel-8-x86_64-bootstrap/root/var/lib/mock/alma+epel-8-x86_64/root'] with env {'TERM': 'vt100', 'SHELL': '/bin/sh', 'HOME': '/builddir', 'HOSTNAME': 'mock', 'PATH': '/usr/bin:/bin:/usr/sbin:/sbin', 'LANG': 'C.UTF-8'} and shell False
DEBUG util.py:688:  Child return code was: 0
DEBUG file_util.py:17:  ensuring that dir exists: /var/lib/mock/alma+epel-8-x86_64/root/installation-homedir
DEBUG package_manager.py:296:  ['/usr/bin/dnf-3', 'builddep', '--installroot', '/var/lib/mock/alma+epel-8-x86_64/root/', '--releasever', '8', '--setopt=deltarpm=False', '--setopt=allow_vendor_change=yes', '--allowerasing', '--disableplugin=local', '--disableplugin=spacewalk', '--disableplugin=versionlock', '/var/lib/mock/alma+epel-8-x86_64/root//builddir/build/SRPMS/nginx-1.30.5-1.alma8.src.rpm']
DEBUG util.py:717:  child environment: None
DEBUG util.py:631:  Using nspawn with args ['--capability=cap_ipc_lock', '--resolv-conf=off']
DEBUG util.py:636:  Executing command: ['/usr/bin/systemd-nspawn', '-q', '-M', 'fdd3cc3ab91f4feabd860cd29ca6951e', '-D', '/var/lib/mock/alma+epel-8-x86_64-bootstrap/root', '-a', '--capability=cap_ipc_lock', '--resolv-conf=off', '--setenv=TERM=vt100', '--setenv=SHELL=/bin/bash', '--setenv=HOME=/var/lib/mock/alma+epel-8-x86_64/root/installation-homedir', '--setenv=HOSTNAME=mock', '--setenv=PATH=/usr/bin:/bin:/usr/sbin:/sbin', '--setenv=PROMPT_COMMAND=printf "\\033]0;<mock-chroot>\\007"', '--setenv=PS1=<mock-chroot> \\s-\\v\\$ ', '--setenv=LANG=C.UTF-8', '--setenv=LC_MESSAGES=C.UTF-8', '/usr/bin/dnf-3', 'builddep', '--installroot', '/var/lib/mock/alma+epel-8-x86_64/root/', '--releasever', '8', '--setopt=deltarpm=False', '--setopt=allow_vendor_change=yes', '--allowerasing', '--disableplugin=local', '--disableplugin=spacewalk', '--disableplugin=versionlock', '/var/lib/mock/alma+epel-8-x86_64/root//builddir/build/SRPMS/nginx-1.30.5-1.alma8.src.rpm', '--setopt=tsflags=nocontexts'] with env {'TERM': 'vt100', 'SHELL': '/bin/bash', 'HOME': '/var/lib/mock/alma+epel-8-x86_64/root/installation-homedir', 'HOSTNAME': 'mock', 'PATH': '/usr/bin:/bin:/usr/sbin:/sbin', 'PROMPT_COMMAND': 'printf "\\033]0;<mock-chroot>\\007"', 'PS1': '<mock-chroot> \\s-\\v\\$ ', 'LANG': 'C.UTF-8', 'LC_MESSAGES': 'C.UTF-8', 'SYSTEMD_NSPAWN_TMPFS_TMP': '0', 'SYSTEMD_SECCOMP': '0'} and shell False
DEBUG util.py:535:  No matches found for the following disable plugin patterns: local, spacewalk, versionlock
DEBUG util.py:537:  AlmaLinux 8 - BaseOS                                                                                                                                         4.3 kB/s | 3.8 kB     00:00    
DEBUG util.py:537:  AlmaLinux 8 - AppStream                                                                                                                                      5.4 kB/s | 4.3 kB     00:00    
DEBUG util.py:537:  AlmaLinux 8 - PowerTools                                                                                                                                     5.5 kB/s | 4.2 kB     00:00    
DEBUG util.py:537:  AlmaLinux 8 - Extras                                                                                                                                         4.1 kB/s | 3.3 kB     00:00    
DEBUG util.py:537:  Extra Packages for Enterprise Linux 8 - x86_64                                                                                                                14 kB/s | 7.0 kB     00:00    
DEBUG util.py:537:  mock-localrepo                                                                                                                                               2.9 MB/s | 3.0 kB     00:00    
DEBUG util.py:537:  Package pkgconf-pkg-config-1.4.2-1.el8.x86_64 is already installed.
DEBUG util.py:537:  Dependencies resolved.
DEBUG util.py:537:  =============================================================================================================================================================================================
DEBUG util.py:537:   Package                                            Architecture                 Version                                                          Repository                            Size
DEBUG util.py:537:  =============================================================================================================================================================================================
DEBUG util.py:537:  Installing:
DEBUG util.py:537:   libzstd-devel                                      x86_64                       1.4.4-1.el8                                                      baseos                                43 k
DEBUG util.py:537:   modsecurity                                        x86_64                       3.0.16-1.el8                                                     mock-localrepo                       643 k
DEBUG util.py:537:   openssl-devel                                      x86_64                       1:1.1.1k-17.el8_6                                                baseos                               2.3 M
DEBUG util.py:537:   pcre2-devel                                        x86_64                       10.32-3.el8_6                                                    baseos                               604 k
DEBUG util.py:537:   perl                                               x86_64                       4:5.26.3-423.el8_10.1                                            appstream                             72 k
DEBUG util.py:537:   systemd                                            x86_64                       239-82.el8_10.19                                                 baseos                               3.7 M
DEBUG util.py:537:   zlib-devel                                         x86_64                       1.2.11-25.el8                                                    baseos                                57 k
DEBUG util.py:537:  Installing dependencies:
DEBUG util.py:537:   acl                                                x86_64                       2.4.0-1.el8_10                                                   baseos                                85 k
DEBUG util.py:537:   cryptsetup-libs                                    x86_64                       2.3.7-7.el8                                                      baseos                               488 k
DEBUG util.py:537:   dbus                                               x86_64                       1:1.12.8-28.el8_10                                               baseos                                41 k
DEBUG util.py:537:   dbus-common                                        noarch                       1:1.12.8-28.el8_10                                               baseos                                46 k
DEBUG util.py:537:   dbus-daemon                                        x86_64                       1:1.12.8-28.el8_10                                               baseos                               241 k
DEBUG util.py:537:   dbus-libs                                          x86_64                       1:1.12.8-28.el8_10                                               baseos                               184 k
DEBUG util.py:537:   dbus-tools                                         x86_64                       1:1.12.8-28.el8_10                                               baseos                                86 k
DEBUG util.py:537:   device-mapper                                      x86_64                       8:1.02.181-15.el8_10.3                                           baseos                               378 k
DEBUG util.py:537:   device-mapper-libs                                 x86_64                       8:1.02.181-15.el8_10.3                                           baseos                               411 k
DEBUG util.py:537:   epel-rpm-macros-systemd                            noarch                       8-43                                                             epel                                  15 k
DEBUG util.py:537:   groff-base                                         x86_64                       1.22.3-18.el8                                                    baseos                               1.0 M
DEBUG util.py:537:   json-c                                             x86_64                       0.13.1-3.el8                                                     baseos                                40 k
DEBUG util.py:537:   keyutils-libs-devel                                x86_64                       1.5.10-9.el8                                                     baseos                                47 k
DEBUG util.py:537:   kmod-libs                                          x86_64                       25-20.el8                                                        baseos                                67 k
DEBUG util.py:537:   krb5-devel                                         x86_64                       1.18.2-34.el8_10                                                 baseos                               562 k
DEBUG util.py:537:   libcom_err-devel                                   x86_64                       1.45.6-7.el8_10                                                  baseos                                38 k
DEBUG util.py:537:   libkadm5                                           x86_64                       1.18.2-34.el8_10                                                 baseos                               188 k
DEBUG util.py:537:   libseccomp                                         x86_64                       2.5.2-1.el8                                                      baseos                                70 k
DEBUG util.py:537:   libselinux-devel                                   x86_64                       2.9-11.el8_10                                                    baseos                               199 k
DEBUG util.py:537:   libsepol-devel                                     x86_64                       2.9-3.el8                                                        baseos                                86 k
DEBUG util.py:537:   libverto-devel                                     x86_64                       0.3.2-2.el8                                                      baseos                                17 k
DEBUG util.py:537:   lmdb-libs                                          x86_64                       0.9.24-2.el8                                                     baseos                                57 k
DEBUG util.py:537:   openssl                                            x86_64                       1:1.1.1k-17.el8_6                                                baseos                               711 k
DEBUG util.py:537:   pcre2-utf16                                        x86_64                       10.32-3.el8_6                                                    baseos                               228 k
DEBUG util.py:537:   pcre2-utf32                                        x86_64                       10.32-3.el8_6                                                    baseos                               219 k
DEBUG util.py:537:   perl-Algorithm-Diff                                noarch                       1.1903-9.el8                                                     baseos                                51 k
DEBUG util.py:537:   perl-Archive-Tar                                   noarch                       2.30-3.el8_10                                                    baseos                                79 k
DEBUG util.py:537:   perl-Archive-Zip                                   noarch                       1.60-3.el8                                                       appstream                            108 k
DEBUG util.py:537:   perl-Attribute-Handlers                            noarch                       0.99-423.el8_10.1                                                appstream                             89 k
DEBUG util.py:537:   perl-B-Debug                                       noarch                       1.26-2.el8                                                       appstream                             26 k
DEBUG util.py:537:   perl-CPAN                                          noarch                       2.18-402.el8_10                                                  appstream                            574 k
DEBUG util.py:537:   perl-CPAN-Meta                                     noarch                       2.150010-396.el8                                                 appstream                            191 k
DEBUG util.py:537:   perl-CPAN-Meta-Requirements                        noarch                       2.140-396.el8                                                    appstream                             37 k
DEBUG util.py:537:   perl-CPAN-Meta-YAML                                noarch                       0.018-397.el8                                                    appstream                             33 k
DEBUG util.py:537:   perl-Carp                                          noarch                       1.42-396.el8                                                     baseos                                30 k
DEBUG util.py:537:   perl-Compress-Bzip2                                x86_64                       2.26-6.el8                                                       appstream                             72 k
DEBUG util.py:537:   perl-Compress-Raw-Bzip2                            x86_64                       2.081-1.el8                                                      baseos                                40 k
DEBUG util.py:537:   perl-Compress-Raw-Zlib                             x86_64                       2.081-1.el8                                                      baseos                                68 k
DEBUG util.py:537:   perl-Config-Perl-V                                 noarch                       0.30-1.el8                                                       appstream                             22 k
DEBUG util.py:537:   perl-DB_File                                       x86_64                       1.842-1.el8                                                      appstream                             83 k
DEBUG util.py:537:   perl-Data-Dumper                                   x86_64                       2.167-399.el8                                                    baseos                                58 k
DEBUG util.py:537:   perl-Data-OptList                                  noarch                       0.110-6.el8                                                      appstream                             31 k
DEBUG util.py:537:   perl-Data-Section                                  noarch                       0.200007-3.el8                                                   appstream                             30 k
DEBUG util.py:537:   perl-Devel-PPPort                                  x86_64                       3.36-5.el8                                                       appstream                            118 k
DEBUG util.py:537:   perl-Devel-Peek                                    x86_64                       1.26-423.el8_10.1                                                appstream                             93 k
DEBUG util.py:537:   perl-Devel-SelfStubber                             noarch                       1.06-423.el8_10.1                                                appstream                             75 k
DEBUG util.py:537:   perl-Devel-Size                                    x86_64                       0.81-2.el8                                                       appstream                             34 k
DEBUG util.py:537:   perl-Digest                                        noarch                       1.17-395.el8                                                     baseos                                27 k
DEBUG util.py:537:   perl-Digest-MD5                                    x86_64                       2.55-396.el8                                                     baseos                                37 k
DEBUG util.py:537:   perl-Digest-SHA                                    x86_64                       1:6.02-1.el8                                                     appstream                             66 k
DEBUG util.py:537:   perl-Encode                                        x86_64                       4:2.97-3.el8                                                     baseos                               1.5 M
DEBUG util.py:537:   perl-Encode-devel                                  x86_64                       4:2.97-3.el8                                                     appstream                             38 k
DEBUG util.py:537:   perl-Env                                           noarch                       1.04-395.el8                                                     appstream                             21 k
DEBUG util.py:537:   perl-Errno                                         x86_64                       1.28-423.el8_10.1                                                baseos                                76 k
DEBUG util.py:537:   perl-Exporter                                      noarch                       5.72-396.el8                                                     baseos                                34 k
DEBUG util.py:537:   perl-ExtUtils-CBuilder                             noarch                       1:0.280230-2.el8                                                 appstream                             48 k
DEBUG util.py:537:   perl-ExtUtils-Command                              noarch                       1:7.34-1.el8                                                     appstream                             19 k
DEBUG util.py:537:   perl-ExtUtils-Embed                                noarch                       1.34-423.el8_10.1                                                appstream                             79 k
DEBUG util.py:537:   perl-ExtUtils-Install                              noarch                       2.14-4.el8                                                       appstream                             46 k
DEBUG util.py:537:   perl-ExtUtils-MM-Utils                             noarch                       1:7.34-1.el8                                                     appstream                             16 k
DEBUG util.py:537:   perl-ExtUtils-MakeMaker                            noarch                       1:7.34-1.el8                                                     appstream                            300 k
DEBUG util.py:537:   perl-ExtUtils-Manifest                             noarch                       1.70-395.el8                                                     appstream                             36 k
DEBUG util.py:537:   perl-ExtUtils-Miniperl                             noarch                       1.06-423.el8_10.1                                                appstream                             76 k
DEBUG util.py:537:   perl-ExtUtils-ParseXS                              noarch                       1:3.35-2.el8                                                     appstream                             83 k
DEBUG util.py:537:   perl-File-Fetch                                    noarch                       0.56-2.el8                                                       appstream                             33 k
DEBUG util.py:537:   perl-File-HomeDir                                  noarch                       1.002-4.el8                                                      appstream                             61 k
DEBUG util.py:537:   perl-File-Path                                     noarch                       2.15-2.el8                                                       baseos                                38 k
DEBUG util.py:537:   perl-File-Temp                                     noarch                       0.230.600-1.el8                                                  baseos                                62 k
DEBUG util.py:537:   perl-File-Which                                    noarch                       1.22-2.el8                                                       appstream                             23 k
DEBUG util.py:537:   perl-Filter                                        x86_64                       2:1.58-2.el8                                                     appstream                             82 k
DEBUG util.py:537:   perl-Filter-Simple                                 noarch                       0.94-2.el8                                                       appstream                             29 k
DEBUG util.py:537:   perl-Getopt-Long                                   noarch                       1:2.50-4.el8                                                     baseos                                63 k
DEBUG util.py:537:   perl-HTTP-Tiny                                     noarch                       0.074-3.el8                                                      baseos                                58 k
DEBUG util.py:537:   perl-IO                                            x86_64                       1.38-423.el8_10.1                                                baseos                               141 k
DEBUG util.py:537:   perl-IO-Compress                                   noarch                       2.081-2.el8_10                                                   baseos                               257 k
DEBUG util.py:537:   perl-IO-Socket-IP                                  noarch                       0.39-5.el8                                                       baseos                                47 k
DEBUG util.py:537:   perl-IO-Socket-SSL                                 noarch                       2.066-4.module_el8.6.0+2811+fe6c84b0                             appstream                            297 k
DEBUG util.py:537:   perl-IO-Zlib                                       noarch                       1:1.10-423.el8_10.1                                              baseos                                80 k
DEBUG util.py:537:   perl-IPC-Cmd                                       noarch                       2:1.02-1.el8                                                     appstream                             43 k
DEBUG util.py:537:   perl-IPC-SysV                                      x86_64                       2.07-397.el8                                                     appstream                             43 k
DEBUG util.py:537:   perl-IPC-System-Simple                             noarch                       1.25-17.el8                                                      appstream                             43 k
DEBUG util.py:537:   perl-JSON-PP                                       noarch                       1:2.97.001-3.el8                                                 appstream                             68 k
DEBUG util.py:537:   perl-Locale-Codes                                  noarch                       3.57-1.el8                                                       appstream                            311 k
DEBUG util.py:537:   perl-Locale-Maketext                               noarch                       1.28-396.el8                                                     appstream                             99 k
DEBUG util.py:537:   perl-Locale-Maketext-Simple                        noarch                       1:0.21-423.el8_10.1                                              appstream                             78 k
DEBUG util.py:537:   perl-MIME-Base64                                   x86_64                       3.15-396.el8                                                     baseos                                30 k
DEBUG util.py:537:   perl-MRO-Compat                                    noarch                       0.13-4.el8                                                       appstream                             24 k
DEBUG util.py:537:   perl-Math-BigInt                                   noarch                       1:1.9998.11-7.el8                                                baseos                               195 k
DEBUG util.py:537:   perl-Math-BigInt-FastCalc                          x86_64                       0.500.600-6.el8                                                  appstream                             27 k
DEBUG util.py:537:   perl-Math-BigRat                                   noarch                       0.2614-1.el8                                                     appstream                             40 k
DEBUG util.py:537:   perl-Math-Complex                                  noarch                       1.59-423.el8_10.1                                                baseos                               108 k
DEBUG util.py:537:   perl-Memoize                                       noarch                       1.03-423.el8_10.1                                                appstream                            118 k
DEBUG util.py:537:   perl-Module-Build                                  noarch                       2:0.42.24-5.el8                                                  appstream                            273 k
DEBUG util.py:537:   perl-Module-CoreList                               noarch                       1:5.20181130-1.el8                                               appstream                             87 k
DEBUG util.py:537:   perl-Module-CoreList-tools                         noarch                       1:5.20181130-1.el8                                               appstream                             22 k
DEBUG util.py:537:   perl-Module-Load                                   noarch                       1:0.32-395.el8                                                   appstream                             18 k
DEBUG util.py:537:   perl-Module-Load-Conditional                       noarch                       0.68-395.el8                                                     appstream                             24 k
DEBUG util.py:537:   perl-Module-Loaded                                 noarch                       1:0.08-423.el8_10.1                                              appstream                             74 k
DEBUG util.py:537:   perl-Module-Metadata                               noarch                       1.000033-395.el8                                                 appstream                             44 k
DEBUG util.py:537:   perl-Mozilla-CA                                    noarch                       20160104-7.module_el8.5.0+2812+ed912d05                          appstream                             14 k
DEBUG util.py:537:   perl-Net-Ping                                      noarch                       2.55-423.el8_10.1                                                appstream                            101 k
DEBUG util.py:537:   perl-Net-SSLeay                                    x86_64                       1.88-2.module_el8.6.0+2811+fe6c84b0                              appstream                            378 k
DEBUG util.py:537:   perl-Package-Generator                             noarch                       1.106-11.el8                                                     appstream                             27 k
DEBUG util.py:537:   perl-Params-Check                                  noarch                       1:0.38-395.el8                                                   appstream                             23 k
DEBUG util.py:537:   perl-Params-Util                                   x86_64                       1.07-22.el8                                                      appstream                             44 k
DEBUG util.py:537:   perl-PathTools                                     x86_64                       3.74-1.el8                                                       baseos                                90 k
DEBUG util.py:537:   perl-Perl-OSType                                   noarch                       1.010-396.el8                                                    appstream                             29 k
DEBUG util.py:537:   perl-PerlIO-via-QuotedPrint                        noarch                       0.08-395.el8                                                     appstream                             13 k
DEBUG util.py:537:   perl-Pod-Checker                                   noarch                       4:1.73-395.el8                                                   appstream                             33 k
DEBUG util.py:537:   perl-Pod-Escapes                                   noarch                       1:1.07-395.el8                                                   baseos                                20 k
DEBUG util.py:537:   perl-Pod-Html                                      noarch                       1.22.02-423.el8_10.1                                             appstream                             87 k
DEBUG util.py:537:   perl-Pod-Parser                                    noarch                       1.63-396.el8                                                     appstream                            108 k
DEBUG util.py:537:   perl-Pod-Perldoc                                   noarch                       3.28-396.el8                                                     baseos                                86 k
DEBUG util.py:537:   perl-Pod-Simple                                    noarch                       1:3.35-395.el8                                                   baseos                               213 k
DEBUG util.py:537:   perl-Pod-Usage                                     noarch                       4:1.69-395.el8                                                   baseos                                34 k
DEBUG util.py:537:   perl-Scalar-List-Utils                             x86_64                       3:1.49-2.el8                                                     baseos                                68 k
DEBUG util.py:537:   perl-SelfLoader                                    noarch                       1.23-423.el8_10.1                                                appstream                             83 k
DEBUG util.py:537:   perl-Socket                                        x86_64                       4:2.027-3.el8                                                    baseos                                59 k
DEBUG util.py:537:   perl-Software-License                              noarch                       0.103013-2.el8                                                   appstream                            138 k
DEBUG util.py:537:   perl-Storable                                      x86_64                       1:3.11-3.el8                                                     baseos                                98 k
DEBUG util.py:537:   perl-Sub-Exporter                                  noarch                       0.987-15.el8                                                     appstream                             73 k
DEBUG util.py:537:   perl-Sub-Install                                   noarch                       0.928-14.el8                                                     appstream                             27 k
DEBUG util.py:537:   perl-Sys-Syslog                                    x86_64                       0.35-397.el8                                                     appstream                             50 k
DEBUG util.py:537:   perl-Term-ANSIColor                                noarch                       4.06-396.el8                                                     baseos                                46 k
DEBUG util.py:537:   perl-Term-Cap                                      noarch                       1.17-395.el8                                                     baseos                                23 k
DEBUG util.py:537:   perl-Test                                          noarch                       1.30-423.el8_10.1                                                appstream                             90 k
DEBUG util.py:537:   perl-Test-Harness                                  noarch                       1:3.42-1.el8                                                     appstream                            279 k
DEBUG util.py:537:   perl-Test-Simple                                   noarch                       1:1.302135-1.el8                                                 appstream                            516 k
DEBUG util.py:537:   perl-Text-Balanced                                 noarch                       2.03-395.el8                                                     appstream                             58 k
DEBUG util.py:537:   perl-Text-Diff                                     noarch                       1.45-2.el8                                                       baseos                                45 k
DEBUG util.py:537:   perl-Text-Glob                                     noarch                       0.11-4.el8                                                       appstream                             17 k
DEBUG util.py:537:   perl-Text-ParseWords                               noarch                       3.30-395.el8                                                     baseos                                18 k
DEBUG util.py:537:   perl-Text-Tabs+Wrap                                noarch                       2013.0523-395.el8                                                baseos                                24 k
DEBUG util.py:537:   perl-Text-Template                                 noarch                       1.51-1.el8                                                       appstream                             64 k
DEBUG util.py:537:   perl-Thread-Queue                                  noarch                       3.13-1.el8                                                       appstream                             24 k
DEBUG util.py:537:   perl-Time-HiRes                                    x86_64                       4:1.9758-2.el8                                                   appstream                             60 k
DEBUG util.py:537:   perl-Time-Local                                    noarch                       1:1.280-1.el8                                                    baseos                                33 k
DEBUG util.py:537:   perl-Time-Piece                                    x86_64                       1.31-423.el8_10.1                                                appstream                             97 k
DEBUG util.py:537:   perl-URI                                           noarch                       1.73-3.el8                                                       baseos                               116 k
DEBUG util.py:537:   perl-Unicode-Collate                               x86_64                       1.25-2.el8                                                       appstream                            685 k
DEBUG util.py:537:   perl-Unicode-Normalize                             x86_64                       1.25-396.el8                                                     baseos                                82 k
DEBUG util.py:537:   perl-autodie                                       noarch                       2.29-396.el8                                                     appstream                             98 k
DEBUG util.py:537:   perl-bignum                                        noarch                       0.49-2.el8                                                       appstream                             43 k
DEBUG util.py:537:   perl-constant                                      noarch                       1.33-396.el8                                                     baseos                                25 k
DEBUG util.py:537:   perl-devel                                         x86_64                       4:5.26.3-423.el8_10.1                                            appstream                            599 k
DEBUG util.py:537:   perl-encoding                                      x86_64                       4:2.22-3.el8                                                     appstream                             68 k
DEBUG util.py:537:   perl-experimental                                  noarch                       0.019-2.el8                                                      appstream                             23 k
DEBUG util.py:537:   perl-inc-latest                                    noarch                       2:0.500-9.el8                                                    appstream                             25 k
DEBUG util.py:537:   perl-interpreter                                   x86_64                       4:5.26.3-423.el8_10.1                                            baseos                               6.3 M
DEBUG util.py:537:   perl-libnet                                        noarch                       3.11-3.el8                                                       baseos                               121 k
DEBUG util.py:537:   perl-libnetcfg                                     noarch                       4:5.26.3-423.el8_10.1                                            appstream                             77 k
DEBUG util.py:537:   perl-libs                                          x86_64                       4:5.26.3-423.el8_10.1                                            baseos                               1.6 M
DEBUG util.py:537:   perl-local-lib                                     noarch                       2.000024-2.el8                                                   appstream                             74 k
DEBUG util.py:537:   perl-macros                                        x86_64                       4:5.26.3-423.el8_10.1                                            baseos                                72 k
DEBUG util.py:537:   perl-open                                          noarch                       1.11-423.el8_10.1                                                appstream                             77 k
DEBUG util.py:537:   perl-parent                                        noarch                       1:0.237-1.el8                                                    baseos                                20 k
DEBUG util.py:537:   perl-perlfaq                                       noarch                       5.20180605-1.el8                                                 appstream                            386 k
DEBUG util.py:537:   perl-podlators                                     noarch                       4.11-1.el8                                                       baseos                               118 k
DEBUG util.py:537:   perl-threads                                       x86_64                       1:2.21-2.el8                                                     baseos                                61 k
DEBUG util.py:537:   perl-threads-shared                                x86_64                       1.58-2.el8                                                       baseos                                47 k
DEBUG util.py:537:   perl-utils                                         noarch                       5.26.3-423.el8_10.1                                              appstream                            129 k
DEBUG util.py:537:   perl-version                                       x86_64                       6:0.99.24-1.el8                                                  appstream                             67 k
DEBUG util.py:537:   python3-pyparsing                                  noarch                       2.1.10-7.el8                                                     baseos                               142 k
DEBUG util.py:537:   systemd-pam                                        x86_64                       239-82.el8_10.19                                                 baseos                               519 k
DEBUG util.py:537:   systemtap-sdt-devel                                x86_64                       4.9-3.el8                                                        appstream                             87 k
DEBUG util.py:537:   yajl                                               x86_64                       2.1.0-12.el8                                                     appstream                             40 k
DEBUG util.py:537:  Enabling module streams:
DEBUG util.py:537:   perl                                                                            5.26                                                                                                       
DEBUG util.py:537:   perl-IO-Socket-SSL                                                              2.066                                                                                                      
DEBUG util.py:537:   perl-libwww-perl                                                                6.34                                                                                                       
DEBUG util.py:537:  Transaction Summary
DEBUG util.py:537:  =============================================================================================================================================================================================
DEBUG util.py:537:  Install  173 Packages
DEBUG util.py:537:  Total size: 35 M
DEBUG util.py:537:  Total download size: 15 M
DEBUG util.py:537:  Installed size: 94 M
DEBUG util.py:537:  Downloading Packages:
DEBUG util.py:537:  [SKIPPED] acl-2.4.0-1.el8_10.x86_64.rpm: Already downloaded                                                                                                                                 
DEBUG util.py:537:  [SKIPPED] cryptsetup-libs-2.3.7-7.el8.x86_64.rpm: Already downloaded                                                                                                                        
DEBUG util.py:537:  [SKIPPED] dbus-1.12.8-28.el8_10.x86_64.rpm: Already downloaded                                                                                                                              
DEBUG util.py:537:  [SKIPPED] dbus-common-1.12.8-28.el8_10.noarch.rpm: Already downloaded                                                                                                                       
DEBUG util.py:537:  [SKIPPED] dbus-daemon-1.12.8-28.el8_10.x86_64.rpm: Already downloaded                                                                                                                       
DEBUG util.py:537:  [SKIPPED] dbus-libs-1.12.8-28.el8_10.x86_64.rpm: Already downloaded                                                                                                                         
DEBUG util.py:537:  [SKIPPED] dbus-tools-1.12.8-28.el8_10.x86_64.rpm: Already downloaded                                                                                                                        
DEBUG util.py:537:  [SKIPPED] device-mapper-1.02.181-15.el8_10.3.x86_64.rpm: Already downloaded                                                                                                                 
DEBUG util.py:537:  [SKIPPED] device-mapper-libs-1.02.181-15.el8_10.3.x86_64.rpm: Already downloaded                                                                                                            
DEBUG util.py:537:  [SKIPPED] groff-base-1.22.3-18.el8.x86_64.rpm: Already downloaded                                                                                                                           
DEBUG util.py:537:  [SKIPPED] json-c-0.13.1-3.el8.x86_64.rpm: Already downloaded                                                                                                                                
DEBUG util.py:537:  [SKIPPED] keyutils-libs-devel-1.5.10-9.el8.x86_64.rpm: Already downloaded                                                                                                                   
DEBUG util.py:537:  [SKIPPED] kmod-libs-25-20.el8.x86_64.rpm: Already downloaded                                                                                                                                
DEBUG util.py:537:  [SKIPPED] krb5-devel-1.18.2-34.el8_10.x86_64.rpm: Already downloaded                                                                                                                        
DEBUG util.py:537:  [SKIPPED] libcom_err-devel-1.45.6-7.el8_10.x86_64.rpm: Already downloaded                                                                                                                   
DEBUG util.py:537:  [SKIPPED] libkadm5-1.18.2-34.el8_10.x86_64.rpm: Already downloaded                                                                                                                          
DEBUG util.py:537:  [SKIPPED] libseccomp-2.5.2-1.el8.x86_64.rpm: Already downloaded                                                                                                                             
DEBUG util.py:537:  [SKIPPED] libselinux-devel-2.9-11.el8_10.x86_64.rpm: Already downloaded                                                                                                                     
DEBUG util.py:537:  [SKIPPED] libsepol-devel-2.9-3.el8.x86_64.rpm: Already downloaded                                                                                                                           
DEBUG util.py:537:  [SKIPPED] libverto-devel-0.3.2-2.el8.x86_64.rpm: Already downloaded                                                                                                                         
DEBUG util.py:537:  [SKIPPED] libzstd-devel-1.4.4-1.el8.x86_64.rpm: Already downloaded                                                                                                                          
DEBUG util.py:537:  [SKIPPED] lmdb-libs-0.9.24-2.el8.x86_64.rpm: Already downloaded                                                                                                                             
DEBUG util.py:537:  [SKIPPED] openssl-1.1.1k-17.el8_6.x86_64.rpm: Already downloaded                                                                                                                            
DEBUG util.py:537:  [SKIPPED] openssl-devel-1.1.1k-17.el8_6.x86_64.rpm: Already downloaded                                                                                                                      
DEBUG util.py:537:  [SKIPPED] pcre2-devel-10.32-3.el8_6.x86_64.rpm: Already downloaded                                                                                                                          
DEBUG util.py:537:  [SKIPPED] pcre2-utf16-10.32-3.el8_6.x86_64.rpm: Already downloaded                                                                                                                          
DEBUG util.py:537:  [SKIPPED] pcre2-utf32-10.32-3.el8_6.x86_64.rpm: Already downloaded                                                                                                                          
DEBUG util.py:537:  [SKIPPED] perl-Algorithm-Diff-1.1903-9.el8.noarch.rpm: Already downloaded                                                                                                                   
DEBUG util.py:537:  [SKIPPED] perl-Archive-Tar-2.30-3.el8_10.noarch.rpm: Already downloaded                                                                                                                     
DEBUG util.py:537:  [SKIPPED] perl-Carp-1.42-396.el8.noarch.rpm: Already downloaded                                                                                                                             
DEBUG util.py:537:  [SKIPPED] perl-Compress-Raw-Bzip2-2.081-1.el8.x86_64.rpm: Already downloaded                                                                                                                
DEBUG util.py:537:  [SKIPPED] perl-Compress-Raw-Zlib-2.081-1.el8.x86_64.rpm: Already downloaded                                                                                                                 
DEBUG util.py:537:  [SKIPPED] perl-Data-Dumper-2.167-399.el8.x86_64.rpm: Already downloaded                                                                                                                     
DEBUG util.py:537:  [SKIPPED] perl-Digest-1.17-395.el8.noarch.rpm: Already downloaded                                                                                                                           
DEBUG util.py:537:  [SKIPPED] perl-Digest-MD5-2.55-396.el8.x86_64.rpm: Already downloaded                                                                                                                       
DEBUG util.py:537:  [SKIPPED] perl-Encode-2.97-3.el8.x86_64.rpm: Already downloaded                                                                                                                             
DEBUG util.py:537:  [SKIPPED] perl-Exporter-5.72-396.el8.noarch.rpm: Already downloaded                                                                                                                         
DEBUG util.py:537:  [SKIPPED] perl-File-Path-2.15-2.el8.noarch.rpm: Already downloaded                                                                                                                          
DEBUG util.py:537:  [SKIPPED] perl-File-Temp-0.230.600-1.el8.noarch.rpm: Already downloaded                                                                                                                     
DEBUG util.py:537:  [SKIPPED] perl-Getopt-Long-2.50-4.el8.noarch.rpm: Already downloaded                                                                                                                        
DEBUG util.py:537:  [SKIPPED] perl-HTTP-Tiny-0.074-3.el8.noarch.rpm: Already downloaded                                                                                                                         
DEBUG util.py:537:  [SKIPPED] perl-IO-Compress-2.081-2.el8_10.noarch.rpm: Already downloaded                                                                                                                    
DEBUG util.py:537:  [SKIPPED] perl-IO-Socket-IP-0.39-5.el8.noarch.rpm: Already downloaded                                                                                                                       
DEBUG util.py:537:  [SKIPPED] perl-MIME-Base64-3.15-396.el8.x86_64.rpm: Already downloaded                                                                                                                      
DEBUG util.py:537:  [SKIPPED] perl-Math-BigInt-1.9998.11-7.el8.noarch.rpm: Already downloaded                                                                                                                   
DEBUG util.py:537:  [SKIPPED] perl-PathTools-3.74-1.el8.x86_64.rpm: Already downloaded                                                                                                                          
DEBUG util.py:537:  [SKIPPED] perl-Pod-Escapes-1.07-395.el8.noarch.rpm: Already downloaded                                                                                                                      
DEBUG util.py:537:  [SKIPPED] perl-Pod-Perldoc-3.28-396.el8.noarch.rpm: Already downloaded                                                                                                                      
DEBUG util.py:537:  [SKIPPED] perl-Pod-Simple-3.35-395.el8.noarch.rpm: Already downloaded                                                                                                                       
DEBUG util.py:537:  [SKIPPED] perl-Pod-Usage-1.69-395.el8.noarch.rpm: Already downloaded                                                                                                                        
DEBUG util.py:537:  [SKIPPED] perl-Scalar-List-Utils-1.49-2.el8.x86_64.rpm: Already downloaded                                                                                                                  
DEBUG util.py:537:  [SKIPPED] perl-Socket-2.027-3.el8.x86_64.rpm: Already downloaded                                                                                                                            
DEBUG util.py:537:  [SKIPPED] perl-Storable-3.11-3.el8.x86_64.rpm: Already downloaded                                                                                                                           
DEBUG util.py:537:  [SKIPPED] perl-Term-ANSIColor-4.06-396.el8.noarch.rpm: Already downloaded                                                                                                                   
DEBUG util.py:537:  [SKIPPED] perl-Term-Cap-1.17-395.el8.noarch.rpm: Already downloaded                                                                                                                         
DEBUG util.py:537:  [SKIPPED] perl-Text-Diff-1.45-2.el8.noarch.rpm: Already downloaded                                                                                                                          
DEBUG util.py:537:  [SKIPPED] perl-Text-ParseWords-3.30-395.el8.noarch.rpm: Already downloaded                                                                                                                  
DEBUG util.py:537:  [SKIPPED] perl-Text-Tabs+Wrap-2013.0523-395.el8.noarch.rpm: Already downloaded                                                                                                              
DEBUG util.py:537:  [SKIPPED] perl-Time-Local-1.280-1.el8.noarch.rpm: Already downloaded                                                                                                                        
DEBUG util.py:537:  [SKIPPED] perl-URI-1.73-3.el8.noarch.rpm: Already downloaded                                                                                                                                
DEBUG util.py:537:  [SKIPPED] perl-Unicode-Normalize-1.25-396.el8.x86_64.rpm: Already downloaded                                                                                                                
DEBUG util.py:537:  [SKIPPED] perl-constant-1.33-396.el8.noarch.rpm: Already downloaded                                                                                                                         
DEBUG util.py:537:  [SKIPPED] perl-libnet-3.11-3.el8.noarch.rpm: Already downloaded                                                                                                                             
DEBUG util.py:537:  [SKIPPED] perl-parent-0.237-1.el8.noarch.rpm: Already downloaded                                                                                                                            
DEBUG util.py:537:  [SKIPPED] perl-podlators-4.11-1.el8.noarch.rpm: Already downloaded                                                                                                                          
DEBUG util.py:537:  [SKIPPED] perl-threads-2.21-2.el8.x86_64.rpm: Already downloaded                                                                                                                            
DEBUG util.py:537:  [SKIPPED] perl-threads-shared-1.58-2.el8.x86_64.rpm: Already downloaded                                                                                                                     
DEBUG util.py:537:  [SKIPPED] python3-pyparsing-2.1.10-7.el8.noarch.rpm: Already downloaded                                                                                                                     
DEBUG util.py:537:  [SKIPPED] zlib-devel-1.2.11-25.el8.x86_64.rpm: Already downloaded                                                                                                                           
DEBUG util.py:537:  [SKIPPED] perl-Archive-Zip-1.60-3.el8.noarch.rpm: Already downloaded                                                                                                                        
DEBUG util.py:537:  [SKIPPED] perl-B-Debug-1.26-2.el8.noarch.rpm: Already downloaded                                                                                                                            
DEBUG util.py:537:  [SKIPPED] perl-CPAN-2.18-402.el8_10.noarch.rpm: Already downloaded                                                                                                                          
DEBUG util.py:537:  [SKIPPED] perl-CPAN-Meta-2.150010-396.el8.noarch.rpm: Already downloaded                                                                                                                    
DEBUG util.py:537:  [SKIPPED] perl-CPAN-Meta-Requirements-2.140-396.el8.noarch.rpm: Already downloaded                                                                                                          
DEBUG util.py:537:  [SKIPPED] perl-CPAN-Meta-YAML-0.018-397.el8.noarch.rpm: Already downloaded                                                                                                                  
DEBUG util.py:537:  [SKIPPED] perl-Compress-Bzip2-2.26-6.el8.x86_64.rpm: Already downloaded                                                                                                                     
DEBUG util.py:537:  [SKIPPED] perl-Config-Perl-V-0.30-1.el8.noarch.rpm: Already downloaded                                                                                                                      
DEBUG util.py:537:  [SKIPPED] perl-DB_File-1.842-1.el8.x86_64.rpm: Already downloaded                                                                                                                           
DEBUG util.py:537:  [SKIPPED] perl-Data-OptList-0.110-6.el8.noarch.rpm: Already downloaded                                                                                                                      
DEBUG util.py:537:  [SKIPPED] perl-Data-Section-0.200007-3.el8.noarch.rpm: Already downloaded                                                                                                                   
DEBUG util.py:537:  [SKIPPED] perl-Devel-PPPort-3.36-5.el8.x86_64.rpm: Already downloaded                                                                                                                       
DEBUG util.py:537:  [SKIPPED] perl-Devel-Size-0.81-2.el8.x86_64.rpm: Already downloaded                                                                                                                         
DEBUG util.py:537:  [SKIPPED] perl-Digest-SHA-6.02-1.el8.x86_64.rpm: Already downloaded                                                                                                                         
DEBUG util.py:537:  [SKIPPED] perl-Encode-devel-2.97-3.el8.x86_64.rpm: Already downloaded                                                                                                                       
DEBUG util.py:537:  [SKIPPED] perl-Env-1.04-395.el8.noarch.rpm: Already downloaded                                                                                                                              
DEBUG util.py:537:  [SKIPPED] perl-ExtUtils-CBuilder-0.280230-2.el8.noarch.rpm: Already downloaded                                                                                                              
DEBUG util.py:537:  [SKIPPED] perl-ExtUtils-Command-7.34-1.el8.noarch.rpm: Already downloaded                                                                                                                   
DEBUG util.py:537:  [SKIPPED] perl-ExtUtils-Install-2.14-4.el8.noarch.rpm: Already downloaded                                                                                                                   
DEBUG util.py:537:  [SKIPPED] perl-ExtUtils-MM-Utils-7.34-1.el8.noarch.rpm: Already downloaded                                                                                                                  
DEBUG util.py:537:  [SKIPPED] perl-ExtUtils-MakeMaker-7.34-1.el8.noarch.rpm: Already downloaded                                                                                                                 
DEBUG util.py:537:  [SKIPPED] perl-ExtUtils-Manifest-1.70-395.el8.noarch.rpm: Already downloaded                                                                                                                
DEBUG util.py:537:  [SKIPPED] perl-ExtUtils-ParseXS-3.35-2.el8.noarch.rpm: Already downloaded                                                                                                                   
DEBUG util.py:537:  [SKIPPED] perl-File-Fetch-0.56-2.el8.noarch.rpm: Already downloaded                                                                                                                         
DEBUG util.py:537:  [SKIPPED] perl-File-HomeDir-1.002-4.el8.noarch.rpm: Already downloaded                                                                                                                      
DEBUG util.py:537:  [SKIPPED] perl-File-Which-1.22-2.el8.noarch.rpm: Already downloaded                                                                                                                         
DEBUG util.py:537:  [SKIPPED] perl-Filter-1.58-2.el8.x86_64.rpm: Already downloaded                                                                                                                             
DEBUG util.py:537:  [SKIPPED] perl-Filter-Simple-0.94-2.el8.noarch.rpm: Already downloaded                                                                                                                      
DEBUG util.py:537:  [SKIPPED] perl-IO-Socket-SSL-2.066-4.module_el8.6.0+2811+fe6c84b0.noarch.rpm: Already downloaded                                                                                            
DEBUG util.py:537:  [SKIPPED] perl-IPC-Cmd-1.02-1.el8.noarch.rpm: Already downloaded                                                                                                                            
DEBUG util.py:537:  [SKIPPED] perl-IPC-SysV-2.07-397.el8.x86_64.rpm: Already downloaded                                                                                                                         
DEBUG util.py:537:  [SKIPPED] perl-IPC-System-Simple-1.25-17.el8.noarch.rpm: Already downloaded                                                                                                                 
DEBUG util.py:537:  [SKIPPED] perl-JSON-PP-2.97.001-3.el8.noarch.rpm: Already downloaded                                                                                                                        
DEBUG util.py:537:  [SKIPPED] perl-Locale-Codes-3.57-1.el8.noarch.rpm: Already downloaded                                                                                                                       
DEBUG util.py:537:  [SKIPPED] perl-Locale-Maketext-1.28-396.el8.noarch.rpm: Already downloaded                                                                                                                  
DEBUG util.py:537:  [SKIPPED] perl-MRO-Compat-0.13-4.el8.noarch.rpm: Already downloaded                                                                                                                         
DEBUG util.py:537:  [SKIPPED] perl-Math-BigInt-FastCalc-0.500.600-6.el8.x86_64.rpm: Already downloaded                                                                                                          
DEBUG util.py:537:  [SKIPPED] perl-Math-BigRat-0.2614-1.el8.noarch.rpm: Already downloaded                                                                                                                      
DEBUG util.py:537:  [SKIPPED] perl-Module-Build-0.42.24-5.el8.noarch.rpm: Already downloaded                                                                                                                    
DEBUG util.py:537:  [SKIPPED] perl-Module-CoreList-5.20181130-1.el8.noarch.rpm: Already downloaded                                                                                                              
DEBUG util.py:537:  [SKIPPED] perl-Module-CoreList-tools-5.20181130-1.el8.noarch.rpm: Already downloaded                                                                                                        
DEBUG util.py:537:  [SKIPPED] perl-Module-Load-0.32-395.el8.noarch.rpm: Already downloaded                                                                                                                      
DEBUG util.py:537:  [SKIPPED] perl-Module-Load-Conditional-0.68-395.el8.noarch.rpm: Already downloaded                                                                                                          
DEBUG util.py:537:  [SKIPPED] perl-Module-Metadata-1.000033-395.el8.noarch.rpm: Already downloaded                                                                                                              
DEBUG util.py:537:  [SKIPPED] perl-Mozilla-CA-20160104-7.module_el8.5.0+2812+ed912d05.noarch.rpm: Already downloaded                                                                                            
DEBUG util.py:537:  [SKIPPED] perl-Net-SSLeay-1.88-2.module_el8.6.0+2811+fe6c84b0.x86_64.rpm: Already downloaded                                                                                                
DEBUG util.py:537:  [SKIPPED] perl-Package-Generator-1.106-11.el8.noarch.rpm: Already downloaded                                                                                                                
DEBUG util.py:537:  [SKIPPED] perl-Params-Check-0.38-395.el8.noarch.rpm: Already downloaded                                                                                                                     
DEBUG util.py:537:  [SKIPPED] perl-Params-Util-1.07-22.el8.x86_64.rpm: Already downloaded                                                                                                                       
DEBUG util.py:537:  [SKIPPED] perl-Perl-OSType-1.010-396.el8.noarch.rpm: Already downloaded                                                                                                                     
DEBUG util.py:537:  [SKIPPED] perl-PerlIO-via-QuotedPrint-0.08-395.el8.noarch.rpm: Already downloaded                                                                                                           
DEBUG util.py:537:  [SKIPPED] perl-Pod-Checker-1.73-395.el8.noarch.rpm: Already downloaded                                                                                                                      
DEBUG util.py:537:  [SKIPPED] perl-Pod-Parser-1.63-396.el8.noarch.rpm: Already downloaded                                                                                                                       
DEBUG util.py:537:  [SKIPPED] perl-Software-License-0.103013-2.el8.noarch.rpm: Already downloaded                                                                                                               
DEBUG util.py:537:  [SKIPPED] perl-Sub-Exporter-0.987-15.el8.noarch.rpm: Already downloaded                                                                                                                     
DEBUG util.py:537:  [SKIPPED] perl-Sub-Install-0.928-14.el8.noarch.rpm: Already downloaded                                                                                                                      
DEBUG util.py:537:  [SKIPPED] perl-Sys-Syslog-0.35-397.el8.x86_64.rpm: Already downloaded                                                                                                                       
DEBUG util.py:537:  [SKIPPED] perl-Test-Harness-3.42-1.el8.noarch.rpm: Already downloaded                                                                                                                       
DEBUG util.py:537:  [SKIPPED] perl-Test-Simple-1.302135-1.el8.noarch.rpm: Already downloaded                                                                                                                    
DEBUG util.py:537:  [SKIPPED] perl-Text-Balanced-2.03-395.el8.noarch.rpm: Already downloaded                                                                                                                    
DEBUG util.py:537:  [SKIPPED] perl-Text-Glob-0.11-4.el8.noarch.rpm: Already downloaded                                                                                                                          
DEBUG util.py:537:  [SKIPPED] perl-Text-Template-1.51-1.el8.noarch.rpm: Already downloaded                                                                                                                      
DEBUG util.py:537:  [SKIPPED] perl-Thread-Queue-3.13-1.el8.noarch.rpm: Already downloaded                                                                                                                       
DEBUG util.py:537:  [SKIPPED] perl-Time-HiRes-1.9758-2.el8.x86_64.rpm: Already downloaded                                                                                                                       
DEBUG util.py:537:  [SKIPPED] perl-Unicode-Collate-1.25-2.el8.x86_64.rpm: Already downloaded                                                                                                                    
DEBUG util.py:537:  [SKIPPED] perl-autodie-2.29-396.el8.noarch.rpm: Already downloaded                                                                                                                          
DEBUG util.py:537:  [SKIPPED] perl-bignum-0.49-2.el8.noarch.rpm: Already downloaded                                                                                                                             
DEBUG util.py:537:  [SKIPPED] perl-encoding-2.22-3.el8.x86_64.rpm: Already downloaded                                                                                                                           
DEBUG util.py:537:  [SKIPPED] perl-experimental-0.019-2.el8.noarch.rpm: Already downloaded                                                                                                                      
DEBUG util.py:537:  [SKIPPED] perl-inc-latest-0.500-9.el8.noarch.rpm: Already downloaded                                                                                                                        
DEBUG util.py:537:  [SKIPPED] perl-local-lib-2.000024-2.el8.noarch.rpm: Already downloaded                                                                                                                      
DEBUG util.py:537:  [SKIPPED] perl-perlfaq-5.20180605-1.el8.noarch.rpm: Already downloaded                                                                                                                      
DEBUG util.py:537:  [SKIPPED] perl-version-0.99.24-1.el8.x86_64.rpm: Already downloaded                                                                                                                         
DEBUG util.py:537:  [SKIPPED] systemtap-sdt-devel-4.9-3.el8.x86_64.rpm: Already downloaded                                                                                                                      
DEBUG util.py:537:  [SKIPPED] yajl-2.1.0-12.el8.x86_64.rpm: Already downloaded                                                                                                                                  
DEBUG util.py:537:  [SKIPPED] epel-rpm-macros-systemd-8-43.noarch.rpm: Already downloaded                                                                                                                       
DEBUG util.py:537:  (146/172): perl-Errno-1.28-423.el8_10.1.x86_64.rpm                                                                                                           118 kB/s |  76 kB     00:00    
DEBUG util.py:537:  (147/172): perl-IO-Zlib-1.10-423.el8_10.1.noarch.rpm                                                                                                         123 kB/s |  80 kB     00:00    
DEBUG util.py:537:  (148/172): perl-IO-1.38-423.el8_10.1.x86_64.rpm                                                                                                              214 kB/s | 141 kB     00:00    
DEBUG util.py:537:  (149/172): perl-Math-Complex-1.59-423.el8_10.1.noarch.rpm                                                                                                    553 kB/s | 108 kB     00:00    
DEBUG util.py:537:  (150/172): perl-macros-5.26.3-423.el8_10.1.x86_64.rpm                                                                                                        388 kB/s |  72 kB     00:00    
DEBUG util.py:537:  (151/172): perl-libs-5.26.3-423.el8_10.1.x86_64.rpm                                                                                                          982 kB/s | 1.6 MB     00:01    
DEBUG util.py:537:  (152/172): systemd-239-82.el8_10.19.x86_64.rpm                                                                                                               2.6 MB/s | 3.7 MB     00:01    
DEBUG util.py:537:  (153/172): systemd-pam-239-82.el8_10.19.x86_64.rpm                                                                                                           2.6 MB/s | 519 kB     00:00    
DEBUG util.py:537:  (154/172): perl-5.26.3-423.el8_10.1.x86_64.rpm                                                                                                               943 kB/s |  72 kB     00:00    
DEBUG util.py:537:  (155/172): perl-Attribute-Handlers-0.99-423.el8_10.1.noarch.rpm                                                                                              924 kB/s |  89 kB     00:00    
DEBUG util.py:537:  (156/172): perl-Devel-Peek-1.26-423.el8_10.1.x86_64.rpm                                                                                                      1.2 MB/s |  93 kB     00:00    
DEBUG util.py:537:  (157/172): perl-Devel-SelfStubber-1.06-423.el8_10.1.noarch.rpm                                                                                               1.1 MB/s |  75 kB     00:00    
DEBUG util.py:537:  (158/172): perl-ExtUtils-Embed-1.34-423.el8_10.1.noarch.rpm                                                                                                  991 kB/s |  79 kB     00:00    
DEBUG util.py:537:  (159/172): perl-ExtUtils-Miniperl-1.06-423.el8_10.1.noarch.rpm                                                                                               743 kB/s |  76 kB     00:00    
DEBUG util.py:537:  (160/172): perl-Locale-Maketext-Simple-0.21-423.el8_10.1.noarch.rpm                                                                                          441 kB/s |  78 kB     00:00    
DEBUG util.py:537:  (161/172): perl-Memoize-1.03-423.el8_10.1.noarch.rpm                                                                                                         731 kB/s | 118 kB     00:00    
DEBUG util.py:537:  (162/172): perl-Module-Loaded-0.08-423.el8_10.1.noarch.rpm                                                                                                   621 kB/s |  74 kB     00:00    
DEBUG util.py:537:  (163/172): perl-Net-Ping-2.55-423.el8_10.1.noarch.rpm                                                                                                        1.3 MB/s | 101 kB     00:00    
DEBUG util.py:537:  (164/172): perl-Pod-Html-1.22.02-423.el8_10.1.noarch.rpm                                                                                                     1.1 MB/s |  87 kB     00:00    
DEBUG util.py:537:  (165/172): perl-SelfLoader-1.23-423.el8_10.1.noarch.rpm                                                                                                      788 kB/s |  83 kB     00:00    
DEBUG util.py:537:  (166/172): perl-Test-1.30-423.el8_10.1.noarch.rpm                                                                                                            937 kB/s |  90 kB     00:00    
DEBUG util.py:537:  (167/172): perl-Time-Piece-1.31-423.el8_10.1.x86_64.rpm                                                                                                      1.2 MB/s |  97 kB     00:00    
DEBUG util.py:537:  (168/172): perl-interpreter-5.26.3-423.el8_10.1.x86_64.rpm                                                                                                   2.4 MB/s | 6.3 MB     00:02    
DEBUG util.py:537:  (169/172): perl-libnetcfg-5.26.3-423.el8_10.1.noarch.rpm                                                                                                     574 kB/s |  77 kB     00:00    
DEBUG util.py:537:  (170/172): perl-devel-5.26.3-423.el8_10.1.x86_64.rpm                                                                                                         2.7 MB/s | 599 kB     00:00    
DEBUG util.py:537:  (171/172): perl-open-1.11-423.el8_10.1.noarch.rpm                                                                                                            874 kB/s |  77 kB     00:00    
DEBUG util.py:537:  (172/172): perl-utils-5.26.3-423.el8_10.1.noarch.rpm                                                                                                         1.0 MB/s | 129 kB     00:00    
DEBUG util.py:537:  ---------------------------------------------------------------------------------------------------------------------------------------------------------------------------------------------
DEBUG util.py:537:  Total                                                                                                                                                        3.0 MB/s |  15 MB     00:04     
DEBUG util.py:537:  Running transaction check
DEBUG util.py:537:  Transaction check succeeded.
DEBUG util.py:537:  Running transaction test
DEBUG util.py:537:  Transaction test succeeded.
DEBUG util.py:537:  Running transaction
DEBUG util.py:537:    Preparing        :                                                                                                                                                                     1/1 
DEBUG util.py:537:    Installing       : dbus-libs-1:1.12.8-28.el8_10.x86_64                                                                                                                               1/173 
DEBUG util.py:537:    Running scriptlet: dbus-libs-1:1.12.8-28.el8_10.x86_64                                                                                                                               1/173 
DEBUG util.py:537:    Installing       : dbus-tools-1:1.12.8-28.el8_10.x86_64                                                                                                                              2/173 
DEBUG util.py:537:    Installing       : yajl-2.1.0-12.el8.x86_64                                                                                                                                          3/173 
DEBUG util.py:537:    Installing       : zlib-devel-1.2.11-25.el8.x86_64                                                                                                                                   4/173 
DEBUG util.py:537:    Installing       : python3-pyparsing-2.1.10-7.el8.noarch                                                                                                                             5/173 
DEBUG util.py:537:    Installing       : systemtap-sdt-devel-4.9-3.el8.x86_64                                                                                                                              6/173 
DEBUG util.py:537:    Installing       : pcre2-utf32-10.32-3.el8_6.x86_64                                                                                                                                  7/173 
DEBUG util.py:537:    Installing       : pcre2-utf16-10.32-3.el8_6.x86_64                                                                                                                                  8/173 
DEBUG util.py:537:    Installing       : pcre2-devel-10.32-3.el8_6.x86_64                                                                                                                                  9/173 
DEBUG util.py:537:    Installing       : openssl-1:1.1.1k-17.el8_6.x86_64                                                                                                                                 10/173 
DEBUG util.py:537:    Installing       : lmdb-libs-0.9.24-2.el8.x86_64                                                                                                                                    11/173 
DEBUG util.py:537:    Installing       : libverto-devel-0.3.2-2.el8.x86_64                                                                                                                                12/173 
DEBUG util.py:537:    Installing       : libsepol-devel-2.9-3.el8.x86_64                                                                                                                                  13/173 
DEBUG util.py:537:    Installing       : libselinux-devel-2.9-11.el8_10.x86_64                                                                                                                            14/173 
DEBUG util.py:537:    Installing       : libseccomp-2.5.2-1.el8.x86_64                                                                                                                                    15/173 
DEBUG util.py:537:    Running scriptlet: libseccomp-2.5.2-1.el8.x86_64                                                                                                                                    15/173 
DEBUG util.py:537:    Installing       : libkadm5-1.18.2-34.el8_10.x86_64                                                                                                                                 16/173 
DEBUG util.py:537:    Installing       : libcom_err-devel-1.45.6-7.el8_10.x86_64                                                                                                                          17/173 
DEBUG util.py:537:    Installing       : kmod-libs-25-20.el8.x86_64                                                                                                                                       18/173 
DEBUG util.py:537:    Running scriptlet: kmod-libs-25-20.el8.x86_64                                                                                                                                       18/173 
DEBUG util.py:537:    Installing       : keyutils-libs-devel-1.5.10-9.el8.x86_64                                                                                                                          19/173 
DEBUG util.py:537:    Installing       : krb5-devel-1.18.2-34.el8_10.x86_64                                                                                                                               20/173 
DEBUG util.py:537:    Installing       : json-c-0.13.1-3.el8.x86_64                                                                                                                                       21/173 
DEBUG util.py:537:    Installing       : groff-base-1.22.3-18.el8.x86_64                                                                                                                                  22/173 
DEBUG util.py:537:    Installing       : perl-Digest-1.17-395.el8.noarch                                                                                                                                  23/173 
DEBUG util.py:537:    Installing       : perl-Digest-MD5-2.55-396.el8.x86_64                                                                                                                              24/173 
DEBUG util.py:537:    Installing       : perl-Data-Dumper-2.167-399.el8.x86_64                                                                                                                            25/173 
DEBUG util.py:537:    Installing       : perl-libnet-3.11-3.el8.noarch                                                                                                                                    26/173 
DEBUG util.py:537:    Installing       : perl-URI-1.73-3.el8.noarch                                                                                                                                       27/173 
DEBUG util.py:537:    Installing       : perl-Pod-Escapes-1:1.07-395.el8.noarch                                                                                                                           28/173 
DEBUG util.py:537:    Installing       : perl-IO-Socket-IP-0.39-5.el8.noarch                                                                                                                              29/173 
DEBUG util.py:537:    Installing       : perl-Time-Local-1:1.280-1.el8.noarch                                                                                                                             30/173 
DEBUG util.py:537:    Installing       : perl-Mozilla-CA-20160104-7.module_el8.5.0+2812+ed912d05.noarch                                                                                                   31/173 
DEBUG util.py:537:    Installing       : perl-IO-Socket-SSL-2.066-4.module_el8.6.0+2811+fe6c84b0.noarch                                                                                                   32/173 
DEBUG util.py:537:    Installing       : perl-Net-SSLeay-1.88-2.module_el8.6.0+2811+fe6c84b0.x86_64                                                                                                       33/173 
DEBUG util.py:537:    Installing       : perl-Term-ANSIColor-4.06-396.el8.noarch                                                                                                                          34/173 
DEBUG util.py:537:    Installing       : perl-Term-Cap-1.17-395.el8.noarch                                                                                                                                35/173 
DEBUG util.py:537:    Installing       : perl-File-Temp-0.230.600-1.el8.noarch                                                                                                                            36/173 
DEBUG util.py:537:    Installing       : perl-HTTP-Tiny-0.074-3.el8.noarch                                                                                                                                37/173 
DEBUG util.py:537:    Installing       : perl-Pod-Simple-1:3.35-395.el8.noarch                                                                                                                            38/173 
DEBUG util.py:537:    Installing       : perl-podlators-4.11-1.el8.noarch                                                                                                                                 39/173 
DEBUG util.py:537:    Installing       : perl-Pod-Perldoc-3.28-396.el8.noarch                                                                                                                             40/173 
DEBUG util.py:537:    Installing       : perl-Text-ParseWords-3.30-395.el8.noarch                                                                                                                         41/173 
DEBUG util.py:537:    Installing       : perl-Pod-Usage-4:1.69-395.el8.noarch                                                                                                                             42/173 
DEBUG util.py:537:    Installing       : perl-MIME-Base64-3.15-396.el8.x86_64                                                                                                                             43/173 
DEBUG util.py:537:    Installing       : perl-Storable-1:3.11-3.el8.x86_64                                                                                                                                44/173 
DEBUG util.py:537:    Installing       : perl-Getopt-Long-1:2.50-4.el8.noarch                                                                                                                             45/173 
DEBUG util.py:537:    Installing       : perl-Errno-1.28-423.el8_10.1.x86_64                                                                                                                              46/173 
DEBUG util.py:537:    Installing       : perl-Socket-4:2.027-3.el8.x86_64                                                                                                                                 47/173 
DEBUG util.py:537:    Installing       : perl-Encode-4:2.97-3.el8.x86_64                                                                                                                                  48/173 
DEBUG util.py:537:    Installing       : perl-Carp-1.42-396.el8.noarch                                                                                                                                    49/173 
DEBUG util.py:537:    Installing       : perl-Exporter-5.72-396.el8.noarch                                                                                                                                50/173 
DEBUG util.py:537:    Installing       : perl-libs-4:5.26.3-423.el8_10.1.x86_64                                                                                                                           51/173 
DEBUG util.py:537:    Installing       : perl-Scalar-List-Utils-3:1.49-2.el8.x86_64                                                                                                                       52/173 
DEBUG util.py:537:    Installing       : perl-parent-1:0.237-1.el8.noarch                                                                                                                                 53/173 
DEBUG util.py:537:    Installing       : perl-macros-4:5.26.3-423.el8_10.1.x86_64                                                                                                                         54/173 
DEBUG util.py:537:    Installing       : perl-Text-Tabs+Wrap-2013.0523-395.el8.noarch                                                                                                                     55/173 
DEBUG util.py:537:    Installing       : perl-Unicode-Normalize-1.25-396.el8.x86_64                                                                                                                       56/173 
DEBUG util.py:537:    Installing       : perl-File-Path-2.15-2.el8.noarch                                                                                                                                 57/173 
DEBUG util.py:537:    Installing       : perl-IO-1.38-423.el8_10.1.x86_64                                                                                                                                 58/173 
DEBUG util.py:537:    Installing       : perl-PathTools-3.74-1.el8.x86_64                                                                                                                                 59/173 
DEBUG util.py:537:    Installing       : perl-constant-1.33-396.el8.noarch                                                                                                                                60/173 
DEBUG util.py:537:    Installing       : perl-threads-1:2.21-2.el8.x86_64                                                                                                                                 61/173 
DEBUG util.py:537:    Installing       : perl-threads-shared-1.58-2.el8.x86_64                                                                                                                            62/173 
DEBUG util.py:537:    Installing       : perl-interpreter-4:5.26.3-423.el8_10.1.x86_64                                                                                                                    63/173 
DEBUG util.py:537:    Installing       : perl-version-6:0.99.24-1.el8.x86_64                                                                                                                              64/173 
DEBUG util.py:537:    Installing       : perl-Time-HiRes-4:1.9758-2.el8.x86_64                                                                                                                            65/173 
DEBUG util.py:537:    Installing       : perl-CPAN-Meta-Requirements-2.140-396.el8.noarch                                                                                                                 66/173 
DEBUG util.py:537:    Installing       : perl-ExtUtils-Manifest-1.70-395.el8.noarch                                                                                                                       67/173 
DEBUG util.py:537:    Installing       : perl-ExtUtils-ParseXS-1:3.35-2.el8.noarch                                                                                                                        68/173 
DEBUG util.py:537:    Installing       : perl-Test-Harness-1:3.42-1.el8.noarch                                                                                                                            69/173 
DEBUG util.py:537:    Installing       : perl-Module-CoreList-1:5.20181130-1.el8.noarch                                                                                                                   70/173 
DEBUG util.py:537:    Installing       : perl-Module-Metadata-1.000033-395.el8.noarch                                                                                                                     71/173 
DEBUG util.py:537:    Installing       : perl-Compress-Raw-Zlib-2.081-1.el8.x86_64                                                                                                                        72/173 
DEBUG util.py:537:    Installing       : perl-Filter-2:1.58-2.el8.x86_64                                                                                                                                  73/173 
DEBUG util.py:537:    Installing       : perl-SelfLoader-1.23-423.el8_10.1.noarch                                                                                                                         74/173 
DEBUG util.py:537:    Installing       : perl-Module-Load-1:0.32-395.el8.noarch                                                                                                                           75/173 
DEBUG util.py:537:    Installing       : perl-Perl-OSType-1.010-396.el8.noarch                                                                                                                            76/173 
DEBUG util.py:537:    Installing       : perl-Text-Balanced-2.03-395.el8.noarch                                                                                                                           77/173 
DEBUG util.py:537:    Installing       : perl-encoding-4:2.22-3.el8.x86_64                                                                                                                                78/173 
DEBUG util.py:537:    Installing       : perl-Net-Ping-2.55-423.el8_10.1.noarch                                                                                                                           79/173 
DEBUG util.py:537:    Installing       : perl-Compress-Raw-Bzip2-2.081-1.el8.x86_64                                                                                                                       80/173 
DEBUG util.py:537:    Installing       : perl-IO-Compress-2.081-2.el8_10.noarch                                                                                                                           81/173 
DEBUG util.py:537:    Installing       : perl-IO-Zlib-1:1.10-423.el8_10.1.noarch                                                                                                                          82/173 
DEBUG util.py:537:    Installing       : perl-Math-Complex-1.59-423.el8_10.1.noarch                                                                                                                       83/173 
DEBUG util.py:537:    Installing       : perl-Math-BigInt-1:1.9998.11-7.el8.noarch                                                                                                                        84/173 
DEBUG util.py:537:    Installing       : perl-JSON-PP-1:2.97.001-3.el8.noarch                                                                                                                             85/173 
DEBUG util.py:537:    Installing       : perl-Math-BigRat-0.2614-1.el8.noarch                                                                                                                             86/173 
DEBUG util.py:537:    Installing       : perl-CPAN-Meta-YAML-0.018-397.el8.noarch                                                                                                                         87/173 
DEBUG util.py:537:    Installing       : perl-CPAN-Meta-2.150010-396.el8.noarch                                                                                                                           88/173 
DEBUG util.py:537:    Installing       : perl-Digest-SHA-1:6.02-1.el8.x86_64                                                                                                                              89/173 
DEBUG util.py:537:    Installing       : perl-ExtUtils-Command-1:7.34-1.el8.noarch                                                                                                                        90/173 
DEBUG util.py:537:    Installing       : perl-devel-4:5.26.3-423.el8_10.1.x86_64                                                                                                                          91/173 
DEBUG util.py:537:    Installing       : perl-ExtUtils-Install-2.14-4.el8.noarch                                                                                                                          92/173 
DEBUG util.py:537:    Installing       : perl-ExtUtils-MakeMaker-1:7.34-1.el8.noarch                                                                                                                      93/173 
DEBUG util.py:537:    Installing       : perl-ExtUtils-Embed-1.34-423.el8_10.1.noarch                                                                                                                     94/173 
DEBUG util.py:537:    Installing       : perl-Locale-Maketext-1.28-396.el8.noarch                                                                                                                         95/173 
DEBUG util.py:537:    Installing       : perl-Locale-Maketext-Simple-1:0.21-423.el8_10.1.noarch                                                                                                           96/173 
DEBUG util.py:537:    Installing       : perl-Params-Check-1:0.38-395.el8.noarch                                                                                                                          97/173 
DEBUG util.py:537:    Installing       : perl-Module-Load-Conditional-0.68-395.el8.noarch                                                                                                                 98/173 
DEBUG util.py:537:    Installing       : perl-Params-Util-1.07-22.el8.x86_64                                                                                                                              99/173 
DEBUG util.py:537:    Installing       : perl-Pod-Html-1.22.02-423.el8_10.1.noarch                                                                                                                       100/173 
DEBUG util.py:537:    Installing       : perl-Sub-Install-0.928-14.el8.noarch                                                                                                                            101/173 
DEBUG util.py:537:    Installing       : perl-Data-OptList-0.110-6.el8.noarch                                                                                                                            102/173 
DEBUG util.py:537:    Installing       : perl-ExtUtils-Miniperl-1.06-423.el8_10.1.noarch                                                                                                                 103/173 
DEBUG util.py:537:    Installing       : perl-libnetcfg-4:5.26.3-423.el8_10.1.noarch                                                                                                                     104/173 
DEBUG util.py:537:    Installing       : perl-inc-latest-2:0.500-9.el8.noarch                                                                                                                            105/173 
DEBUG util.py:537:    Installing       : perl-Encode-devel-4:2.97-3.el8.x86_64                                                                                                                           106/173 
DEBUG util.py:537:    Installing       : perl-bignum-0.49-2.el8.noarch                                                                                                                                   107/173 
DEBUG util.py:537:    Installing       : perl-Math-BigInt-FastCalc-0.500.600-6.el8.x86_64                                                                                                                108/173 
DEBUG util.py:537:    Installing       : perl-open-1.11-423.el8_10.1.noarch                                                                                                                              109/173 
DEBUG util.py:537:    Installing       : perl-Filter-Simple-0.94-2.el8.noarch                                                                                                                            110/173 
DEBUG util.py:537:    Installing       : perl-Devel-SelfStubber-1.06-423.el8_10.1.noarch                                                                                                                 111/173 
DEBUG util.py:537:    Installing       : perl-Archive-Zip-1.60-3.el8.noarch                                                                                                                              112/173 
DEBUG util.py:537:    Installing       : perl-Module-CoreList-tools-1:5.20181130-1.el8.noarch                                                                                                            113/173 
DEBUG util.py:537:    Installing       : perl-experimental-0.019-2.el8.noarch                                                                                                                            114/173 
DEBUG util.py:537:    Installing       : perl-Algorithm-Diff-1.1903-9.el8.noarch                                                                                                                         115/173 
DEBUG util.py:537:    Installing       : perl-Text-Diff-1.45-2.el8.noarch                                                                                                                                116/173 
DEBUG util.py:537:    Installing       : perl-Archive-Tar-2.30-3.el8_10.noarch                                                                                                                           117/173 
DEBUG util.py:537:    Installing       : perl-Attribute-Handlers-0.99-423.el8_10.1.noarch                                                                                                                118/173 
DEBUG util.py:537:    Installing       : perl-B-Debug-1.26-2.el8.noarch                                                                                                                                  119/173 
DEBUG util.py:537:    Installing       : perl-Compress-Bzip2-2.26-6.el8.x86_64                                                                                                                           120/173 
DEBUG util.py:537:    Installing       : perl-Config-Perl-V-0.30-1.el8.noarch                                                                                                                            121/173 
DEBUG util.py:537:    Installing       : perl-DB_File-1.842-1.el8.x86_64                                                                                                                                 122/173 
DEBUG util.py:537:    Installing       : perl-Devel-PPPort-3.36-5.el8.x86_64                                                                                                                             123/173 
DEBUG util.py:537:    Installing       : perl-Devel-Size-0.81-2.el8.x86_64                                                                                                                               124/173 
DEBUG util.py:537:    Installing       : perl-Env-1.04-395.el8.noarch                                                                                                                                    125/173 
DEBUG util.py:537:    Installing       : perl-ExtUtils-MM-Utils-1:7.34-1.el8.noarch                                                                                                                      126/173 
DEBUG util.py:537:    Installing       : perl-IPC-Cmd-2:1.02-1.el8.noarch                                                                                                                                127/173 
DEBUG util.py:537:    Installing       : perl-ExtUtils-CBuilder-1:0.280230-2.el8.noarch                                                                                                                  128/173 
DEBUG util.py:537:    Installing       : perl-File-Fetch-0.56-2.el8.noarch                                                                                                                               129/173 
DEBUG util.py:537:    Installing       : perl-IPC-SysV-2.07-397.el8.x86_64                                                                                                                               130/173 
DEBUG util.py:537:    Installing       : perl-IPC-System-Simple-1.25-17.el8.noarch                                                                                                                       131/173 
DEBUG util.py:537:    Installing       : perl-autodie-2.29-396.el8.noarch                                                                                                                                132/173 
DEBUG util.py:537:    Installing       : perl-Locale-Codes-3.57-1.el8.noarch                                                                                                                             133/173 
DEBUG util.py:537:    Installing       : perl-Memoize-1.03-423.el8_10.1.noarch                                                                                                                           134/173 
DEBUG util.py:537:    Installing       : perl-Module-Loaded-1:0.08-423.el8_10.1.noarch                                                                                                                   135/173 
DEBUG util.py:537:    Installing       : perl-Package-Generator-1.106-11.el8.noarch                                                                                                                      136/173 
DEBUG util.py:537:    Installing       : perl-Sub-Exporter-0.987-15.el8.noarch                                                                                                                           137/173 
DEBUG util.py:537:    Installing       : perl-Pod-Checker-4:1.73-395.el8.noarch                                                                                                                          138/173 
DEBUG util.py:537:    Installing       : perl-Pod-Parser-1.63-396.el8.noarch                                                                                                                             139/173 
DEBUG util.py:537:    Installing       : perl-Sys-Syslog-0.35-397.el8.x86_64                                                                                                                             140/173 
DEBUG util.py:537:    Installing       : perl-Test-1.30-423.el8_10.1.noarch                                                                                                                              141/173 
DEBUG util.py:537:    Installing       : perl-Test-Simple-1:1.302135-1.el8.noarch                                                                                                                        142/173 
DEBUG util.py:537:    Installing       : perl-Text-Glob-0.11-4.el8.noarch                                                                                                                                143/173 
DEBUG util.py:537:    Installing       : perl-Text-Template-1.51-1.el8.noarch                                                                                                                            144/173 
DEBUG util.py:537:    Installing       : perl-Time-Piece-1.31-423.el8_10.1.x86_64                                                                                                                        145/173 
DEBUG util.py:537:    Installing       : perl-Unicode-Collate-1.25-2.el8.x86_64                                                                                                                          146/173 
DEBUG util.py:537:    Installing       : perl-local-lib-2.000024-2.el8.noarch                                                                                                                            147/173 
DEBUG util.py:537:    Installing       : perl-utils-5.26.3-423.el8_10.1.noarch                                                                                                                           148/173 
DEBUG util.py:537:    Installing       : perl-Thread-Queue-3.13-1.el8.noarch                                                                                                                             149/173 
DEBUG util.py:537:    Installing       : perl-File-Which-1.22-2.el8.noarch                                                                                                                               150/173 
DEBUG util.py:537:    Installing       : perl-File-HomeDir-1.002-4.el8.noarch                                                                                                                            151/173 
DEBUG util.py:537:    Installing       : perl-Devel-Peek-1.26-423.el8_10.1.x86_64                                                                                                                        152/173 
DEBUG util.py:537:    Installing       : perl-MRO-Compat-0.13-4.el8.noarch                                                                                                                               153/173 
DEBUG util.py:537:    Installing       : perl-Data-Section-0.200007-3.el8.noarch                                                                                                                         154/173 
DEBUG util.py:537:    Installing       : perl-Software-License-0.103013-2.el8.noarch                                                                                                                     155/173 
DEBUG util.py:537:    Installing       : perl-Module-Build-2:0.42.24-5.el8.noarch                                                                                                                        156/173 
DEBUG util.py:537:    Installing       : perl-PerlIO-via-QuotedPrint-0.08-395.el8.noarch                                                                                                                 157/173 
DEBUG util.py:537:    Installing       : perl-perlfaq-5.20180605-1.el8.noarch                                                                                                                            158/173 
DEBUG util.py:537:    Installing       : perl-CPAN-2.18-402.el8_10.noarch                                                                                                                                159/173 
DEBUG util.py:537:    Installing       : perl-4:5.26.3-423.el8_10.1.x86_64                                                                                                                               160/173 
DEBUG util.py:537:    Installing       : acl-2.4.0-1.el8_10.x86_64                                                                                                                                       161/173 
DEBUG util.py:537:    Installing       : device-mapper-8:1.02.181-15.el8_10.3.x86_64                                                                                                                     162/173 
DEBUG util.py:537:    Installing       : device-mapper-libs-8:1.02.181-15.el8_10.3.x86_64                                                                                                                163/173 
DEBUG util.py:537:    Installing       : cryptsetup-libs-2.3.7-7.el8.x86_64                                                                                                                              164/173 
DEBUG util.py:537:    Running scriptlet: cryptsetup-libs-2.3.7-7.el8.x86_64                                                                                                                              164/173 
DEBUG util.py:537:    Installing       : dbus-common-1:1.12.8-28.el8_10.noarch                                                                                                                           165/173 
DEBUG util.py:537:    Running scriptlet: dbus-daemon-1:1.12.8-28.el8_10.x86_64                                                                                                                           166/173 
DEBUG util.py:537:    Installing       : dbus-daemon-1:1.12.8-28.el8_10.x86_64                                                                                                                           166/173 
DEBUG util.py:537:    Running scriptlet: dbus-daemon-1:1.12.8-28.el8_10.x86_64                                                                                                                           166/173 
DEBUG util.py:537:    Installing       : systemd-pam-239-82.el8_10.19.x86_64                                                                                                                             167/173 
DEBUG util.py:537:    Running scriptlet: systemd-239-82.el8_10.19.x86_64                                                                                                                                 168/173 
DEBUG util.py:537:    Installing       : systemd-239-82.el8_10.19.x86_64                                                                                                                                 168/173 
DEBUG util.py:537:    Running scriptlet: systemd-239-82.el8_10.19.x86_64                                                                                                                                 168/173 
DEBUG util.py:537:    Installing       : dbus-1:1.12.8-28.el8_10.x86_64                                                                                                                                  169/173 
DEBUG util.py:537:    Installing       : epel-rpm-macros-systemd-8-43.noarch                                                                                                                             170/173 
DEBUG util.py:537:    Installing       : openssl-devel-1:1.1.1k-17.el8_6.x86_64                                                                                                                          171/173 
DEBUG util.py:537:    Installing       : modsecurity-3.0.16-1.el8.x86_64                                                                                                                                 172/173 
DEBUG util.py:537:    Running scriptlet: modsecurity-3.0.16-1.el8.x86_64                                                                                                                                 172/173 
DEBUG util.py:537:    Installing       : libzstd-devel-1.4.4-1.el8.x86_64                                                                                                                                173/173 
DEBUG util.py:537:    Running scriptlet: libzstd-devel-1.4.4-1.el8.x86_64                                                                                                                                173/173 
DEBUG util.py:537:    Running scriptlet: systemd-239-82.el8_10.19.x86_64                                                                                                                                 173/173 
DEBUG util.py:537:    Verifying        : acl-2.4.0-1.el8_10.x86_64                                                                                                                                         1/173 
DEBUG util.py:537:    Verifying        : cryptsetup-libs-2.3.7-7.el8.x86_64                                                                                                                                2/173 
DEBUG util.py:537:    Verifying        : dbus-1:1.12.8-28.el8_10.x86_64                                                                                                                                    3/173 
DEBUG util.py:537:    Verifying        : dbus-common-1:1.12.8-28.el8_10.noarch                                                                                                                             4/173 
DEBUG util.py:537:    Verifying        : dbus-daemon-1:1.12.8-28.el8_10.x86_64                                                                                                                             5/173 
DEBUG util.py:537:    Verifying        : dbus-libs-1:1.12.8-28.el8_10.x86_64                                                                                                                               6/173 
DEBUG util.py:537:    Verifying        : dbus-tools-1:1.12.8-28.el8_10.x86_64                                                                                                                              7/173 
DEBUG util.py:537:    Verifying        : device-mapper-8:1.02.181-15.el8_10.3.x86_64                                                                                                                       8/173 
DEBUG util.py:537:    Verifying        : device-mapper-libs-8:1.02.181-15.el8_10.3.x86_64                                                                                                                  9/173 
DEBUG util.py:537:    Verifying        : groff-base-1.22.3-18.el8.x86_64                                                                                                                                  10/173 
DEBUG util.py:537:    Verifying        : json-c-0.13.1-3.el8.x86_64                                                                                                                                       11/173 
DEBUG util.py:537:    Verifying        : keyutils-libs-devel-1.5.10-9.el8.x86_64                                                                                                                          12/173 
DEBUG util.py:537:    Verifying        : kmod-libs-25-20.el8.x86_64                                                                                                                                       13/173 
DEBUG util.py:537:    Verifying        : krb5-devel-1.18.2-34.el8_10.x86_64                                                                                                                               14/173 
DEBUG util.py:537:    Verifying        : libcom_err-devel-1.45.6-7.el8_10.x86_64                                                                                                                          15/173 
DEBUG util.py:537:    Verifying        : libkadm5-1.18.2-34.el8_10.x86_64                                                                                                                                 16/173 
DEBUG util.py:537:    Verifying        : libseccomp-2.5.2-1.el8.x86_64                                                                                                                                    17/173 
DEBUG util.py:537:    Verifying        : libselinux-devel-2.9-11.el8_10.x86_64                                                                                                                            18/173 
DEBUG util.py:537:    Verifying        : libsepol-devel-2.9-3.el8.x86_64                                                                                                                                  19/173 
DEBUG util.py:537:    Verifying        : libverto-devel-0.3.2-2.el8.x86_64                                                                                                                                20/173 
DEBUG util.py:537:    Verifying        : libzstd-devel-1.4.4-1.el8.x86_64                                                                                                                                 21/173 
DEBUG util.py:537:    Verifying        : lmdb-libs-0.9.24-2.el8.x86_64                                                                                                                                    22/173 
DEBUG util.py:537:    Verifying        : openssl-1:1.1.1k-17.el8_6.x86_64                                                                                                                                 23/173 
DEBUG util.py:537:    Verifying        : openssl-devel-1:1.1.1k-17.el8_6.x86_64                                                                                                                           24/173 
DEBUG util.py:537:    Verifying        : pcre2-devel-10.32-3.el8_6.x86_64                                                                                                                                 25/173 
DEBUG util.py:537:    Verifying        : pcre2-utf16-10.32-3.el8_6.x86_64                                                                                                                                 26/173 
DEBUG util.py:537:    Verifying        : pcre2-utf32-10.32-3.el8_6.x86_64                                                                                                                                 27/173 
DEBUG util.py:537:    Verifying        : perl-Algorithm-Diff-1.1903-9.el8.noarch                                                                                                                          28/173 
DEBUG util.py:537:    Verifying        : perl-Archive-Tar-2.30-3.el8_10.noarch                                                                                                                            29/173 
DEBUG util.py:537:    Verifying        : perl-Carp-1.42-396.el8.noarch                                                                                                                                    30/173 
DEBUG util.py:537:    Verifying        : perl-Compress-Raw-Bzip2-2.081-1.el8.x86_64                                                                                                                       31/173 
DEBUG util.py:537:    Verifying        : perl-Compress-Raw-Zlib-2.081-1.el8.x86_64                                                                                                                        32/173 
DEBUG util.py:537:    Verifying        : perl-Data-Dumper-2.167-399.el8.x86_64                                                                                                                            33/173 
DEBUG util.py:537:    Verifying        : perl-Digest-1.17-395.el8.noarch                                                                                                                                  34/173 
DEBUG util.py:537:    Verifying        : perl-Digest-MD5-2.55-396.el8.x86_64                                                                                                                              35/173 
DEBUG util.py:537:    Verifying        : perl-Encode-4:2.97-3.el8.x86_64                                                                                                                                  36/173 
DEBUG util.py:537:    Verifying        : perl-Errno-1.28-423.el8_10.1.x86_64                                                                                                                              37/173 
DEBUG util.py:537:    Verifying        : perl-Exporter-5.72-396.el8.noarch                                                                                                                                38/173 
DEBUG util.py:537:    Verifying        : perl-File-Path-2.15-2.el8.noarch                                                                                                                                 39/173 
DEBUG util.py:537:    Verifying        : perl-File-Temp-0.230.600-1.el8.noarch                                                                                                                            40/173 
DEBUG util.py:537:    Verifying        : perl-Getopt-Long-1:2.50-4.el8.noarch                                                                                                                             41/173 
DEBUG util.py:537:    Verifying        : perl-HTTP-Tiny-0.074-3.el8.noarch                                                                                                                                42/173 
DEBUG util.py:537:    Verifying        : perl-IO-1.38-423.el8_10.1.x86_64                                                                                                                                 43/173 
DEBUG util.py:537:    Verifying        : perl-IO-Compress-2.081-2.el8_10.noarch                                                                                                                           44/173 
DEBUG util.py:537:    Verifying        : perl-IO-Socket-IP-0.39-5.el8.noarch                                                                                                                              45/173 
DEBUG util.py:537:    Verifying        : perl-IO-Zlib-1:1.10-423.el8_10.1.noarch                                                                                                                          46/173 
DEBUG util.py:537:    Verifying        : perl-MIME-Base64-3.15-396.el8.x86_64                                                                                                                             47/173 
DEBUG util.py:537:    Verifying        : perl-Math-BigInt-1:1.9998.11-7.el8.noarch                                                                                                                        48/173 
DEBUG util.py:537:    Verifying        : perl-Math-Complex-1.59-423.el8_10.1.noarch                                                                                                                       49/173 
DEBUG util.py:537:    Verifying        : perl-PathTools-3.74-1.el8.x86_64                                                                                                                                 50/173 
DEBUG util.py:537:    Verifying        : perl-Pod-Escapes-1:1.07-395.el8.noarch                                                                                                                           51/173 
DEBUG util.py:537:    Verifying        : perl-Pod-Perldoc-3.28-396.el8.noarch                                                                                                                             52/173 
DEBUG util.py:537:    Verifying        : perl-Pod-Simple-1:3.35-395.el8.noarch                                                                                                                            53/173 
DEBUG util.py:537:    Verifying        : perl-Pod-Usage-4:1.69-395.el8.noarch                                                                                                                             54/173 
DEBUG util.py:537:    Verifying        : perl-Scalar-List-Utils-3:1.49-2.el8.x86_64                                                                                                                       55/173 
DEBUG util.py:537:    Verifying        : perl-Socket-4:2.027-3.el8.x86_64                                                                                                                                 56/173 
DEBUG util.py:537:    Verifying        : perl-Storable-1:3.11-3.el8.x86_64                                                                                                                                57/173 
DEBUG util.py:537:    Verifying        : perl-Term-ANSIColor-4.06-396.el8.noarch                                                                                                                          58/173 
DEBUG util.py:537:    Verifying        : perl-Term-Cap-1.17-395.el8.noarch                                                                                                                                59/173 
DEBUG util.py:537:    Verifying        : perl-Text-Diff-1.45-2.el8.noarch                                                                                                                                 60/173 
DEBUG util.py:537:    Verifying        : perl-Text-ParseWords-3.30-395.el8.noarch                                                                                                                         61/173 
DEBUG util.py:537:    Verifying        : perl-Text-Tabs+Wrap-2013.0523-395.el8.noarch                                                                                                                     62/173 
DEBUG util.py:537:    Verifying        : perl-Time-Local-1:1.280-1.el8.noarch                                                                                                                             63/173 
DEBUG util.py:537:    Verifying        : perl-URI-1.73-3.el8.noarch                                                                                                                                       64/173 
DEBUG util.py:537:    Verifying        : perl-Unicode-Normalize-1.25-396.el8.x86_64                                                                                                                       65/173 
DEBUG util.py:537:    Verifying        : perl-constant-1.33-396.el8.noarch                                                                                                                                66/173 
DEBUG util.py:537:    Verifying        : perl-interpreter-4:5.26.3-423.el8_10.1.x86_64                                                                                                                    67/173 
DEBUG util.py:537:    Verifying        : perl-libnet-3.11-3.el8.noarch                                                                                                                                    68/173 
DEBUG util.py:537:    Verifying        : perl-libs-4:5.26.3-423.el8_10.1.x86_64                                                                                                                           69/173 
DEBUG util.py:537:    Verifying        : perl-macros-4:5.26.3-423.el8_10.1.x86_64                                                                                                                         70/173 
DEBUG util.py:537:    Verifying        : perl-parent-1:0.237-1.el8.noarch                                                                                                                                 71/173 
DEBUG util.py:537:    Verifying        : perl-podlators-4.11-1.el8.noarch                                                                                                                                 72/173 
DEBUG util.py:537:    Verifying        : perl-threads-1:2.21-2.el8.x86_64                                                                                                                                 73/173 
DEBUG util.py:537:    Verifying        : perl-threads-shared-1.58-2.el8.x86_64                                                                                                                            74/173 
DEBUG util.py:537:    Verifying        : python3-pyparsing-2.1.10-7.el8.noarch                                                                                                                            75/173 
DEBUG util.py:537:    Verifying        : systemd-239-82.el8_10.19.x86_64                                                                                                                                  76/173 
DEBUG util.py:537:    Verifying        : systemd-pam-239-82.el8_10.19.x86_64                                                                                                                              77/173 
DEBUG util.py:537:    Verifying        : zlib-devel-1.2.11-25.el8.x86_64                                                                                                                                  78/173 
DEBUG util.py:537:    Verifying        : perl-4:5.26.3-423.el8_10.1.x86_64                                                                                                                                79/173 
DEBUG util.py:537:    Verifying        : perl-Archive-Zip-1.60-3.el8.noarch                                                                                                                               80/173 
DEBUG util.py:537:    Verifying        : perl-Attribute-Handlers-0.99-423.el8_10.1.noarch                                                                                                                 81/173 
DEBUG util.py:537:    Verifying        : perl-B-Debug-1.26-2.el8.noarch                                                                                                                                   82/173 
DEBUG util.py:537:    Verifying        : perl-CPAN-2.18-402.el8_10.noarch                                                                                                                                 83/173 
DEBUG util.py:537:    Verifying        : perl-CPAN-Meta-2.150010-396.el8.noarch                                                                                                                           84/173 
DEBUG util.py:537:    Verifying        : perl-CPAN-Meta-Requirements-2.140-396.el8.noarch                                                                                                                 85/173 
DEBUG util.py:537:    Verifying        : perl-CPAN-Meta-YAML-0.018-397.el8.noarch                                                                                                                         86/173 
DEBUG util.py:537:    Verifying        : perl-Compress-Bzip2-2.26-6.el8.x86_64                                                                                                                            87/173 
DEBUG util.py:537:    Verifying        : perl-Config-Perl-V-0.30-1.el8.noarch                                                                                                                             88/173 
DEBUG util.py:537:    Verifying        : perl-DB_File-1.842-1.el8.x86_64                                                                                                                                  89/173 
DEBUG util.py:537:    Verifying        : perl-Data-OptList-0.110-6.el8.noarch                                                                                                                             90/173 
DEBUG util.py:537:    Verifying        : perl-Data-Section-0.200007-3.el8.noarch                                                                                                                          91/173 
DEBUG util.py:537:    Verifying        : perl-Devel-PPPort-3.36-5.el8.x86_64                                                                                                                              92/173 
DEBUG util.py:537:    Verifying        : perl-Devel-Peek-1.26-423.el8_10.1.x86_64                                                                                                                         93/173 
DEBUG util.py:537:    Verifying        : perl-Devel-SelfStubber-1.06-423.el8_10.1.noarch                                                                                                                  94/173 
DEBUG util.py:537:    Verifying        : perl-Devel-Size-0.81-2.el8.x86_64                                                                                                                                95/173 
DEBUG util.py:537:    Verifying        : perl-Digest-SHA-1:6.02-1.el8.x86_64                                                                                                                              96/173 
DEBUG util.py:537:    Verifying        : perl-Encode-devel-4:2.97-3.el8.x86_64                                                                                                                            97/173 
DEBUG util.py:537:    Verifying        : perl-Env-1.04-395.el8.noarch                                                                                                                                     98/173 
DEBUG util.py:537:    Verifying        : perl-ExtUtils-CBuilder-1:0.280230-2.el8.noarch                                                                                                                   99/173 
DEBUG util.py:537:    Verifying        : perl-ExtUtils-Command-1:7.34-1.el8.noarch                                                                                                                       100/173 
DEBUG util.py:537:    Verifying        : perl-ExtUtils-Embed-1.34-423.el8_10.1.noarch                                                                                                                    101/173 
DEBUG util.py:537:    Verifying        : perl-ExtUtils-Install-2.14-4.el8.noarch                                                                                                                         102/173 
DEBUG util.py:537:    Verifying        : perl-ExtUtils-MM-Utils-1:7.34-1.el8.noarch                                                                                                                      103/173 
DEBUG util.py:537:    Verifying        : perl-ExtUtils-MakeMaker-1:7.34-1.el8.noarch                                                                                                                     104/173 
DEBUG util.py:537:    Verifying        : perl-ExtUtils-Manifest-1.70-395.el8.noarch                                                                                                                      105/173 
DEBUG util.py:537:    Verifying        : perl-ExtUtils-Miniperl-1.06-423.el8_10.1.noarch                                                                                                                 106/173 
DEBUG util.py:537:    Verifying        : perl-ExtUtils-ParseXS-1:3.35-2.el8.noarch                                                                                                                       107/173 
DEBUG util.py:537:    Verifying        : perl-File-Fetch-0.56-2.el8.noarch                                                                                                                               108/173 
DEBUG util.py:537:    Verifying        : perl-File-HomeDir-1.002-4.el8.noarch                                                                                                                            109/173 
DEBUG util.py:537:    Verifying        : perl-File-Which-1.22-2.el8.noarch                                                                                                                               110/173 
DEBUG util.py:537:    Verifying        : perl-Filter-2:1.58-2.el8.x86_64                                                                                                                                 111/173 
DEBUG util.py:537:    Verifying        : perl-Filter-Simple-0.94-2.el8.noarch                                                                                                                            112/173 
DEBUG util.py:537:    Verifying        : perl-IO-Socket-SSL-2.066-4.module_el8.6.0+2811+fe6c84b0.noarch                                                                                                  113/173 
DEBUG util.py:537:    Verifying        : perl-IPC-Cmd-2:1.02-1.el8.noarch                                                                                                                                114/173 
DEBUG util.py:537:    Verifying        : perl-IPC-SysV-2.07-397.el8.x86_64                                                                                                                               115/173 
DEBUG util.py:537:    Verifying        : perl-IPC-System-Simple-1.25-17.el8.noarch                                                                                                                       116/173 
DEBUG util.py:537:    Verifying        : perl-JSON-PP-1:2.97.001-3.el8.noarch                                                                                                                            117/173 
DEBUG util.py:537:    Verifying        : perl-Locale-Codes-3.57-1.el8.noarch                                                                                                                             118/173 
DEBUG util.py:537:    Verifying        : perl-Locale-Maketext-1.28-396.el8.noarch                                                                                                                        119/173 
DEBUG util.py:537:    Verifying        : perl-Locale-Maketext-Simple-1:0.21-423.el8_10.1.noarch                                                                                                          120/173 
DEBUG util.py:537:    Verifying        : perl-MRO-Compat-0.13-4.el8.noarch                                                                                                                               121/173 
DEBUG util.py:537:    Verifying        : perl-Math-BigInt-FastCalc-0.500.600-6.el8.x86_64                                                                                                                122/173 
DEBUG util.py:537:    Verifying        : perl-Math-BigRat-0.2614-1.el8.noarch                                                                                                                            123/173 
DEBUG util.py:537:    Verifying        : perl-Memoize-1.03-423.el8_10.1.noarch                                                                                                                           124/173 
DEBUG util.py:537:    Verifying        : perl-Module-Build-2:0.42.24-5.el8.noarch                                                                                                                        125/173 
DEBUG util.py:537:    Verifying        : perl-Module-CoreList-1:5.20181130-1.el8.noarch                                                                                                                  126/173 
DEBUG util.py:537:    Verifying        : perl-Module-CoreList-tools-1:5.20181130-1.el8.noarch                                                                                                            127/173 
DEBUG util.py:537:    Verifying        : perl-Module-Load-1:0.32-395.el8.noarch                                                                                                                          128/173 
DEBUG util.py:537:    Verifying        : perl-Module-Load-Conditional-0.68-395.el8.noarch                                                                                                                129/173 
DEBUG util.py:537:    Verifying        : perl-Module-Loaded-1:0.08-423.el8_10.1.noarch                                                                                                                   130/173 
DEBUG util.py:537:    Verifying        : perl-Module-Metadata-1.000033-395.el8.noarch                                                                                                                    131/173 
DEBUG util.py:537:    Verifying        : perl-Mozilla-CA-20160104-7.module_el8.5.0+2812+ed912d05.noarch                                                                                                  132/173 
DEBUG util.py:537:    Verifying        : perl-Net-Ping-2.55-423.el8_10.1.noarch                                                                                                                          133/173 
DEBUG util.py:537:    Verifying        : perl-Net-SSLeay-1.88-2.module_el8.6.0+2811+fe6c84b0.x86_64                                                                                                      134/173 
DEBUG util.py:537:    Verifying        : perl-Package-Generator-1.106-11.el8.noarch                                                                                                                      135/173 
DEBUG util.py:537:    Verifying        : perl-Params-Check-1:0.38-395.el8.noarch                                                                                                                         136/173 
DEBUG util.py:537:    Verifying        : perl-Params-Util-1.07-22.el8.x86_64                                                                                                                             137/173 
DEBUG util.py:537:    Verifying        : perl-Perl-OSType-1.010-396.el8.noarch                                                                                                                           138/173 
DEBUG util.py:537:    Verifying        : perl-PerlIO-via-QuotedPrint-0.08-395.el8.noarch                                                                                                                 139/173 
DEBUG util.py:537:    Verifying        : perl-Pod-Checker-4:1.73-395.el8.noarch                                                                                                                          140/173 
DEBUG util.py:537:    Verifying        : perl-Pod-Html-1.22.02-423.el8_10.1.noarch                                                                                                                       141/173 
DEBUG util.py:537:    Verifying        : perl-Pod-Parser-1.63-396.el8.noarch                                                                                                                             142/173 
DEBUG util.py:537:    Verifying        : perl-SelfLoader-1.23-423.el8_10.1.noarch                                                                                                                        143/173 
DEBUG util.py:537:    Verifying        : perl-Software-License-0.103013-2.el8.noarch                                                                                                                     144/173 
DEBUG util.py:537:    Verifying        : perl-Sub-Exporter-0.987-15.el8.noarch                                                                                                                           145/173 
DEBUG util.py:537:    Verifying        : perl-Sub-Install-0.928-14.el8.noarch                                                                                                                            146/173 
DEBUG util.py:537:    Verifying        : perl-Sys-Syslog-0.35-397.el8.x86_64                                                                                                                             147/173 
DEBUG util.py:537:    Verifying        : perl-Test-1.30-423.el8_10.1.noarch                                                                                                                              148/173 
DEBUG util.py:537:    Verifying        : perl-Test-Harness-1:3.42-1.el8.noarch                                                                                                                           149/173 
DEBUG util.py:537:    Verifying        : perl-Test-Simple-1:1.302135-1.el8.noarch                                                                                                                        150/173 
DEBUG util.py:537:    Verifying        : perl-Text-Balanced-2.03-395.el8.noarch                                                                                                                          151/173 
DEBUG util.py:537:    Verifying        : perl-Text-Glob-0.11-4.el8.noarch                                                                                                                                152/173 
DEBUG util.py:537:    Verifying        : perl-Text-Template-1.51-1.el8.noarch                                                                                                                            153/173 
DEBUG util.py:537:    Verifying        : perl-Thread-Queue-3.13-1.el8.noarch                                                                                                                             154/173 
DEBUG util.py:537:    Verifying        : perl-Time-HiRes-4:1.9758-2.el8.x86_64                                                                                                                           155/173 
DEBUG util.py:537:    Verifying        : perl-Time-Piece-1.31-423.el8_10.1.x86_64                                                                                                                        156/173 
DEBUG util.py:537:    Verifying        : perl-Unicode-Collate-1.25-2.el8.x86_64                                                                                                                          157/173 
DEBUG util.py:537:    Verifying        : perl-autodie-2.29-396.el8.noarch                                                                                                                                158/173 
DEBUG util.py:537:    Verifying        : perl-bignum-0.49-2.el8.noarch                                                                                                                                   159/173 
DEBUG util.py:537:    Verifying        : perl-devel-4:5.26.3-423.el8_10.1.x86_64                                                                                                                         160/173 
DEBUG util.py:537:    Verifying        : perl-encoding-4:2.22-3.el8.x86_64                                                                                                                               161/173 
DEBUG util.py:537:    Verifying        : perl-experimental-0.019-2.el8.noarch                                                                                                                            162/173 
DEBUG util.py:537:    Verifying        : perl-inc-latest-2:0.500-9.el8.noarch                                                                                                                            163/173 
DEBUG util.py:537:    Verifying        : perl-libnetcfg-4:5.26.3-423.el8_10.1.noarch                                                                                                                     164/173 
DEBUG util.py:537:    Verifying        : perl-local-lib-2.000024-2.el8.noarch                                                                                                                            165/173 
DEBUG util.py:537:    Verifying        : perl-open-1.11-423.el8_10.1.noarch                                                                                                                              166/173 
DEBUG util.py:537:    Verifying        : perl-perlfaq-5.20180605-1.el8.noarch                                                                                                                            167/173 
DEBUG util.py:537:    Verifying        : perl-utils-5.26.3-423.el8_10.1.noarch                                                                                                                           168/173 
DEBUG util.py:537:    Verifying        : perl-version-6:0.99.24-1.el8.x86_64                                                                                                                             169/173 
DEBUG util.py:537:    Verifying        : systemtap-sdt-devel-4.9-3.el8.x86_64                                                                                                                            170/173 
DEBUG util.py:537:    Verifying        : yajl-2.1.0-12.el8.x86_64                                                                                                                                        171/173 
DEBUG util.py:537:    Verifying        : epel-rpm-macros-systemd-8-43.noarch                                                                                                                             172/173 
DEBUG util.py:537:    Verifying        : modsecurity-3.0.16-1.el8.x86_64                                                                                                                                 173/173 
DEBUG util.py:537:  Installed:
DEBUG util.py:537:    acl-2.4.0-1.el8_10.x86_64                                       cryptsetup-libs-2.3.7-7.el8.x86_64                          dbus-1:1.12.8-28.el8_10.x86_64                                 
DEBUG util.py:537:    dbus-common-1:1.12.8-28.el8_10.noarch                           dbus-daemon-1:1.12.8-28.el8_10.x86_64                       dbus-libs-1:1.12.8-28.el8_10.x86_64                            
DEBUG util.py:537:    dbus-tools-1:1.12.8-28.el8_10.x86_64                            device-mapper-8:1.02.181-15.el8_10.3.x86_64                 device-mapper-libs-8:1.02.181-15.el8_10.3.x86_64               
DEBUG util.py:537:    epel-rpm-macros-systemd-8-43.noarch                             groff-base-1.22.3-18.el8.x86_64                             json-c-0.13.1-3.el8.x86_64                                     
DEBUG util.py:537:    keyutils-libs-devel-1.5.10-9.el8.x86_64                         kmod-libs-25-20.el8.x86_64                                  krb5-devel-1.18.2-34.el8_10.x86_64                             
DEBUG util.py:537:    libcom_err-devel-1.45.6-7.el8_10.x86_64                         libkadm5-1.18.2-34.el8_10.x86_64                            libseccomp-2.5.2-1.el8.x86_64                                  
DEBUG util.py:537:    libselinux-devel-2.9-11.el8_10.x86_64                           libsepol-devel-2.9-3.el8.x86_64                             libverto-devel-0.3.2-2.el8.x86_64                              
DEBUG util.py:537:    libzstd-devel-1.4.4-1.el8.x86_64                                lmdb-libs-0.9.24-2.el8.x86_64                               modsecurity-3.0.16-1.el8.x86_64                                
DEBUG util.py:537:    openssl-1:1.1.1k-17.el8_6.x86_64                                openssl-devel-1:1.1.1k-17.el8_6.x86_64                      pcre2-devel-10.32-3.el8_6.x86_64                               
DEBUG util.py:537:    pcre2-utf16-10.32-3.el8_6.x86_64                                pcre2-utf32-10.32-3.el8_6.x86_64                            perl-4:5.26.3-423.el8_10.1.x86_64                              
DEBUG util.py:537:    perl-Algorithm-Diff-1.1903-9.el8.noarch                         perl-Archive-Tar-2.30-3.el8_10.noarch                       perl-Archive-Zip-1.60-3.el8.noarch                             
DEBUG util.py:537:    perl-Attribute-Handlers-0.99-423.el8_10.1.noarch                perl-B-Debug-1.26-2.el8.noarch                              perl-CPAN-2.18-402.el8_10.noarch                               
DEBUG util.py:537:    perl-CPAN-Meta-2.150010-396.el8.noarch                          perl-CPAN-Meta-Requirements-2.140-396.el8.noarch            perl-CPAN-Meta-YAML-0.018-397.el8.noarch                       
DEBUG util.py:537:    perl-Carp-1.42-396.el8.noarch                                   perl-Compress-Bzip2-2.26-6.el8.x86_64                       perl-Compress-Raw-Bzip2-2.081-1.el8.x86_64                     
DEBUG util.py:537:    perl-Compress-Raw-Zlib-2.081-1.el8.x86_64                       perl-Config-Perl-V-0.30-1.el8.noarch                        perl-DB_File-1.842-1.el8.x86_64                                
DEBUG util.py:537:    perl-Data-Dumper-2.167-399.el8.x86_64                           perl-Data-OptList-0.110-6.el8.noarch                        perl-Data-Section-0.200007-3.el8.noarch                        
DEBUG util.py:537:    perl-Devel-PPPort-3.36-5.el8.x86_64                             perl-Devel-Peek-1.26-423.el8_10.1.x86_64                    perl-Devel-SelfStubber-1.06-423.el8_10.1.noarch                
DEBUG util.py:537:    perl-Devel-Size-0.81-2.el8.x86_64                               perl-Digest-1.17-395.el8.noarch                             perl-Digest-MD5-2.55-396.el8.x86_64                            
DEBUG util.py:537:    perl-Digest-SHA-1:6.02-1.el8.x86_64                             perl-Encode-4:2.97-3.el8.x86_64                             perl-Encode-devel-4:2.97-3.el8.x86_64                          
DEBUG util.py:537:    perl-Env-1.04-395.el8.noarch                                    perl-Errno-1.28-423.el8_10.1.x86_64                         perl-Exporter-5.72-396.el8.noarch                              
DEBUG util.py:537:    perl-ExtUtils-CBuilder-1:0.280230-2.el8.noarch                  perl-ExtUtils-Command-1:7.34-1.el8.noarch                   perl-ExtUtils-Embed-1.34-423.el8_10.1.noarch                   
DEBUG util.py:537:    perl-ExtUtils-Install-2.14-4.el8.noarch                         perl-ExtUtils-MM-Utils-1:7.34-1.el8.noarch                  perl-ExtUtils-MakeMaker-1:7.34-1.el8.noarch                    
DEBUG util.py:537:    perl-ExtUtils-Manifest-1.70-395.el8.noarch                      perl-ExtUtils-Miniperl-1.06-423.el8_10.1.noarch             perl-ExtUtils-ParseXS-1:3.35-2.el8.noarch                      
DEBUG util.py:537:    perl-File-Fetch-0.56-2.el8.noarch                               perl-File-HomeDir-1.002-4.el8.noarch                        perl-File-Path-2.15-2.el8.noarch                               
DEBUG util.py:537:    perl-File-Temp-0.230.600-1.el8.noarch                           perl-File-Which-1.22-2.el8.noarch                           perl-Filter-2:1.58-2.el8.x86_64                                
DEBUG util.py:537:    perl-Filter-Simple-0.94-2.el8.noarch                            perl-Getopt-Long-1:2.50-4.el8.noarch                        perl-HTTP-Tiny-0.074-3.el8.noarch                              
DEBUG util.py:537:    perl-IO-1.38-423.el8_10.1.x86_64                                perl-IO-Compress-2.081-2.el8_10.noarch                      perl-IO-Socket-IP-0.39-5.el8.noarch                            
DEBUG util.py:537:    perl-IO-Socket-SSL-2.066-4.module_el8.6.0+2811+fe6c84b0.noarch  perl-IO-Zlib-1:1.10-423.el8_10.1.noarch                     perl-IPC-Cmd-2:1.02-1.el8.noarch                               
DEBUG util.py:537:    perl-IPC-SysV-2.07-397.el8.x86_64                               perl-IPC-System-Simple-1.25-17.el8.noarch                   perl-JSON-PP-1:2.97.001-3.el8.noarch                           
DEBUG util.py:537:    perl-Locale-Codes-3.57-1.el8.noarch                             perl-Locale-Maketext-1.28-396.el8.noarch                    perl-Locale-Maketext-Simple-1:0.21-423.el8_10.1.noarch         
DEBUG util.py:537:    perl-MIME-Base64-3.15-396.el8.x86_64                            perl-MRO-Compat-0.13-4.el8.noarch                           perl-Math-BigInt-1:1.9998.11-7.el8.noarch                      
DEBUG util.py:537:    perl-Math-BigInt-FastCalc-0.500.600-6.el8.x86_64                perl-Math-BigRat-0.2614-1.el8.noarch                        perl-Math-Complex-1.59-423.el8_10.1.noarch                     
DEBUG util.py:537:    perl-Memoize-1.03-423.el8_10.1.noarch                           perl-Module-Build-2:0.42.24-5.el8.noarch                    perl-Module-CoreList-1:5.20181130-1.el8.noarch                 
DEBUG util.py:537:    perl-Module-CoreList-tools-1:5.20181130-1.el8.noarch            perl-Module-Load-1:0.32-395.el8.noarch                      perl-Module-Load-Conditional-0.68-395.el8.noarch               
DEBUG util.py:537:    perl-Module-Loaded-1:0.08-423.el8_10.1.noarch                   perl-Module-Metadata-1.000033-395.el8.noarch                perl-Mozilla-CA-20160104-7.module_el8.5.0+2812+ed912d05.noarch 
DEBUG util.py:537:    perl-Net-Ping-2.55-423.el8_10.1.noarch                          perl-Net-SSLeay-1.88-2.module_el8.6.0+2811+fe6c84b0.x86_64  perl-Package-Generator-1.106-11.el8.noarch                     
DEBUG util.py:537:    perl-Params-Check-1:0.38-395.el8.noarch                         perl-Params-Util-1.07-22.el8.x86_64                         perl-PathTools-3.74-1.el8.x86_64                               
DEBUG util.py:537:    perl-Perl-OSType-1.010-396.el8.noarch                           perl-PerlIO-via-QuotedPrint-0.08-395.el8.noarch             perl-Pod-Checker-4:1.73-395.el8.noarch                         
DEBUG util.py:537:    perl-Pod-Escapes-1:1.07-395.el8.noarch                          perl-Pod-Html-1.22.02-423.el8_10.1.noarch                   perl-Pod-Parser-1.63-396.el8.noarch                            
DEBUG util.py:537:    perl-Pod-Perldoc-3.28-396.el8.noarch                            perl-Pod-Simple-1:3.35-395.el8.noarch                       perl-Pod-Usage-4:1.69-395.el8.noarch                           
DEBUG util.py:537:    perl-Scalar-List-Utils-3:1.49-2.el8.x86_64                      perl-SelfLoader-1.23-423.el8_10.1.noarch                    perl-Socket-4:2.027-3.el8.x86_64                               
DEBUG util.py:537:    perl-Software-License-0.103013-2.el8.noarch                     perl-Storable-1:3.11-3.el8.x86_64                           perl-Sub-Exporter-0.987-15.el8.noarch                          
DEBUG util.py:537:    perl-Sub-Install-0.928-14.el8.noarch                            perl-Sys-Syslog-0.35-397.el8.x86_64                         perl-Term-ANSIColor-4.06-396.el8.noarch                        
DEBUG util.py:537:    perl-Term-Cap-1.17-395.el8.noarch                               perl-Test-1.30-423.el8_10.1.noarch                          perl-Test-Harness-1:3.42-1.el8.noarch                          
DEBUG util.py:537:    perl-Test-Simple-1:1.302135-1.el8.noarch                        perl-Text-Balanced-2.03-395.el8.noarch                      perl-Text-Diff-1.45-2.el8.noarch                               
DEBUG util.py:537:    perl-Text-Glob-0.11-4.el8.noarch                                perl-Text-ParseWords-3.30-395.el8.noarch                    perl-Text-Tabs+Wrap-2013.0523-395.el8.noarch                   
DEBUG util.py:537:    perl-Text-Template-1.51-1.el8.noarch                            perl-Thread-Queue-3.13-1.el8.noarch                         perl-Time-HiRes-4:1.9758-2.el8.x86_64                          
DEBUG util.py:537:    perl-Time-Local-1:1.280-1.el8.noarch                            perl-Time-Piece-1.31-423.el8_10.1.x86_64                    perl-URI-1.73-3.el8.noarch                                     
DEBUG util.py:537:    perl-Unicode-Collate-1.25-2.el8.x86_64                          perl-Unicode-Normalize-1.25-396.el8.x86_64                  perl-autodie-2.29-396.el8.noarch                               
DEBUG util.py:537:    perl-bignum-0.49-2.el8.noarch                                   perl-constant-1.33-396.el8.noarch                           perl-devel-4:5.26.3-423.el8_10.1.x86_64                        
DEBUG util.py:537:    perl-encoding-4:2.22-3.el8.x86_64                               perl-experimental-0.019-2.el8.noarch                        perl-inc-latest-2:0.500-9.el8.noarch                           
DEBUG util.py:537:    perl-interpreter-4:5.26.3-423.el8_10.1.x86_64                   perl-libnet-3.11-3.el8.noarch                               perl-libnetcfg-4:5.26.3-423.el8_10.1.noarch                    
DEBUG util.py:537:    perl-libs-4:5.26.3-423.el8_10.1.x86_64                          perl-local-lib-2.000024-2.el8.noarch                        perl-macros-4:5.26.3-423.el8_10.1.x86_64                       
DEBUG util.py:537:    perl-open-1.11-423.el8_10.1.noarch                              perl-parent-1:0.237-1.el8.noarch                            perl-perlfaq-5.20180605-1.el8.noarch                           
DEBUG util.py:537:    perl-podlators-4.11-1.el8.noarch                                perl-threads-1:2.21-2.el8.x86_64                            perl-threads-shared-1.58-2.el8.x86_64                          
DEBUG util.py:537:    perl-utils-5.26.3-423.el8_10.1.noarch                           perl-version-6:0.99.24-1.el8.x86_64                         python3-pyparsing-2.1.10-7.el8.noarch                          
DEBUG util.py:537:    systemd-239-82.el8_10.19.x86_64                                 systemd-pam-239-82.el8_10.19.x86_64                         systemtap-sdt-devel-4.9-3.el8.x86_64                           
DEBUG util.py:537:    yajl-2.1.0-12.el8.x86_64                                        zlib-devel-1.2.11-25.el8.x86_64                            
DEBUG util.py:537:  Complete!
DEBUG util.py:688:  Child return code was: 0
DEBUG util.py:200:  kill orphans in chroot /var/lib/mock/alma+epel-8-x86_64/root
DEBUG util.py:200:  kill orphans in chroot /var/lib/mock/alma+epel-8-x86_64-bootstrap/root/var/lib/mock/alma+epel-8-x86_64/root
DEBUG util.py:717:  child environment: None
DEBUG util.py:636:  Executing command: ['/bin/umount', '-n', '-l', '/var/lib/mock/alma+epel-8-x86_64-bootstrap/root/var/lib/mock/alma+epel-8-x86_64/root'] with env {'TERM': 'vt100', 'SHELL': '/bin/sh', 'HOME': '/builddir', 'HOSTNAME': 'mock', 'PATH': '/usr/bin:/bin:/usr/sbin:/sbin', 'LANG': 'C.UTF-8'} and shell False
DEBUG util.py:688:  Child return code was: 0
DEBUG util.py:717:  child environment: None
DEBUG util.py:636:  Executing command: ['/bin/umount', '-n', '-l', '/var/lib/mock/alma+epel-8-x86_64-bootstrap/root/var/lib/mock/alma+epel-8-x86_64/root'] with env {'TERM': 'vt100', 'SHELL': '/bin/sh', 'HOME': '/builddir', 'HOSTNAME': 'mock', 'PATH': '/usr/bin:/bin:/usr/sbin:/sbin', 'LANG': 'C.UTF-8'} and shell False
DEBUG util.py:688:  Child return code was: 0
DEBUG util.py:717:  child environment: None
DEBUG util.py:636:  Executing command: ['/bin/umount', '-n', '-l', '/var/lib/mock/alma+epel-8-x86_64/root/sys/fs/selinux'] with env {'TERM': 'vt100', 'SHELL': '/bin/sh', 'HOME': '/builddir', 'HOSTNAME': 'mock', 'PATH': '/usr/bin:/bin:/usr/sbin:/sbin', 'LANG': 'C.UTF-8'} and shell False
DEBUG util.py:688:  Child return code was: 0
DEBUG util.py:717:  child environment: None
DEBUG util.py:636:  Executing command: ['/bin/umount', '-n', '/var/lib/mock/alma+epel-8-x86_64/root/proc/filesystems'] with env {'TERM': 'vt100', 'SHELL': '/bin/sh', 'HOME': '/builddir', 'HOSTNAME': 'mock', 'PATH': '/usr/bin:/bin:/usr/sbin:/sbin', 'LANG': 'C.UTF-8'} and shell False
DEBUG util.py:688:  Child return code was: 0
DEBUG util.py:717:  child environment: None
DEBUG util.py:636:  Executing command: ['/bin/umount', '-n', '-l', '/var/lib/mock/alma+epel-8-x86_64/root/dev/pts'] with env {'TERM': 'vt100', 'SHELL': '/bin/sh', 'HOME': '/builddir', 'HOSTNAME': 'mock', 'PATH': '/usr/bin:/bin:/usr/sbin:/sbin', 'LANG': 'C.UTF-8'} and shell False
DEBUG util.py:688:  Child return code was: 0
DEBUG util.py:717:  child environment: None
DEBUG util.py:636:  Executing command: ['/bin/umount', '-n', '-l', '/var/lib/mock/alma+epel-8-x86_64/root/dev/shm'] with env {'TERM': 'vt100', 'SHELL': '/bin/sh', 'HOME': '/builddir', 'HOSTNAME': 'mock', 'PATH': '/usr/bin:/bin:/usr/sbin:/sbin', 'LANG': 'C.UTF-8'} and shell False
DEBUG util.py:688:  Child return code was: 0
DEBUG util.py:717:  child environment: None
DEBUG util.py:636:  Executing command: ['/bin/umount', '-n', '-l', '/var/lib/mock/alma+epel-8-x86_64/root/sys'] with env {'TERM': 'vt100', 'SHELL': '/bin/sh', 'HOME': '/builddir', 'HOSTNAME': 'mock', 'PATH': '/usr/bin:/bin:/usr/sbin:/sbin', 'LANG': 'C.UTF-8'} and shell False
DEBUG util.py:688:  Child return code was: 0
DEBUG util.py:717:  child environment: None
DEBUG util.py:636:  Executing command: ['/bin/umount', '-n', '-l', '/var/lib/mock/alma+epel-8-x86_64/root/sys'] with env {'TERM': 'vt100', 'SHELL': '/bin/sh', 'HOME': '/builddir', 'HOSTNAME': 'mock', 'PATH': '/usr/bin:/bin:/usr/sbin:/sbin', 'LANG': 'C.UTF-8'} and shell False
DEBUG util.py:688:  Child return code was: 0
DEBUG util.py:717:  child environment: None
DEBUG util.py:636:  Executing command: ['/bin/umount', '-n', '-l', '/var/lib/mock/alma+epel-8-x86_64/root/proc'] with env {'TERM': 'vt100', 'SHELL': '/bin/sh', 'HOME': '/builddir', 'HOSTNAME': 'mock', 'PATH': '/usr/bin:/bin:/usr/sbin:/sbin', 'LANG': 'C.UTF-8'} and shell False
DEBUG util.py:688:  Child return code was: 0
DEBUG util.py:717:  child environment: None
DEBUG util.py:636:  Executing command: ['/bin/umount', '-n', '-l', '/var/lib/mock/alma+epel-8-x86_64/root/proc'] with env {'TERM': 'vt100', 'SHELL': '/bin/sh', 'HOME': '/builddir', 'HOSTNAME': 'mock', 'PATH': '/usr/bin:/bin:/usr/sbin:/sbin', 'LANG': 'C.UTF-8'} and shell False
DEBUG util.py:688:  Child return code was: 0
DEBUG file_util.py:17:  ensuring that dir exists: /var/lib/mock/alma+epel-8-x86_64-bootstrap/root/var/lib/mock/alma+epel-8-x86_64/root
DEBUG util.py:717:  child environment: None
DEBUG util.py:636:  Executing command: ['/bin/mount', '-n', '-t', 'tmpfs', '-o', 'private,mode=0755', 'tmpfs', '/var/lib/mock/alma+epel-8-x86_64-bootstrap/root/var/lib/mock/alma+epel-8-x86_64/root'] with env {'TERM': 'vt100', 'SHELL': '/bin/sh', 'HOME': '/builddir', 'HOSTNAME': 'mock', 'PATH': '/usr/bin:/bin:/usr/sbin:/sbin', 'LANG': 'C.UTF-8'} and shell False
DEBUG util.py:688:  Child return code was: 0
DEBUG file_util.py:17:  ensuring that dir exists: /var/lib/mock/alma+epel-8-x86_64-bootstrap/root/var/lib/mock/alma+epel-8-x86_64/root
DEBUG util.py:717:  child environment: None
DEBUG util.py:636:  Executing command: ['/bin/mount', '-n', '-o', 'rbind', '/var/lib/mock/alma+epel-8-x86_64/root', '/var/lib/mock/alma+epel-8-x86_64-bootstrap/root/var/lib/mock/alma+epel-8-x86_64/root'] with env {'TERM': 'vt100', 'SHELL': '/bin/sh', 'HOME': '/builddir', 'HOSTNAME': 'mock', 'PATH': '/usr/bin:/bin:/usr/sbin:/sbin', 'LANG': 'C.UTF-8'} and shell False
DEBUG util.py:688:  Child return code was: 0
DEBUG util.py:717:  child environment: None
DEBUG util.py:636:  Executing command: ['/bin/mount', '-n', '-o', 'remount,private,rbind', '--target', '/var/lib/mock/alma+epel-8-x86_64-bootstrap/root/var/lib/mock/alma+epel-8-x86_64/root'] with env {'TERM': 'vt100', 'SHELL': '/bin/sh', 'HOME': '/builddir', 'HOSTNAME': 'mock', 'PATH': '/usr/bin:/bin:/usr/sbin:/sbin', 'LANG': 'C.UTF-8'} and shell False
DEBUG util.py:688:  Child return code was: 0
DEBUG util.py:717:  child environment: None
DEBUG util.py:631:  Using nspawn with args ['--capability=cap_ipc_lock', '--resolv-conf=off']
DEBUG util.py:636:  Executing command: ['/usr/bin/systemd-nspawn', '-q', '-M', '7fbd1c341cf94d93a7ede6fe3427fc1a', '-D', '/var/lib/mock/alma+epel-8-x86_64-bootstrap/root', '-a', '--capability=cap_ipc_lock', '--resolv-conf=off', '--setenv=TERM=vt100', '--setenv=SHELL=/bin/bash', '--setenv=HOME=/builddir', '--setenv=HOSTNAME=mock', '--setenv=PATH=/usr/bin:/bin:/usr/sbin:/sbin', '--setenv=PROMPT_COMMAND=printf "\\033]0;<mock-chroot>\\007"', '--setenv=PS1=<mock-chroot> \\s-\\v\\$ ', '--setenv=LANG=C.UTF-8', '/bin/rpm', '-qa', '--root', '/var/lib/mock/alma+epel-8-x86_64/root'] with env {'TERM': 'vt100', 'SHELL': '/bin/bash', 'HOME': '/builddir', 'HOSTNAME': 'mock', 'PATH': '/usr/bin:/bin:/usr/sbin:/sbin', 'PROMPT_COMMAND': 'printf "\\033]0;<mock-chroot>\\007"', 'PS1': '<mock-chroot> \\s-\\v\\$ ', 'LANG': 'C.UTF-8', 'SYSTEMD_NSPAWN_TMPFS_TMP': '0', 'SYSTEMD_SECCOMP': '0'} and shell False
DEBUG util.py:537:  perl-IO-Zlib-1.10-423.el8_10.1.noarch
DEBUG util.py:537:  gpg-pubkey-ced7258b-6525146f
DEBUG util.py:537:  perl-Math-BigInt-1.9998.11-7.el8.noarch
DEBUG util.py:537:  libgcc-8.5.0-28.el8_10.alma.1.x86_64
DEBUG util.py:537:  perl-Math-BigRat-0.2614-1.el8.noarch
DEBUG util.py:537:  crypto-policies-20230731-1.git3177e06.el8.noarch
DEBUG util.py:537:  perl-CPAN-Meta-2.150010-396.el8.noarch
DEBUG util.py:537:  python3-setuptools-wheel-39.2.0-9.el8_10.noarch
DEBUG util.py:537:  perl-ExtUtils-Command-7.34-1.el8.noarch
DEBUG util.py:537:  almalinux-release-8.10-1.el8.x86_64
DEBUG util.py:537:  perl-ExtUtils-Install-2.14-4.el8.noarch
DEBUG util.py:537:  filesystem-3.8-6.el8.x86_64
DEBUG util.py:537:  perl-ExtUtils-Embed-1.34-423.el8_10.1.noarch
DEBUG util.py:537:  python3-rpm-macros-3-45.el8.noarch
DEBUG util.py:537:  perl-Locale-Maketext-Simple-0.21-423.el8_10.1.noarch
DEBUG util.py:537:  ansible-srpm-macros-1-12.el8.noarch
DEBUG util.py:537:  perl-Module-Load-Conditional-0.68-395.el8.noarch
DEBUG util.py:537:  qt5-srpm-macros-5.15.3-1.el8.noarch
DEBUG util.py:537:  perl-Pod-Html-1.22.02-423.el8_10.1.noarch
DEBUG util.py:537:  openblas-srpm-macros-2-2.el8.noarch
DEBUG util.py:537:  perl-Data-OptList-0.110-6.el8.noarch
DEBUG util.py:537:  go-srpm-macros-2-17.el8.noarch
DEBUG util.py:537:  perl-libnetcfg-5.26.3-423.el8_10.1.noarch
DEBUG util.py:537:  tzdata-2026c-1.el8_10.noarch
DEBUG util.py:537:  perl-Encode-devel-2.97-3.el8.x86_64
DEBUG util.py:537:  pkgconf-m4-1.4.2-1.el8.noarch
DEBUG util.py:537:  perl-Math-BigInt-FastCalc-0.500.600-6.el8.x86_64
DEBUG util.py:537:  pcre2-10.32-3.el8_6.x86_64
DEBUG util.py:537:  perl-Filter-Simple-0.94-2.el8.noarch
DEBUG util.py:537:  glibc-all-langpacks-2.28-251.el8_10.40.x86_64
DEBUG util.py:537:  perl-Archive-Zip-1.60-3.el8.noarch
DEBUG util.py:537:  glibc-gconv-extra-2.28-251.el8_10.40.x86_64
DEBUG util.py:537:  perl-experimental-0.019-2.el8.noarch
DEBUG util.py:537:  glibc-2.28-251.el8_10.40.x86_64
DEBUG util.py:537:  perl-Text-Diff-1.45-2.el8.noarch
DEBUG util.py:537:  libsepol-2.9-3.el8.x86_64
DEBUG util.py:537:  perl-Attribute-Handlers-0.99-423.el8_10.1.noarch
DEBUG util.py:537:  info-6.5-7.el8.x86_64
DEBUG util.py:537:  perl-Compress-Bzip2-2.26-6.el8.x86_64
DEBUG util.py:537:  xz-libs-5.2.4-4.el8_6.x86_64
DEBUG util.py:537:  perl-DB_File-1.842-1.el8.x86_64
DEBUG util.py:537:  libacl-2.4.0-1.el8_10.x86_64
DEBUG util.py:537:  perl-Devel-Size-0.81-2.el8.x86_64
DEBUG util.py:537:  libxcrypt-4.1.1-6.el8.x86_64
DEBUG util.py:537:  perl-ExtUtils-MM-Utils-7.34-1.el8.noarch
DEBUG util.py:537:  elfutils-libelf-0.190-2.el8.alma.1.x86_64
DEBUG util.py:537:  perl-ExtUtils-CBuilder-0.280230-2.el8.noarch
DEBUG util.py:537:  readline-7.0-10.el8.x86_64
DEBUG util.py:537:  perl-IPC-SysV-2.07-397.el8.x86_64
DEBUG util.py:537:  libcap-2.48-6.el8_10.1.x86_64
DEBUG util.py:537:  perl-autodie-2.29-396.el8.noarch
DEBUG util.py:537:  sed-4.5-5.el8_10.x86_64
DEBUG util.py:537:  perl-Memoize-1.03-423.el8_10.1.noarch
DEBUG util.py:537:  libuuid-2.32.1-48.el8_10.x86_64
DEBUG util.py:537:  perl-Package-Generator-1.106-11.el8.noarch
DEBUG util.py:537:  libunistring-0.9.9-3.el8.x86_64
DEBUG util.py:537:  perl-Pod-Checker-1.73-395.el8.noarch
DEBUG util.py:537:  libgpg-error-1.31-1.el8.x86_64
DEBUG util.py:537:  perl-Sys-Syslog-0.35-397.el8.x86_64
DEBUG util.py:537:  p11-kit-0.23.22-2.el8.x86_64
DEBUG util.py:537:  perl-Test-Simple-1.302135-1.el8.noarch
DEBUG util.py:537:  libmpc-1.1.0-9.1.el8.x86_64
DEBUG util.py:537:  perl-Text-Template-1.51-1.el8.noarch
DEBUG util.py:537:  libattr-2.6.0-1.el8_10.x86_64
DEBUG util.py:537:  perl-Unicode-Collate-1.25-2.el8.x86_64
DEBUG util.py:537:  libgcrypt-1.8.5-8.el8_10.x86_64
DEBUG util.py:537:  perl-utils-5.26.3-423.el8_10.1.noarch
DEBUG util.py:537:  findutils-4.6.0-24.el8_10.x86_64
DEBUG util.py:537:  perl-File-Which-1.22-2.el8.noarch
DEBUG util.py:537:  elfutils-libs-0.190-2.el8.alma.1.x86_64
DEBUG util.py:537:  perl-Devel-Peek-1.26-423.el8_10.1.x86_64
DEBUG util.py:537:  gdbm-libs-1.18-2.el8.x86_64
DEBUG util.py:537:  perl-Data-Section-0.200007-3.el8.noarch
DEBUG util.py:537:  libcap-ng-0.7.11-1.el8.x86_64
DEBUG util.py:537:  perl-Module-Build-0.42.24-5.el8.noarch
DEBUG util.py:537:  libtasn1-4.13-6.el8_10.x86_64
DEBUG util.py:537:  perl-perlfaq-5.20180605-1.el8.noarch
DEBUG util.py:537:  lz4-libs-1.8.3-5.el8_10.x86_64
DEBUG util.py:537:  perl-5.26.3-423.el8_10.1.x86_64
DEBUG util.py:537:  grep-3.1-6.el8.x86_64
DEBUG util.py:537:  device-mapper-1.02.181-15.el8_10.3.x86_64
DEBUG util.py:537:  libsemanage-2.9-12.el8_10.x86_64
DEBUG util.py:537:  cryptsetup-libs-2.3.7-7.el8.x86_64
DEBUG util.py:537:  elfutils-0.190-2.el8.alma.1.x86_64
DEBUG util.py:537:  dbus-daemon-1.12.8-28.el8_10.x86_64
DEBUG util.py:537:  patch-2.7.6-11.el8.x86_64
DEBUG util.py:537:  systemd-239-82.el8_10.19.x86_64
DEBUG util.py:537:  libpsl-0.20.2-6.el8.x86_64
DEBUG util.py:537:  epel-rpm-macros-systemd-8-43.noarch
DEBUG util.py:537:  libksba-1.3.5-9.el8_7.x86_64
DEBUG util.py:537:  modsecurity-3.0.16-1.el8.x86_64
DEBUG util.py:537:  libstdc++-devel-8.5.0-28.el8_10.alma.1.x86_64
DEBUG util.py:537:  tar-1.30-11.el8_10.x86_64
DEBUG util.py:537:  gnutls-3.6.16-8.el8_10.6.x86_64
DEBUG util.py:537:  libxml2-2.9.7-21.el8_10.7.x86_64
DEBUG util.py:537:  coreutils-common-8.30-20.el8_10.x86_64
DEBUG util.py:537:  libgomp-8.5.0-28.el8_10.alma.1.x86_64
DEBUG util.py:537:  cpio-2.12-11.el8.x86_64
DEBUG util.py:537:  libpkgconf-1.4.2-1.el8.x86_64
DEBUG util.py:537:  pkgconf-pkg-config-1.4.2-1.el8.x86_64
DEBUG util.py:537:  gawk-4.2.1-4.el8.x86_64
DEBUG util.py:537:  libtool-ltdl-2.4.6-25.el8.x86_64
DEBUG util.py:537:  ncurses-6.1-10.20180224.el8.x86_64
DEBUG util.py:537:  coreutils-8.30-20.el8_10.x86_64
DEBUG util.py:537:  libdb-5.3.28-42.el8_4.x86_64
DEBUG util.py:537:  libtirpc-1.1.4-12.el8_10.x86_64
DEBUG util.py:537:  libmount-2.32.1-48.el8_10.x86_64
DEBUG util.py:537:  libnsl2-1.2.0-2.20180605git4a062cf.el8.x86_64
DEBUG util.py:537:  platform-python-3.6.8-78.el8_10.alma.1.x86_64
DEBUG util.py:537:  binutils-2.30-128.el8_10.x86_64
DEBUG util.py:537:  cracklib-2.9.6-15.el8.x86_64
DEBUG util.py:537:  shadow-utils-4.6-23.el8_10.x86_64
DEBUG util.py:537:  tpm2-tss-2.3.2-6.el8.x86_64
DEBUG util.py:537:  libpwquality-1.4.4-6.el8.x86_64
DEBUG util.py:537:  libusbx-1.0.30-1.el8_10.x86_64
DEBUG util.py:537:  libbabeltrace-1.5.4-4.el8.x86_64
DEBUG util.py:537:  cyrus-sasl-lib-2.1.27-6.el8_5.x86_64
DEBUG util.py:537:  libdb-utils-5.3.28-42.el8_4.x86_64
DEBUG util.py:537:  npth-1.5-4.el8.x86_64
DEBUG util.py:537:  libatomic_ops-7.6.2-3.el8.x86_64
DEBUG util.py:537:  guile-2.0.14-7.el8.x86_64
DEBUG util.py:537:  libssh-config-0.9.6-17.el8_10.noarch
DEBUG util.py:537:  libcurl-7.61.1-34.el8_10.13.x86_64
DEBUG util.py:537:  rpm-libs-4.14.3-32.el8_10.x86_64
DEBUG util.py:537:  efi-srpm-macros-3-3.el8.noarch
DEBUG util.py:537:  rpm-build-libs-4.14.3-32.el8_10.x86_64
DEBUG util.py:537:  kernel-headers-4.18.0-553.164.1.el8_10.x86_64
DEBUG util.py:537:  glibc-devel-2.28-251.el8_10.40.x86_64
DEBUG util.py:537:  gcc-8.5.0-28.el8_10.alma.1.x86_64
DEBUG util.py:537:  gcc-plugin-annobin-8.5.0-28.el8_10.alma.1.x86_64
DEBUG util.py:537:  rpm-build-4.14.3-32.el8_10.x86_64
DEBUG util.py:537:  epel-rpm-macros-8-43.noarch
DEBUG util.py:537:  which-2.21-21.el8_10.x86_64
DEBUG util.py:537:  dbus-libs-1.12.8-28.el8_10.x86_64
DEBUG util.py:537:  yajl-2.1.0-12.el8.x86_64
DEBUG util.py:537:  python3-pyparsing-2.1.10-7.el8.noarch
DEBUG util.py:537:  pcre2-utf32-10.32-3.el8_6.x86_64
DEBUG util.py:537:  pcre2-devel-10.32-3.el8_6.x86_64
DEBUG util.py:537:  lmdb-libs-0.9.24-2.el8.x86_64
DEBUG util.py:537:  libsepol-devel-2.9-3.el8.x86_64
DEBUG util.py:537:  libseccomp-2.5.2-1.el8.x86_64
DEBUG util.py:537:  libcom_err-devel-1.45.6-7.el8_10.x86_64
DEBUG util.py:537:  keyutils-libs-devel-1.5.10-9.el8.x86_64
DEBUG util.py:537:  json-c-0.13.1-3.el8.x86_64
DEBUG util.py:537:  perl-Digest-1.17-395.el8.noarch
DEBUG util.py:537:  perl-Data-Dumper-2.167-399.el8.x86_64
DEBUG util.py:537:  perl-URI-1.73-3.el8.noarch
DEBUG util.py:537:  perl-IO-Socket-IP-0.39-5.el8.noarch
DEBUG util.py:537:  perl-Mozilla-CA-20160104-7.module_el8.5.0+2812+ed912d05.noarch
DEBUG util.py:537:  perl-Net-SSLeay-1.88-2.module_el8.6.0+2811+fe6c84b0.x86_64
DEBUG util.py:537:  perl-Term-Cap-1.17-395.el8.noarch
DEBUG util.py:537:  perl-HTTP-Tiny-0.074-3.el8.noarch
DEBUG util.py:537:  perl-podlators-4.11-1.el8.noarch
DEBUG util.py:537:  perl-Text-ParseWords-3.30-395.el8.noarch
DEBUG util.py:537:  perl-MIME-Base64-3.15-396.el8.x86_64
DEBUG util.py:537:  perl-Getopt-Long-2.50-4.el8.noarch
DEBUG util.py:537:  perl-Socket-2.027-3.el8.x86_64
DEBUG util.py:537:  perl-Carp-1.42-396.el8.noarch
DEBUG util.py:537:  perl-libs-5.26.3-423.el8_10.1.x86_64
DEBUG util.py:537:  perl-parent-0.237-1.el8.noarch
DEBUG util.py:537:  perl-Text-Tabs+Wrap-2013.0523-395.el8.noarch
DEBUG util.py:537:  perl-File-Path-2.15-2.el8.noarch
DEBUG util.py:537:  perl-PathTools-3.74-1.el8.x86_64
DEBUG util.py:537:  perl-threads-2.21-2.el8.x86_64
DEBUG util.py:537:  perl-interpreter-5.26.3-423.el8_10.1.x86_64
DEBUG util.py:537:  perl-Time-HiRes-1.9758-2.el8.x86_64
DEBUG util.py:537:  perl-ExtUtils-Manifest-1.70-395.el8.noarch
DEBUG util.py:537:  perl-Test-Harness-3.42-1.el8.noarch
DEBUG util.py:537:  perl-Module-Metadata-1.000033-395.el8.noarch
DEBUG util.py:537:  perl-Filter-1.58-2.el8.x86_64
DEBUG util.py:537:  perl-Module-Load-0.32-395.el8.noarch
DEBUG util.py:537:  perl-Text-Balanced-2.03-395.el8.noarch
DEBUG util.py:537:  perl-Net-Ping-2.55-423.el8_10.1.noarch
DEBUG util.py:537:  perl-IO-Compress-2.081-2.el8_10.noarch
DEBUG util.py:537:  gpg-pubkey-3abb34f8-5ffd890e
DEBUG util.py:537:  perl-Math-Complex-1.59-423.el8_10.1.noarch
DEBUG util.py:537:  gpg-pubkey-2f86d6a1-5cf7cefb
DEBUG util.py:537:  perl-JSON-PP-2.97.001-3.el8.noarch
DEBUG util.py:537:  python-srpm-macros-3-45.el8.noarch
DEBUG util.py:537:  perl-CPAN-Meta-YAML-0.018-397.el8.noarch
DEBUG util.py:537:  python-rpm-macros-3-45.el8.noarch
DEBUG util.py:537:  perl-Digest-SHA-6.02-1.el8.x86_64
DEBUG util.py:537:  python3-pip-wheel-9.0.3-24.el8.noarch
DEBUG util.py:537:  perl-devel-5.26.3-423.el8_10.1.x86_64
DEBUG util.py:537:  setup-2.12.2-9.el8.noarch
DEBUG util.py:537:  perl-ExtUtils-MakeMaker-7.34-1.el8.noarch
DEBUG util.py:537:  basesystem-11-5.el8.noarch
DEBUG util.py:537:  perl-Locale-Maketext-1.28-396.el8.noarch
DEBUG util.py:537:  fpc-srpm-macros-1.3-1.el8.noarch
DEBUG util.py:537:  perl-Params-Check-0.38-395.el8.noarch
DEBUG util.py:537:  rust-srpm-macros-5-2.el8.noarch
DEBUG util.py:537:  perl-Params-Util-1.07-22.el8.x86_64
DEBUG util.py:537:  perl-srpm-macros-1-25.el8.noarch
DEBUG util.py:537:  perl-Sub-Install-0.928-14.el8.noarch
DEBUG util.py:537:  ocaml-srpm-macros-5-4.el8.noarch
DEBUG util.py:537:  perl-ExtUtils-Miniperl-1.06-423.el8_10.1.noarch
DEBUG util.py:537:  ghc-srpm-macros-1.4.2-7.el8.noarch
DEBUG util.py:537:  perl-inc-latest-0.500-9.el8.noarch
DEBUG util.py:537:  publicsuffix-list-dafsa-20180723-1.el8.noarch
DEBUG util.py:537:  perl-bignum-0.49-2.el8.noarch
DEBUG util.py:537:  ncurses-base-6.1-10.20180224.el8.noarch
DEBUG util.py:537:  perl-open-1.11-423.el8_10.1.noarch
DEBUG util.py:537:  libselinux-2.9-11.el8_10.x86_64
DEBUG util.py:537:  perl-Devel-SelfStubber-1.06-423.el8_10.1.noarch
DEBUG util.py:537:  ncurses-libs-6.1-10.20180224.el8.x86_64
DEBUG util.py:537:  perl-Module-CoreList-tools-5.20181130-1.el8.noarch
DEBUG util.py:537:  glibc-common-2.28-251.el8_10.40.x86_64
DEBUG util.py:537:  perl-Algorithm-Diff-1.1903-9.el8.noarch
DEBUG util.py:537:  bash-4.4.20-6.el8_10.x86_64
DEBUG util.py:537:  perl-Archive-Tar-2.30-3.el8_10.noarch
DEBUG util.py:537:  zlib-1.2.11-25.el8.x86_64
DEBUG util.py:537:  perl-B-Debug-1.26-2.el8.noarch
DEBUG util.py:537:  bzip2-libs-1.0.6-28.el8_10.x86_64
DEBUG util.py:537:  perl-Config-Perl-V-0.30-1.el8.noarch
DEBUG util.py:537:  gmp-6.1.2-11.el8.x86_64
DEBUG util.py:537:  perl-Devel-PPPort-3.36-5.el8.x86_64
DEBUG util.py:537:  libstdc++-8.5.0-28.el8_10.alma.1.x86_64
DEBUG util.py:537:  perl-Env-1.04-395.el8.noarch
DEBUG util.py:537:  libzstd-1.4.4-1.el8.x86_64
DEBUG util.py:537:  perl-IPC-Cmd-1.02-1.el8.noarch
DEBUG util.py:537:  mpfr-3.1.6-1.el8.x86_64
DEBUG util.py:537:  perl-File-Fetch-0.56-2.el8.noarch
DEBUG util.py:537:  sqlite-libs-3.26.0-21.el8_10.x86_64
DEBUG util.py:537:  perl-IPC-System-Simple-1.25-17.el8.noarch
DEBUG util.py:537:  popt-1.18-1.el8.x86_64
DEBUG util.py:537:  perl-Locale-Codes-3.57-1.el8.noarch
DEBUG util.py:537:  libcom_err-1.45.6-7.el8_10.x86_64
DEBUG util.py:537:  perl-Module-Loaded-0.08-423.el8_10.1.noarch
DEBUG util.py:537:  chkconfig-1.19.2-1.el8.x86_64
DEBUG util.py:537:  perl-Sub-Exporter-0.987-15.el8.noarch
DEBUG util.py:537:  libffi-3.1-24.el8.x86_64
DEBUG util.py:537:  perl-Pod-Parser-1.63-396.el8.noarch
DEBUG util.py:537:  lua-libs-5.3.4-12.el8.x86_64
DEBUG util.py:537:  perl-Test-1.30-423.el8_10.1.noarch
DEBUG util.py:537:  libidn2-2.2.0-1.el8.x86_64
DEBUG util.py:537:  perl-Text-Glob-0.11-4.el8.noarch
DEBUG util.py:537:  file-libs-5.33-27.el8_10.x86_64
DEBUG util.py:537:  perl-Time-Piece-1.31-423.el8_10.1.x86_64
DEBUG util.py:537:  file-5.33-27.el8_10.x86_64
DEBUG util.py:537:  perl-local-lib-2.000024-2.el8.noarch
DEBUG util.py:537:  unzip-6.0-48.el8_10.x86_64
DEBUG util.py:537:  perl-Thread-Queue-3.13-1.el8.noarch
DEBUG util.py:537:  elfutils-default-yama-scope-0.190-2.el8.alma.1.noarch
DEBUG util.py:537:  perl-File-HomeDir-1.002-4.el8.noarch
DEBUG util.py:537:  expat-2.5.0-2.el8_10.2.x86_64
DEBUG util.py:537:  perl-MRO-Compat-0.13-4.el8.noarch
DEBUG util.py:537:  keyutils-libs-1.5.10-9.el8.x86_64
DEBUG util.py:537:  perl-Software-License-0.103013-2.el8.noarch
DEBUG util.py:537:  audit-libs-3.1.2-1.el8_10.1.x86_64
DEBUG util.py:537:  perl-PerlIO-via-QuotedPrint-0.08-395.el8.noarch
DEBUG util.py:537:  p11-kit-trust-0.23.22-2.el8.x86_64
DEBUG util.py:537:  perl-CPAN-2.18-402.el8_10.noarch
DEBUG util.py:537:  pcre-8.42-6.el8.x86_64
DEBUG util.py:537:  acl-2.4.0-1.el8_10.x86_64
DEBUG util.py:537:  xz-5.2.4-4.el8_6.x86_64
DEBUG util.py:537:  device-mapper-libs-1.02.181-15.el8_10.3.x86_64
DEBUG util.py:537:  gdbm-1.18-2.el8.x86_64
DEBUG util.py:537:  dbus-common-1.12.8-28.el8_10.noarch
DEBUG util.py:537:  zip-3.0-23.el8.x86_64
DEBUG util.py:537:  systemd-pam-239-82.el8_10.19.x86_64
DEBUG util.py:537:  cpp-8.5.0-28.el8_10.alma.1.x86_64
DEBUG util.py:537:  dbus-1.12.8-28.el8_10.x86_64
DEBUG util.py:537:  libassuan-2.5.1-3.el8.x86_64
DEBUG util.py:537:  openssl-devel-1.1.1k-17.el8_6.x86_64
DEBUG util.py:537:  dwz-0.12-10.el8.x86_64
DEBUG util.py:537:  libzstd-devel-1.4.4-1.el8.x86_64
DEBUG util.py:537:  zstd-1.4.4-1.el8.x86_64
DEBUG util.py:537:  nettle-3.4.1-7.el8.x86_64
DEBUG util.py:537:  isl-0.16.1-6.el8.x86_64
DEBUG util.py:537:  bzip2-1.0.6-28.el8_10.x86_64
DEBUG util.py:537:  diffutils-3.6-6.el8.x86_64
DEBUG util.py:537:  brotli-1.0.6-4.el8_10.x86_64
DEBUG util.py:537:  libnghttp2-1.33.0-6.el8_10.3.x86_64
DEBUG util.py:537:  pkgconf-1.4.2-1.el8.x86_64
DEBUG util.py:537:  libsigsegv-2.11-5.el8.x86_64
DEBUG util.py:537:  libsmartcols-2.32.1-48.el8_10.x86_64
DEBUG util.py:537:  libverto-0.3.2-2.el8.x86_64
DEBUG util.py:537:  openssl-libs-1.1.1k-17.el8_6.x86_64
DEBUG util.py:537:  ca-certificates-2025.2.80_v9.0.304-80.2.el8_10.noarch
DEBUG util.py:537:  krb5-libs-1.18.2-34.el8_10.x86_64
DEBUG util.py:537:  libblkid-2.32.1-48.el8_10.x86_64
DEBUG util.py:537:  systemd-libs-239-82.el8_10.19.x86_64
DEBUG util.py:537:  platform-python-setuptools-39.2.0-9.el8_10.noarch
DEBUG util.py:537:  python3-libs-3.6.8-78.el8_10.alma.1.x86_64
DEBUG util.py:537:  gzip-1.9-15.el8_10.x86_64
DEBUG util.py:537:  cracklib-dicts-2.9.6-15.el8.x86_64
DEBUG util.py:537:  libutempter-1.1.6-14.el8.x86_64
DEBUG util.py:537:  ima-evm-utils-1.3.2-12.el8.x86_64
DEBUG util.py:537:  pam-1.3.1-40.el8_10.x86_64
DEBUG util.py:537:  glib2-2.56.4-178.el8_10.x86_64
DEBUG util.py:537:  libfdisk-2.32.1-48.el8_10.x86_64
DEBUG util.py:537:  openldap-2.4.46-21.el8_10.x86_64
DEBUG util.py:537:  libarchive-3.3.3-7.el8_10.x86_64
DEBUG util.py:537:  gnupg2-2.2.20-4.el8_10.x86_64
DEBUG util.py:537:  gc-7.6.4-3.el8.x86_64
DEBUG util.py:537:  libipt-1.6.1-8.el8.x86_64
DEBUG util.py:537:  libssh-0.9.6-17.el8_10.x86_64
DEBUG util.py:537:  curl-7.61.1-34.el8_10.13.x86_64
DEBUG util.py:537:  rpm-4.14.3-32.el8_10.x86_64
DEBUG util.py:537:  lua-srpm-macros-1-13.el8.noarch
DEBUG util.py:537:  gdb-headless-8.2-20.el8.x86_64
DEBUG util.py:537:  glibc-headers-2.28-251.el8_10.40.x86_64
DEBUG util.py:537:  libxcrypt-devel-4.1.1-6.el8.x86_64
DEBUG util.py:537:  annobin-13.27-1.el8_10.x86_64
DEBUG util.py:537:  redhat-rpm-config-131-1.el8.alma.noarch
DEBUG util.py:537:  gcc-c++-8.5.0-28.el8_10.alma.1.x86_64
DEBUG util.py:537:  util-linux-2.32.1-48.el8_10.x86_64
DEBUG util.py:537:  make-4.2.1-11.el8.x86_64
DEBUG util.py:537:  dbus-tools-1.12.8-28.el8_10.x86_64
DEBUG util.py:537:  zlib-devel-1.2.11-25.el8.x86_64
DEBUG util.py:537:  systemtap-sdt-devel-4.9-3.el8.x86_64
DEBUG util.py:537:  pcre2-utf16-10.32-3.el8_6.x86_64
DEBUG util.py:537:  openssl-1.1.1k-17.el8_6.x86_64
DEBUG util.py:537:  libverto-devel-0.3.2-2.el8.x86_64
DEBUG util.py:537:  libselinux-devel-2.9-11.el8_10.x86_64
DEBUG util.py:537:  libkadm5-1.18.2-34.el8_10.x86_64
DEBUG util.py:537:  kmod-libs-25-20.el8.x86_64
DEBUG util.py:537:  krb5-devel-1.18.2-34.el8_10.x86_64
DEBUG util.py:537:  groff-base-1.22.3-18.el8.x86_64
DEBUG util.py:537:  perl-Digest-MD5-2.55-396.el8.x86_64
DEBUG util.py:537:  perl-libnet-3.11-3.el8.noarch
DEBUG util.py:537:  perl-Pod-Escapes-1.07-395.el8.noarch
DEBUG util.py:537:  perl-Time-Local-1.280-1.el8.noarch
DEBUG util.py:537:  perl-IO-Socket-SSL-2.066-4.module_el8.6.0+2811+fe6c84b0.noarch
DEBUG util.py:537:  perl-Term-ANSIColor-4.06-396.el8.noarch
DEBUG util.py:537:  perl-File-Temp-0.230.600-1.el8.noarch
DEBUG util.py:537:  perl-Pod-Simple-3.35-395.el8.noarch
DEBUG util.py:537:  perl-Pod-Perldoc-3.28-396.el8.noarch
DEBUG util.py:537:  perl-Pod-Usage-1.69-395.el8.noarch
DEBUG util.py:537:  perl-Storable-3.11-3.el8.x86_64
DEBUG util.py:537:  perl-Errno-1.28-423.el8_10.1.x86_64
DEBUG util.py:537:  perl-Encode-2.97-3.el8.x86_64
DEBUG util.py:537:  perl-Exporter-5.72-396.el8.noarch
DEBUG util.py:537:  perl-Scalar-List-Utils-1.49-2.el8.x86_64
DEBUG util.py:537:  perl-macros-5.26.3-423.el8_10.1.x86_64
DEBUG util.py:537:  perl-Unicode-Normalize-1.25-396.el8.x86_64
DEBUG util.py:537:  perl-IO-1.38-423.el8_10.1.x86_64
DEBUG util.py:537:  perl-constant-1.33-396.el8.noarch
DEBUG util.py:537:  perl-threads-shared-1.58-2.el8.x86_64
DEBUG util.py:537:  perl-version-0.99.24-1.el8.x86_64
DEBUG util.py:537:  perl-CPAN-Meta-Requirements-2.140-396.el8.noarch
DEBUG util.py:537:  perl-ExtUtils-ParseXS-3.35-2.el8.noarch
DEBUG util.py:537:  perl-Module-CoreList-5.20181130-1.el8.noarch
DEBUG util.py:537:  perl-Compress-Raw-Zlib-2.081-1.el8.x86_64
DEBUG util.py:537:  perl-SelfLoader-1.23-423.el8_10.1.noarch
DEBUG util.py:537:  perl-Perl-OSType-1.010-396.el8.noarch
DEBUG util.py:537:  perl-encoding-2.22-3.el8.x86_64
DEBUG util.py:537:  perl-Compress-Raw-Bzip2-2.081-1.el8.x86_64
DEBUG util.py:688:  Child return code was: 0
DEBUG util.py:200:  kill orphans in chroot /var/lib/mock/alma+epel-8-x86_64/root
DEBUG util.py:200:  kill orphans in chroot /var/lib/mock/alma+epel-8-x86_64-bootstrap/root/var/lib/mock/alma+epel-8-x86_64/root
DEBUG util.py:717:  child environment: None
DEBUG util.py:636:  Executing command: ['/bin/umount', '-n', '-l', '/var/lib/mock/alma+epel-8-x86_64-bootstrap/root/var/lib/mock/alma+epel-8-x86_64/root'] with env {'TERM': 'vt100', 'SHELL': '/bin/sh', 'HOME': '/builddir', 'HOSTNAME': 'mock', 'PATH': '/usr/bin:/bin:/usr/sbin:/sbin', 'LANG': 'C.UTF-8'} and shell False
DEBUG util.py:688:  Child return code was: 0
DEBUG util.py:717:  child environment: None
DEBUG util.py:636:  Executing command: ['/bin/umount', '-n', '-l', '/var/lib/mock/alma+epel-8-x86_64-bootstrap/root/var/lib/mock/alma+epel-8-x86_64/root'] with env {'TERM': 'vt100', 'SHELL': '/bin/sh', 'HOME': '/builddir', 'HOSTNAME': 'mock', 'PATH': '/usr/bin:/bin:/usr/sbin:/sbin', 'LANG': 'C.UTF-8'} and shell False
DEBUG util.py:688:  Child return code was: 0
DEBUG file_util.py:17:  ensuring that dir exists: /var/lib/mock/alma+epel-8-x86_64-bootstrap/root/var/lib/mock/alma+epel-8-x86_64/root
DEBUG util.py:717:  child environment: None
DEBUG util.py:636:  Executing command: ['/bin/mount', '-n', '-t', 'tmpfs', '-o', 'private,mode=0755', 'tmpfs', '/var/lib/mock/alma+epel-8-x86_64-bootstrap/root/var/lib/mock/alma+epel-8-x86_64/root'] with env {'TERM': 'vt100', 'SHELL': '/bin/sh', 'HOME': '/builddir', 'HOSTNAME': 'mock', 'PATH': '/usr/bin:/bin:/usr/sbin:/sbin', 'LANG': 'C.UTF-8'} and shell False
DEBUG util.py:688:  Child return code was: 0
DEBUG file_util.py:17:  ensuring that dir exists: /var/lib/mock/alma+epel-8-x86_64-bootstrap/root/var/lib/mock/alma+epel-8-x86_64/root
DEBUG util.py:717:  child environment: None
DEBUG util.py:636:  Executing command: ['/bin/mount', '-n', '-o', 'rbind', '/var/lib/mock/alma+epel-8-x86_64/root', '/var/lib/mock/alma+epel-8-x86_64-bootstrap/root/var/lib/mock/alma+epel-8-x86_64/root'] with env {'TERM': 'vt100', 'SHELL': '/bin/sh', 'HOME': '/builddir', 'HOSTNAME': 'mock', 'PATH': '/usr/bin:/bin:/usr/sbin:/sbin', 'LANG': 'C.UTF-8'} and shell False
DEBUG util.py:688:  Child return code was: 0
DEBUG util.py:717:  child environment: None
DEBUG util.py:636:  Executing command: ['/bin/mount', '-n', '-o', 'remount,private,rbind', '--target', '/var/lib/mock/alma+epel-8-x86_64-bootstrap/root/var/lib/mock/alma+epel-8-x86_64/root'] with env {'TERM': 'vt100', 'SHELL': '/bin/sh', 'HOME': '/builddir', 'HOSTNAME': 'mock', 'PATH': '/usr/bin:/bin:/usr/sbin:/sbin', 'LANG': 'C.UTF-8'} and shell False
DEBUG util.py:688:  Child return code was: 0
DEBUG util.py:717:  child environment: None
DEBUG util.py:631:  Using nspawn with args ['--capability=cap_ipc_lock', '--resolv-conf=off']
DEBUG util.py:636:  Executing command: ['/usr/bin/systemd-nspawn', '-q', '-M', 'df80f4ec8ad641d2a5f9a1ccf439dab4', '-D', '/var/lib/mock/alma+epel-8-x86_64-bootstrap/root', '-a', '--capability=cap_ipc_lock', '--resolv-conf=off', '--setenv=TERM=vt100', '--setenv=SHELL=/bin/bash', '--setenv=HOME=/builddir', '--setenv=HOSTNAME=mock', '--setenv=PATH=/usr/bin:/bin:/usr/sbin:/sbin', '--setenv=PROMPT_COMMAND=printf "\\033]0;<mock-chroot>\\007"', '--setenv=PS1=<mock-chroot> \\s-\\v\\$ ', '--setenv=LANG=C.UTF-8', '/bin/rpm', '-qa', '--root', '/var/lib/mock/alma+epel-8-x86_64/root'] with env {'TERM': 'vt100', 'SHELL': '/bin/bash', 'HOME': '/builddir', 'HOSTNAME': 'mock', 'PATH': '/usr/bin:/bin:/usr/sbin:/sbin', 'PROMPT_COMMAND': 'printf "\\033]0;<mock-chroot>\\007"', 'PS1': '<mock-chroot> \\s-\\v\\$ ', 'LANG': 'C.UTF-8', 'SYSTEMD_NSPAWN_TMPFS_TMP': '0', 'SYSTEMD_SECCOMP': '0'} and shell False
DEBUG util.py:537:  perl-IO-Zlib-1.10-423.el8_10.1.noarch
DEBUG util.py:537:  gpg-pubkey-ced7258b-6525146f
DEBUG util.py:537:  perl-Math-BigInt-1.9998.11-7.el8.noarch
DEBUG util.py:537:  libgcc-8.5.0-28.el8_10.alma.1.x86_64
DEBUG util.py:537:  perl-Math-BigRat-0.2614-1.el8.noarch
DEBUG util.py:537:  crypto-policies-20230731-1.git3177e06.el8.noarch
DEBUG util.py:537:  perl-CPAN-Meta-2.150010-396.el8.noarch
DEBUG util.py:537:  python3-setuptools-wheel-39.2.0-9.el8_10.noarch
DEBUG util.py:537:  perl-ExtUtils-Command-7.34-1.el8.noarch
DEBUG util.py:537:  almalinux-release-8.10-1.el8.x86_64
DEBUG util.py:537:  perl-ExtUtils-Install-2.14-4.el8.noarch
DEBUG util.py:537:  filesystem-3.8-6.el8.x86_64
DEBUG util.py:537:  perl-ExtUtils-Embed-1.34-423.el8_10.1.noarch
DEBUG util.py:537:  python3-rpm-macros-3-45.el8.noarch
DEBUG util.py:537:  perl-Locale-Maketext-Simple-0.21-423.el8_10.1.noarch
DEBUG util.py:537:  ansible-srpm-macros-1-12.el8.noarch
DEBUG util.py:537:  perl-Module-Load-Conditional-0.68-395.el8.noarch
DEBUG util.py:537:  qt5-srpm-macros-5.15.3-1.el8.noarch
DEBUG util.py:537:  perl-Pod-Html-1.22.02-423.el8_10.1.noarch
DEBUG util.py:537:  openblas-srpm-macros-2-2.el8.noarch
DEBUG util.py:537:  perl-Data-OptList-0.110-6.el8.noarch
DEBUG util.py:537:  go-srpm-macros-2-17.el8.noarch
DEBUG util.py:537:  perl-libnetcfg-5.26.3-423.el8_10.1.noarch
DEBUG util.py:537:  tzdata-2026c-1.el8_10.noarch
DEBUG util.py:537:  perl-Encode-devel-2.97-3.el8.x86_64
DEBUG util.py:537:  pkgconf-m4-1.4.2-1.el8.noarch
DEBUG util.py:537:  perl-Math-BigInt-FastCalc-0.500.600-6.el8.x86_64
DEBUG util.py:537:  pcre2-10.32-3.el8_6.x86_64
DEBUG util.py:537:  perl-Filter-Simple-0.94-2.el8.noarch
DEBUG util.py:537:  glibc-all-langpacks-2.28-251.el8_10.40.x86_64
DEBUG util.py:537:  perl-Archive-Zip-1.60-3.el8.noarch
DEBUG util.py:537:  glibc-gconv-extra-2.28-251.el8_10.40.x86_64
DEBUG util.py:537:  perl-experimental-0.019-2.el8.noarch
DEBUG util.py:537:  glibc-2.28-251.el8_10.40.x86_64
DEBUG util.py:537:  perl-Text-Diff-1.45-2.el8.noarch
DEBUG util.py:537:  libsepol-2.9-3.el8.x86_64
DEBUG util.py:537:  perl-Attribute-Handlers-0.99-423.el8_10.1.noarch
DEBUG util.py:537:  info-6.5-7.el8.x86_64
DEBUG util.py:537:  perl-Compress-Bzip2-2.26-6.el8.x86_64
DEBUG util.py:537:  xz-libs-5.2.4-4.el8_6.x86_64
DEBUG util.py:537:  perl-DB_File-1.842-1.el8.x86_64
DEBUG util.py:537:  libacl-2.4.0-1.el8_10.x86_64
DEBUG util.py:537:  perl-Devel-Size-0.81-2.el8.x86_64
DEBUG util.py:537:  libxcrypt-4.1.1-6.el8.x86_64
DEBUG util.py:537:  perl-ExtUtils-MM-Utils-7.34-1.el8.noarch
DEBUG util.py:537:  elfutils-libelf-0.190-2.el8.alma.1.x86_64
DEBUG util.py:537:  perl-ExtUtils-CBuilder-0.280230-2.el8.noarch
DEBUG util.py:537:  readline-7.0-10.el8.x86_64
DEBUG util.py:537:  perl-IPC-SysV-2.07-397.el8.x86_64
DEBUG util.py:537:  libcap-2.48-6.el8_10.1.x86_64
DEBUG util.py:537:  perl-autodie-2.29-396.el8.noarch
DEBUG util.py:537:  sed-4.5-5.el8_10.x86_64
DEBUG util.py:537:  perl-Memoize-1.03-423.el8_10.1.noarch
DEBUG util.py:537:  libuuid-2.32.1-48.el8_10.x86_64
DEBUG util.py:537:  perl-Package-Generator-1.106-11.el8.noarch
DEBUG util.py:537:  libunistring-0.9.9-3.el8.x86_64
DEBUG util.py:537:  perl-Pod-Checker-1.73-395.el8.noarch
DEBUG util.py:537:  libgpg-error-1.31-1.el8.x86_64
DEBUG util.py:537:  perl-Sys-Syslog-0.35-397.el8.x86_64
DEBUG util.py:537:  p11-kit-0.23.22-2.el8.x86_64
DEBUG util.py:537:  perl-Test-Simple-1.302135-1.el8.noarch
DEBUG util.py:537:  libmpc-1.1.0-9.1.el8.x86_64
DEBUG util.py:537:  perl-Text-Template-1.51-1.el8.noarch
DEBUG util.py:537:  libattr-2.6.0-1.el8_10.x86_64
DEBUG util.py:537:  perl-Unicode-Collate-1.25-2.el8.x86_64
DEBUG util.py:537:  libgcrypt-1.8.5-8.el8_10.x86_64
DEBUG util.py:537:  perl-utils-5.26.3-423.el8_10.1.noarch
DEBUG util.py:537:  findutils-4.6.0-24.el8_10.x86_64
DEBUG util.py:537:  perl-File-Which-1.22-2.el8.noarch
DEBUG util.py:537:  elfutils-libs-0.190-2.el8.alma.1.x86_64
DEBUG util.py:537:  perl-Devel-Peek-1.26-423.el8_10.1.x86_64
DEBUG util.py:537:  gdbm-libs-1.18-2.el8.x86_64
DEBUG util.py:537:  perl-Data-Section-0.200007-3.el8.noarch
DEBUG util.py:537:  libcap-ng-0.7.11-1.el8.x86_64
DEBUG util.py:537:  perl-Module-Build-0.42.24-5.el8.noarch
DEBUG util.py:537:  libtasn1-4.13-6.el8_10.x86_64
DEBUG util.py:537:  perl-perlfaq-5.20180605-1.el8.noarch
DEBUG util.py:537:  lz4-libs-1.8.3-5.el8_10.x86_64
DEBUG util.py:537:  perl-5.26.3-423.el8_10.1.x86_64
DEBUG util.py:537:  grep-3.1-6.el8.x86_64
DEBUG util.py:537:  device-mapper-1.02.181-15.el8_10.3.x86_64
DEBUG util.py:537:  libsemanage-2.9-12.el8_10.x86_64
DEBUG util.py:537:  cryptsetup-libs-2.3.7-7.el8.x86_64
DEBUG util.py:537:  elfutils-0.190-2.el8.alma.1.x86_64
DEBUG util.py:537:  dbus-daemon-1.12.8-28.el8_10.x86_64
DEBUG util.py:537:  patch-2.7.6-11.el8.x86_64
DEBUG util.py:537:  systemd-239-82.el8_10.19.x86_64
DEBUG util.py:537:  libpsl-0.20.2-6.el8.x86_64
DEBUG util.py:537:  epel-rpm-macros-systemd-8-43.noarch
DEBUG util.py:537:  libksba-1.3.5-9.el8_7.x86_64
DEBUG util.py:537:  modsecurity-3.0.16-1.el8.x86_64
DEBUG util.py:537:  libstdc++-devel-8.5.0-28.el8_10.alma.1.x86_64
DEBUG util.py:537:  tar-1.30-11.el8_10.x86_64
DEBUG util.py:537:  gnutls-3.6.16-8.el8_10.6.x86_64
DEBUG util.py:537:  libxml2-2.9.7-21.el8_10.7.x86_64
DEBUG util.py:537:  coreutils-common-8.30-20.el8_10.x86_64
DEBUG util.py:537:  libgomp-8.5.0-28.el8_10.alma.1.x86_64
DEBUG util.py:537:  cpio-2.12-11.el8.x86_64
DEBUG util.py:537:  libpkgconf-1.4.2-1.el8.x86_64
DEBUG util.py:537:  pkgconf-pkg-config-1.4.2-1.el8.x86_64
DEBUG util.py:537:  gawk-4.2.1-4.el8.x86_64
DEBUG util.py:537:  libtool-ltdl-2.4.6-25.el8.x86_64
DEBUG util.py:537:  ncurses-6.1-10.20180224.el8.x86_64
DEBUG util.py:537:  coreutils-8.30-20.el8_10.x86_64
DEBUG util.py:537:  libdb-5.3.28-42.el8_4.x86_64
DEBUG util.py:537:  libtirpc-1.1.4-12.el8_10.x86_64
DEBUG util.py:537:  libmount-2.32.1-48.el8_10.x86_64
DEBUG util.py:537:  libnsl2-1.2.0-2.20180605git4a062cf.el8.x86_64
DEBUG util.py:537:  platform-python-3.6.8-78.el8_10.alma.1.x86_64
DEBUG util.py:537:  binutils-2.30-128.el8_10.x86_64
DEBUG util.py:537:  cracklib-2.9.6-15.el8.x86_64
DEBUG util.py:537:  shadow-utils-4.6-23.el8_10.x86_64
DEBUG util.py:537:  tpm2-tss-2.3.2-6.el8.x86_64
DEBUG util.py:537:  libpwquality-1.4.4-6.el8.x86_64
DEBUG util.py:537:  libusbx-1.0.30-1.el8_10.x86_64
DEBUG util.py:537:  libbabeltrace-1.5.4-4.el8.x86_64
DEBUG util.py:537:  cyrus-sasl-lib-2.1.27-6.el8_5.x86_64
DEBUG util.py:537:  libdb-utils-5.3.28-42.el8_4.x86_64
DEBUG util.py:537:  npth-1.5-4.el8.x86_64
DEBUG util.py:537:  libatomic_ops-7.6.2-3.el8.x86_64
DEBUG util.py:537:  guile-2.0.14-7.el8.x86_64
DEBUG util.py:537:  libssh-config-0.9.6-17.el8_10.noarch
DEBUG util.py:537:  libcurl-7.61.1-34.el8_10.13.x86_64
DEBUG util.py:537:  rpm-libs-4.14.3-32.el8_10.x86_64
DEBUG util.py:537:  efi-srpm-macros-3-3.el8.noarch
DEBUG util.py:537:  rpm-build-libs-4.14.3-32.el8_10.x86_64
DEBUG util.py:537:  kernel-headers-4.18.0-553.164.1.el8_10.x86_64
DEBUG util.py:537:  glibc-devel-2.28-251.el8_10.40.x86_64
DEBUG util.py:537:  gcc-8.5.0-28.el8_10.alma.1.x86_64
DEBUG util.py:537:  gcc-plugin-annobin-8.5.0-28.el8_10.alma.1.x86_64
DEBUG util.py:537:  rpm-build-4.14.3-32.el8_10.x86_64
DEBUG util.py:537:  epel-rpm-macros-8-43.noarch
DEBUG util.py:537:  which-2.21-21.el8_10.x86_64
DEBUG util.py:537:  dbus-libs-1.12.8-28.el8_10.x86_64
DEBUG util.py:537:  yajl-2.1.0-12.el8.x86_64
DEBUG util.py:537:  python3-pyparsing-2.1.10-7.el8.noarch
DEBUG util.py:537:  pcre2-utf32-10.32-3.el8_6.x86_64
DEBUG util.py:537:  pcre2-devel-10.32-3.el8_6.x86_64
DEBUG util.py:537:  lmdb-libs-0.9.24-2.el8.x86_64
DEBUG util.py:537:  libsepol-devel-2.9-3.el8.x86_64
DEBUG util.py:537:  libseccomp-2.5.2-1.el8.x86_64
DEBUG util.py:537:  libcom_err-devel-1.45.6-7.el8_10.x86_64
DEBUG util.py:537:  keyutils-libs-devel-1.5.10-9.el8.x86_64
DEBUG util.py:537:  json-c-0.13.1-3.el8.x86_64
DEBUG util.py:537:  perl-Digest-1.17-395.el8.noarch
DEBUG util.py:537:  perl-Data-Dumper-2.167-399.el8.x86_64
DEBUG util.py:537:  perl-URI-1.73-3.el8.noarch
DEBUG util.py:537:  perl-IO-Socket-IP-0.39-5.el8.noarch
DEBUG util.py:537:  perl-Mozilla-CA-20160104-7.module_el8.5.0+2812+ed912d05.noarch
DEBUG util.py:537:  perl-Net-SSLeay-1.88-2.module_el8.6.0+2811+fe6c84b0.x86_64
DEBUG util.py:537:  perl-Term-Cap-1.17-395.el8.noarch
DEBUG util.py:537:  perl-HTTP-Tiny-0.074-3.el8.noarch
DEBUG util.py:537:  perl-podlators-4.11-1.el8.noarch
DEBUG util.py:537:  perl-Text-ParseWords-3.30-395.el8.noarch
DEBUG util.py:537:  perl-MIME-Base64-3.15-396.el8.x86_64
DEBUG util.py:537:  perl-Getopt-Long-2.50-4.el8.noarch
DEBUG util.py:537:  perl-Socket-2.027-3.el8.x86_64
DEBUG util.py:537:  perl-Carp-1.42-396.el8.noarch
DEBUG util.py:537:  perl-libs-5.26.3-423.el8_10.1.x86_64
DEBUG util.py:537:  perl-parent-0.237-1.el8.noarch
DEBUG util.py:537:  perl-Text-Tabs+Wrap-2013.0523-395.el8.noarch
DEBUG util.py:537:  perl-File-Path-2.15-2.el8.noarch
DEBUG util.py:537:  perl-PathTools-3.74-1.el8.x86_64
DEBUG util.py:537:  perl-threads-2.21-2.el8.x86_64
DEBUG util.py:537:  perl-interpreter-5.26.3-423.el8_10.1.x86_64
DEBUG util.py:537:  perl-Time-HiRes-1.9758-2.el8.x86_64
DEBUG util.py:537:  perl-ExtUtils-Manifest-1.70-395.el8.noarch
DEBUG util.py:537:  perl-Test-Harness-3.42-1.el8.noarch
DEBUG util.py:537:  perl-Module-Metadata-1.000033-395.el8.noarch
DEBUG util.py:537:  perl-Filter-1.58-2.el8.x86_64
DEBUG util.py:537:  perl-Module-Load-0.32-395.el8.noarch
DEBUG util.py:537:  perl-Text-Balanced-2.03-395.el8.noarch
DEBUG util.py:537:  perl-Net-Ping-2.55-423.el8_10.1.noarch
DEBUG util.py:537:  perl-IO-Compress-2.081-2.el8_10.noarch
DEBUG util.py:537:  gpg-pubkey-3abb34f8-5ffd890e
DEBUG util.py:537:  perl-Math-Complex-1.59-423.el8_10.1.noarch
DEBUG util.py:537:  gpg-pubkey-2f86d6a1-5cf7cefb
DEBUG util.py:537:  perl-JSON-PP-2.97.001-3.el8.noarch
DEBUG util.py:537:  python-srpm-macros-3-45.el8.noarch
DEBUG util.py:537:  perl-CPAN-Meta-YAML-0.018-397.el8.noarch
DEBUG util.py:537:  python-rpm-macros-3-45.el8.noarch
DEBUG util.py:537:  perl-Digest-SHA-6.02-1.el8.x86_64
DEBUG util.py:537:  python3-pip-wheel-9.0.3-24.el8.noarch
DEBUG util.py:537:  perl-devel-5.26.3-423.el8_10.1.x86_64
DEBUG util.py:537:  setup-2.12.2-9.el8.noarch
DEBUG util.py:537:  perl-ExtUtils-MakeMaker-7.34-1.el8.noarch
DEBUG util.py:537:  basesystem-11-5.el8.noarch
DEBUG util.py:537:  perl-Locale-Maketext-1.28-396.el8.noarch
DEBUG util.py:537:  fpc-srpm-macros-1.3-1.el8.noarch
DEBUG util.py:537:  perl-Params-Check-0.38-395.el8.noarch
DEBUG util.py:537:  rust-srpm-macros-5-2.el8.noarch
DEBUG util.py:537:  perl-Params-Util-1.07-22.el8.x86_64
DEBUG util.py:537:  perl-srpm-macros-1-25.el8.noarch
DEBUG util.py:537:  perl-Sub-Install-0.928-14.el8.noarch
DEBUG util.py:537:  ocaml-srpm-macros-5-4.el8.noarch
DEBUG util.py:537:  perl-ExtUtils-Miniperl-1.06-423.el8_10.1.noarch
DEBUG util.py:537:  ghc-srpm-macros-1.4.2-7.el8.noarch
DEBUG util.py:537:  perl-inc-latest-0.500-9.el8.noarch
DEBUG util.py:537:  publicsuffix-list-dafsa-20180723-1.el8.noarch
DEBUG util.py:537:  perl-bignum-0.49-2.el8.noarch
DEBUG util.py:537:  ncurses-base-6.1-10.20180224.el8.noarch
DEBUG util.py:537:  perl-open-1.11-423.el8_10.1.noarch
DEBUG util.py:537:  libselinux-2.9-11.el8_10.x86_64
DEBUG util.py:537:  perl-Devel-SelfStubber-1.06-423.el8_10.1.noarch
DEBUG util.py:537:  ncurses-libs-6.1-10.20180224.el8.x86_64
DEBUG util.py:537:  perl-Module-CoreList-tools-5.20181130-1.el8.noarch
DEBUG util.py:537:  glibc-common-2.28-251.el8_10.40.x86_64
DEBUG util.py:537:  perl-Algorithm-Diff-1.1903-9.el8.noarch
DEBUG util.py:537:  bash-4.4.20-6.el8_10.x86_64
DEBUG util.py:537:  perl-Archive-Tar-2.30-3.el8_10.noarch
DEBUG util.py:537:  zlib-1.2.11-25.el8.x86_64
DEBUG util.py:537:  perl-B-Debug-1.26-2.el8.noarch
DEBUG util.py:537:  bzip2-libs-1.0.6-28.el8_10.x86_64
DEBUG util.py:537:  perl-Config-Perl-V-0.30-1.el8.noarch
DEBUG util.py:537:  gmp-6.1.2-11.el8.x86_64
DEBUG util.py:537:  perl-Devel-PPPort-3.36-5.el8.x86_64
DEBUG util.py:537:  libstdc++-8.5.0-28.el8_10.alma.1.x86_64
DEBUG util.py:537:  perl-Env-1.04-395.el8.noarch
DEBUG util.py:537:  libzstd-1.4.4-1.el8.x86_64
DEBUG util.py:537:  perl-IPC-Cmd-1.02-1.el8.noarch
DEBUG util.py:537:  mpfr-3.1.6-1.el8.x86_64
DEBUG util.py:537:  perl-File-Fetch-0.56-2.el8.noarch
DEBUG util.py:537:  sqlite-libs-3.26.0-21.el8_10.x86_64
DEBUG util.py:537:  perl-IPC-System-Simple-1.25-17.el8.noarch
DEBUG util.py:537:  popt-1.18-1.el8.x86_64
DEBUG util.py:537:  perl-Locale-Codes-3.57-1.el8.noarch
DEBUG util.py:537:  libcom_err-1.45.6-7.el8_10.x86_64
DEBUG util.py:537:  perl-Module-Loaded-0.08-423.el8_10.1.noarch
DEBUG util.py:537:  chkconfig-1.19.2-1.el8.x86_64
DEBUG util.py:537:  perl-Sub-Exporter-0.987-15.el8.noarch
DEBUG util.py:537:  libffi-3.1-24.el8.x86_64
DEBUG util.py:537:  perl-Pod-Parser-1.63-396.el8.noarch
DEBUG util.py:537:  lua-libs-5.3.4-12.el8.x86_64
DEBUG util.py:537:  perl-Test-1.30-423.el8_10.1.noarch
DEBUG util.py:537:  libidn2-2.2.0-1.el8.x86_64
DEBUG util.py:537:  perl-Text-Glob-0.11-4.el8.noarch
DEBUG util.py:537:  file-libs-5.33-27.el8_10.x86_64
DEBUG util.py:537:  perl-Time-Piece-1.31-423.el8_10.1.x86_64
DEBUG util.py:537:  file-5.33-27.el8_10.x86_64
DEBUG util.py:537:  perl-local-lib-2.000024-2.el8.noarch
DEBUG util.py:537:  unzip-6.0-48.el8_10.x86_64
DEBUG util.py:537:  perl-Thread-Queue-3.13-1.el8.noarch
DEBUG util.py:537:  elfutils-default-yama-scope-0.190-2.el8.alma.1.noarch
DEBUG util.py:537:  perl-File-HomeDir-1.002-4.el8.noarch
DEBUG util.py:537:  expat-2.5.0-2.el8_10.2.x86_64
DEBUG util.py:537:  perl-MRO-Compat-0.13-4.el8.noarch
DEBUG util.py:537:  keyutils-libs-1.5.10-9.el8.x86_64
DEBUG util.py:537:  perl-Software-License-0.103013-2.el8.noarch
DEBUG util.py:537:  audit-libs-3.1.2-1.el8_10.1.x86_64
DEBUG util.py:537:  perl-PerlIO-via-QuotedPrint-0.08-395.el8.noarch
DEBUG util.py:537:  p11-kit-trust-0.23.22-2.el8.x86_64
DEBUG util.py:537:  perl-CPAN-2.18-402.el8_10.noarch
DEBUG util.py:537:  pcre-8.42-6.el8.x86_64
DEBUG util.py:537:  acl-2.4.0-1.el8_10.x86_64
DEBUG util.py:537:  xz-5.2.4-4.el8_6.x86_64
DEBUG util.py:537:  device-mapper-libs-1.02.181-15.el8_10.3.x86_64
DEBUG util.py:537:  gdbm-1.18-2.el8.x86_64
DEBUG util.py:537:  dbus-common-1.12.8-28.el8_10.noarch
DEBUG util.py:537:  zip-3.0-23.el8.x86_64
DEBUG util.py:537:  systemd-pam-239-82.el8_10.19.x86_64
DEBUG util.py:537:  cpp-8.5.0-28.el8_10.alma.1.x86_64
DEBUG util.py:537:  dbus-1.12.8-28.el8_10.x86_64
DEBUG util.py:537:  libassuan-2.5.1-3.el8.x86_64
DEBUG util.py:537:  openssl-devel-1.1.1k-17.el8_6.x86_64
DEBUG util.py:537:  dwz-0.12-10.el8.x86_64
DEBUG util.py:537:  libzstd-devel-1.4.4-1.el8.x86_64
DEBUG util.py:537:  zstd-1.4.4-1.el8.x86_64
DEBUG util.py:537:  nettle-3.4.1-7.el8.x86_64
DEBUG util.py:537:  isl-0.16.1-6.el8.x86_64
DEBUG util.py:537:  bzip2-1.0.6-28.el8_10.x86_64
DEBUG util.py:537:  diffutils-3.6-6.el8.x86_64
DEBUG util.py:537:  brotli-1.0.6-4.el8_10.x86_64
DEBUG util.py:537:  libnghttp2-1.33.0-6.el8_10.3.x86_64
DEBUG util.py:537:  pkgconf-1.4.2-1.el8.x86_64
DEBUG util.py:537:  libsigsegv-2.11-5.el8.x86_64
DEBUG util.py:537:  libsmartcols-2.32.1-48.el8_10.x86_64
DEBUG util.py:537:  libverto-0.3.2-2.el8.x86_64
DEBUG util.py:537:  openssl-libs-1.1.1k-17.el8_6.x86_64
DEBUG util.py:537:  ca-certificates-2025.2.80_v9.0.304-80.2.el8_10.noarch
DEBUG util.py:537:  krb5-libs-1.18.2-34.el8_10.x86_64
DEBUG util.py:537:  libblkid-2.32.1-48.el8_10.x86_64
DEBUG util.py:537:  systemd-libs-239-82.el8_10.19.x86_64
DEBUG util.py:537:  platform-python-setuptools-39.2.0-9.el8_10.noarch
DEBUG util.py:537:  python3-libs-3.6.8-78.el8_10.alma.1.x86_64
DEBUG util.py:537:  gzip-1.9-15.el8_10.x86_64
DEBUG util.py:537:  cracklib-dicts-2.9.6-15.el8.x86_64
DEBUG util.py:537:  libutempter-1.1.6-14.el8.x86_64
DEBUG util.py:537:  ima-evm-utils-1.3.2-12.el8.x86_64
DEBUG util.py:537:  pam-1.3.1-40.el8_10.x86_64
DEBUG util.py:537:  glib2-2.56.4-178.el8_10.x86_64
DEBUG util.py:537:  libfdisk-2.32.1-48.el8_10.x86_64
DEBUG util.py:537:  openldap-2.4.46-21.el8_10.x86_64
DEBUG util.py:537:  libarchive-3.3.3-7.el8_10.x86_64
DEBUG util.py:537:  gnupg2-2.2.20-4.el8_10.x86_64
DEBUG util.py:537:  gc-7.6.4-3.el8.x86_64
DEBUG util.py:537:  libipt-1.6.1-8.el8.x86_64
DEBUG util.py:537:  libssh-0.9.6-17.el8_10.x86_64
DEBUG util.py:537:  curl-7.61.1-34.el8_10.13.x86_64
DEBUG util.py:537:  rpm-4.14.3-32.el8_10.x86_64
DEBUG util.py:537:  lua-srpm-macros-1-13.el8.noarch
DEBUG util.py:537:  gdb-headless-8.2-20.el8.x86_64
DEBUG util.py:537:  glibc-headers-2.28-251.el8_10.40.x86_64
DEBUG util.py:537:  libxcrypt-devel-4.1.1-6.el8.x86_64
DEBUG util.py:537:  annobin-13.27-1.el8_10.x86_64
DEBUG util.py:537:  redhat-rpm-config-131-1.el8.alma.noarch
DEBUG util.py:537:  gcc-c++-8.5.0-28.el8_10.alma.1.x86_64
DEBUG util.py:537:  util-linux-2.32.1-48.el8_10.x86_64
DEBUG util.py:537:  make-4.2.1-11.el8.x86_64
DEBUG util.py:537:  dbus-tools-1.12.8-28.el8_10.x86_64
DEBUG util.py:537:  zlib-devel-1.2.11-25.el8.x86_64
DEBUG util.py:537:  systemtap-sdt-devel-4.9-3.el8.x86_64
DEBUG util.py:537:  pcre2-utf16-10.32-3.el8_6.x86_64
DEBUG util.py:537:  openssl-1.1.1k-17.el8_6.x86_64
DEBUG util.py:537:  libverto-devel-0.3.2-2.el8.x86_64
DEBUG util.py:537:  libselinux-devel-2.9-11.el8_10.x86_64
DEBUG util.py:537:  libkadm5-1.18.2-34.el8_10.x86_64
DEBUG util.py:537:  kmod-libs-25-20.el8.x86_64
DEBUG util.py:537:  krb5-devel-1.18.2-34.el8_10.x86_64
DEBUG util.py:537:  groff-base-1.22.3-18.el8.x86_64
DEBUG util.py:537:  perl-Digest-MD5-2.55-396.el8.x86_64
DEBUG util.py:537:  perl-libnet-3.11-3.el8.noarch
DEBUG util.py:537:  perl-Pod-Escapes-1.07-395.el8.noarch
DEBUG util.py:537:  perl-Time-Local-1.280-1.el8.noarch
DEBUG util.py:537:  perl-IO-Socket-SSL-2.066-4.module_el8.6.0+2811+fe6c84b0.noarch
DEBUG util.py:537:  perl-Term-ANSIColor-4.06-396.el8.noarch
DEBUG util.py:537:  perl-File-Temp-0.230.600-1.el8.noarch
DEBUG util.py:537:  perl-Pod-Simple-3.35-395.el8.noarch
DEBUG util.py:537:  perl-Pod-Perldoc-3.28-396.el8.noarch
DEBUG util.py:537:  perl-Pod-Usage-1.69-395.el8.noarch
DEBUG util.py:537:  perl-Storable-3.11-3.el8.x86_64
DEBUG util.py:537:  perl-Errno-1.28-423.el8_10.1.x86_64
DEBUG util.py:537:  perl-Encode-2.97-3.el8.x86_64
DEBUG util.py:537:  perl-Exporter-5.72-396.el8.noarch
DEBUG util.py:537:  perl-Scalar-List-Utils-1.49-2.el8.x86_64
DEBUG util.py:537:  perl-macros-5.26.3-423.el8_10.1.x86_64
DEBUG util.py:537:  perl-Unicode-Normalize-1.25-396.el8.x86_64
DEBUG util.py:537:  perl-IO-1.38-423.el8_10.1.x86_64
DEBUG util.py:537:  perl-constant-1.33-396.el8.noarch
DEBUG util.py:537:  perl-threads-shared-1.58-2.el8.x86_64
DEBUG util.py:537:  perl-version-0.99.24-1.el8.x86_64
DEBUG util.py:537:  perl-CPAN-Meta-Requirements-2.140-396.el8.noarch
DEBUG util.py:537:  perl-ExtUtils-ParseXS-3.35-2.el8.noarch
DEBUG util.py:537:  perl-Module-CoreList-5.20181130-1.el8.noarch
DEBUG util.py:537:  perl-Compress-Raw-Zlib-2.081-1.el8.x86_64
DEBUG util.py:537:  perl-SelfLoader-1.23-423.el8_10.1.noarch
DEBUG util.py:537:  perl-Perl-OSType-1.010-396.el8.noarch
DEBUG util.py:537:  perl-encoding-2.22-3.el8.x86_64
DEBUG util.py:537:  perl-Compress-Raw-Bzip2-2.081-1.el8.x86_64
DEBUG util.py:688:  Child return code was: 0
DEBUG util.py:200:  kill orphans in chroot /var/lib/mock/alma+epel-8-x86_64/root
DEBUG util.py:200:  kill orphans in chroot /var/lib/mock/alma+epel-8-x86_64-bootstrap/root/var/lib/mock/alma+epel-8-x86_64/root
DEBUG util.py:717:  child environment: None
DEBUG util.py:636:  Executing command: ['/bin/umount', '-n', '-l', '/var/lib/mock/alma+epel-8-x86_64-bootstrap/root/var/lib/mock/alma+epel-8-x86_64/root'] with env {'TERM': 'vt100', 'SHELL': '/bin/sh', 'HOME': '/builddir', 'HOSTNAME': 'mock', 'PATH': '/usr/bin:/bin:/usr/sbin:/sbin', 'LANG': 'C.UTF-8'} and shell False
DEBUG util.py:688:  Child return code was: 0
DEBUG util.py:717:  child environment: None
DEBUG util.py:636:  Executing command: ['/bin/umount', '-n', '-l', '/var/lib/mock/alma+epel-8-x86_64-bootstrap/root/var/lib/mock/alma+epel-8-x86_64/root'] with env {'TERM': 'vt100', 'SHELL': '/bin/sh', 'HOME': '/builddir', 'HOSTNAME': 'mock', 'PATH': '/usr/bin:/bin:/usr/sbin:/sbin', 'LANG': 'C.UTF-8'} and shell False
DEBUG util.py:688:  Child return code was: 0
DEBUG util.py:717:  child environment: None
DEBUG file_util.py:17:  ensuring that dir exists: /var/lib/mock/alma+epel-8-x86_64/root/proc
DEBUG util.py:717:  child environment: None
DEBUG util.py:636:  Executing command: ['/bin/mount', '-n', '-t', 'tmpfs', '-o', 'rprivate,mode=0755', 'tmpfs', '/var/lib/mock/alma+epel-8-x86_64/root/proc'] with env {'TERM': 'vt100', 'SHELL': '/bin/sh', 'HOME': '/builddir', 'HOSTNAME': 'mock', 'PATH': '/usr/bin:/bin:/usr/sbin:/sbin', 'LANG': 'C.UTF-8'} and shell False
DEBUG util.py:688:  Child return code was: 0
DEBUG file_util.py:17:  ensuring that dir exists: /var/lib/mock/alma+epel-8-x86_64/root/proc
DEBUG util.py:717:  child environment: None
DEBUG util.py:636:  Executing command: ['/bin/mount', '-n', '-o', 'rbind', '/proc', '/var/lib/mock/alma+epel-8-x86_64/root/proc'] with env {'TERM': 'vt100', 'SHELL': '/bin/sh', 'HOME': '/builddir', 'HOSTNAME': 'mock', 'PATH': '/usr/bin:/bin:/usr/sbin:/sbin', 'LANG': 'C.UTF-8'} and shell False
DEBUG util.py:688:  Child return code was: 0
DEBUG util.py:717:  child environment: None
DEBUG util.py:636:  Executing command: ['/bin/mount', '-n', '-o', 'remount,nodev,noexec,nosuid,readonly,rprivate,rbind', '--target', '/var/lib/mock/alma+epel-8-x86_64/root/proc'] with env {'TERM': 'vt100', 'SHELL': '/bin/sh', 'HOME': '/builddir', 'HOSTNAME': 'mock', 'PATH': '/usr/bin:/bin:/usr/sbin:/sbin', 'LANG': 'C.UTF-8'} and shell False
DEBUG util.py:688:  Child return code was: 0
DEBUG file_util.py:17:  ensuring that dir exists: /var/lib/mock/alma+epel-8-x86_64/root/sys
DEBUG util.py:717:  child environment: None
DEBUG util.py:636:  Executing command: ['/bin/mount', '-n', '-t', 'tmpfs', '-o', 'rprivate,mode=0755', 'tmpfs', '/var/lib/mock/alma+epel-8-x86_64/root/sys'] with env {'TERM': 'vt100', 'SHELL': '/bin/sh', 'HOME': '/builddir', 'HOSTNAME': 'mock', 'PATH': '/usr/bin:/bin:/usr/sbin:/sbin', 'LANG': 'C.UTF-8'} and shell False
DEBUG util.py:688:  Child return code was: 0
DEBUG file_util.py:17:  ensuring that dir exists: /var/lib/mock/alma+epel-8-x86_64/root/sys
DEBUG util.py:717:  child environment: None
DEBUG util.py:636:  Executing command: ['/bin/mount', '-n', '-o', 'rbind', '/sys', '/var/lib/mock/alma+epel-8-x86_64/root/sys'] with env {'TERM': 'vt100', 'SHELL': '/bin/sh', 'HOME': '/builddir', 'HOSTNAME': 'mock', 'PATH': '/usr/bin:/bin:/usr/sbin:/sbin', 'LANG': 'C.UTF-8'} and shell False
DEBUG util.py:688:  Child return code was: 0
DEBUG util.py:717:  child environment: None
DEBUG util.py:636:  Executing command: ['/bin/mount', '-n', '-o', 'remount,nodev,noexec,nosuid,readonly,rprivate,rbind', '--target', '/var/lib/mock/alma+epel-8-x86_64/root/sys'] with env {'TERM': 'vt100', 'SHELL': '/bin/sh', 'HOME': '/builddir', 'HOSTNAME': 'mock', 'PATH': '/usr/bin:/bin:/usr/sbin:/sbin', 'LANG': 'C.UTF-8'} and shell False
DEBUG util.py:688:  Child return code was: 0
DEBUG file_util.py:17:  ensuring that dir exists: /var/lib/mock/alma+epel-8-x86_64/root/dev/shm
DEBUG util.py:717:  child environment: None
DEBUG util.py:636:  Executing command: ['/bin/mount', '-n', '-t', 'tmpfs', 'tmpfs', '/var/lib/mock/alma+epel-8-x86_64/root/dev/shm'] with env {'TERM': 'vt100', 'SHELL': '/bin/sh', 'HOME': '/builddir', 'HOSTNAME': 'mock', 'PATH': '/usr/bin:/bin:/usr/sbin:/sbin', 'LANG': 'C.UTF-8'} and shell False
DEBUG util.py:688:  Child return code was: 0
DEBUG file_util.py:17:  ensuring that dir exists: /var/lib/mock/alma+epel-8-x86_64/root/dev/pts
DEBUG util.py:717:  child environment: None
DEBUG util.py:636:  Executing command: ['/bin/mount', '-n', '-t', 'devpts', '-o', 'gid=5,mode=0620,ptmxmode=0666,newinstance', 'devpts', '/var/lib/mock/alma+epel-8-x86_64/root/dev/pts'] with env {'TERM': 'vt100', 'SHELL': '/bin/sh', 'HOME': '/builddir', 'HOSTNAME': 'mock', 'PATH': '/usr/bin:/bin:/usr/sbin:/sbin', 'LANG': 'C.UTF-8'} and shell False
DEBUG util.py:688:  Child return code was: 0
DEBUG util.py:717:  child environment: None
DEBUG util.py:636:  Executing command: ['/bin/mount', '-n', '-o', 'bind', '/tmp/mock-selinux-plugin.itpx_z7f', '/var/lib/mock/alma+epel-8-x86_64/root/proc/filesystems'] with env {'TERM': 'vt100', 'SHELL': '/bin/sh', 'HOME': '/builddir', 'HOSTNAME': 'mock', 'PATH': '/usr/bin:/bin:/usr/sbin:/sbin', 'LANG': 'C.UTF-8'} and shell False
DEBUG util.py:688:  Child return code was: 0
DEBUG file_util.py:17:  ensuring that dir exists: /var/lib/mock/alma+epel-8-x86_64/root/sys/fs/selinux
DEBUG util.py:717:  child environment: None
DEBUG util.py:636:  Executing command: ['/bin/mount', '-n', '-t', 'tmpfs', 'tmpfs', '/var/lib/mock/alma+epel-8-x86_64/root/sys/fs/selinux'] with env {'TERM': 'vt100', 'SHELL': '/bin/sh', 'HOME': '/builddir', 'HOSTNAME': 'mock', 'PATH': '/usr/bin:/bin:/usr/sbin:/sbin', 'LANG': 'C.UTF-8'} and shell False
DEBUG util.py:688:  Child return code was: 0
DEBUG file_util.py:17:  ensuring that dir exists: /var/lib/mock/alma+epel-8-x86_64-bootstrap/root/var/lib/mock/alma+epel-8-x86_64/root
DEBUG util.py:717:  child environment: None
DEBUG util.py:636:  Executing command: ['/bin/mount', '-n', '-t', 'tmpfs', '-o', 'private,mode=0755', 'tmpfs', '/var/lib/mock/alma+epel-8-x86_64-bootstrap/root/var/lib/mock/alma+epel-8-x86_64/root'] with env {'TERM': 'vt100', 'SHELL': '/bin/sh', 'HOME': '/builddir', 'HOSTNAME': 'mock', 'PATH': '/usr/bin:/bin:/usr/sbin:/sbin', 'LANG': 'C.UTF-8'} and shell False
DEBUG util.py:688:  Child return code was: 0
DEBUG file_util.py:17:  ensuring that dir exists: /var/lib/mock/alma+epel-8-x86_64-bootstrap/root/var/lib/mock/alma+epel-8-x86_64/root
DEBUG util.py:717:  child environment: None
DEBUG util.py:636:  Executing command: ['/bin/mount', '-n', '-o', 'rbind', '/var/lib/mock/alma+epel-8-x86_64/root', '/var/lib/mock/alma+epel-8-x86_64-bootstrap/root/var/lib/mock/alma+epel-8-x86_64/root'] with env {'TERM': 'vt100', 'SHELL': '/bin/sh', 'HOME': '/builddir', 'HOSTNAME': 'mock', 'PATH': '/usr/bin:/bin:/usr/sbin:/sbin', 'LANG': 'C.UTF-8'} and shell False
DEBUG util.py:688:  Child return code was: 0
DEBUG util.py:717:  child environment: None
DEBUG util.py:636:  Executing command: ['/bin/mount', '-n', '-o', 'remount,private,rbind', '--target', '/var/lib/mock/alma+epel-8-x86_64-bootstrap/root/var/lib/mock/alma+epel-8-x86_64/root'] with env {'TERM': 'vt100', 'SHELL': '/bin/sh', 'HOME': '/builddir', 'HOSTNAME': 'mock', 'PATH': '/usr/bin:/bin:/usr/sbin:/sbin', 'LANG': 'C.UTF-8'} and shell False
DEBUG util.py:688:  Child return code was: 0
DEBUG file_util.py:17:  ensuring that dir exists: /var/lib/mock/alma+epel-8-x86_64/root/installation-homedir
DEBUG package_manager.py:296:  ['/usr/bin/dnf-3', 'builddep', '--installroot', '/var/lib/mock/alma+epel-8-x86_64/root/', '--releasever', '8', '--setopt=deltarpm=False', '--setopt=allow_vendor_change=yes', '--allowerasing', '--disableplugin=local', '--disableplugin=spacewalk', '--disableplugin=versionlock', '/var/lib/mock/alma+epel-8-x86_64/root//builddir/build/SRPMS/nginx-1.30.5-1.alma8.src.rpm']
DEBUG util.py:717:  child environment: None
DEBUG util.py:631:  Using nspawn with args ['--capability=cap_ipc_lock', '--resolv-conf=off']
DEBUG util.py:636:  Executing command: ['/usr/bin/systemd-nspawn', '-q', '-M', '7cf85e6ce6e24d3f9b46939bc5693647', '-D', '/var/lib/mock/alma+epel-8-x86_64-bootstrap/root', '-a', '--capability=cap_ipc_lock', '--resolv-conf=off', '--setenv=TERM=vt100', '--setenv=SHELL=/bin/bash', '--setenv=HOME=/var/lib/mock/alma+epel-8-x86_64/root/installation-homedir', '--setenv=HOSTNAME=mock', '--setenv=PATH=/usr/bin:/bin:/usr/sbin:/sbin', '--setenv=PROMPT_COMMAND=printf "\\033]0;<mock-chroot>\\007"', '--setenv=PS1=<mock-chroot> \\s-\\v\\$ ', '--setenv=LANG=C.UTF-8', '--setenv=LC_MESSAGES=C.UTF-8', '/usr/bin/dnf-3', 'builddep', '--installroot', '/var/lib/mock/alma+epel-8-x86_64/root/', '--releasever', '8', '--setopt=deltarpm=False', '--setopt=allow_vendor_change=yes', '--allowerasing', '--disableplugin=local', '--disableplugin=spacewalk', '--disableplugin=versionlock', '/var/lib/mock/alma+epel-8-x86_64/root//builddir/build/SRPMS/nginx-1.30.5-1.alma8.src.rpm', '--setopt=tsflags=nocontexts'] with env {'TERM': 'vt100', 'SHELL': '/bin/bash', 'HOME': '/var/lib/mock/alma+epel-8-x86_64/root/installation-homedir', 'HOSTNAME': 'mock', 'PATH': '/usr/bin:/bin:/usr/sbin:/sbin', 'PROMPT_COMMAND': 'printf "\\033]0;<mock-chroot>\\007"', 'PS1': '<mock-chroot> \\s-\\v\\$ ', 'LANG': 'C.UTF-8', 'LC_MESSAGES': 'C.UTF-8', 'SYSTEMD_NSPAWN_TMPFS_TMP': '0', 'SYSTEMD_SECCOMP': '0'} and shell False
DEBUG util.py:535:  No matches found for the following disable plugin patterns: local, spacewalk, versionlock
DEBUG util.py:537:  AlmaLinux 8 - BaseOS                                                                                                                                         4.3 kB/s | 3.8 kB     00:00    
DEBUG util.py:537:  AlmaLinux 8 - AppStream                                                                                                                                      5.3 kB/s | 4.3 kB     00:00    
DEBUG util.py:537:  AlmaLinux 8 - PowerTools                                                                                                                                     4.8 kB/s | 4.2 kB     00:00    
DEBUG util.py:537:  AlmaLinux 8 - Extras                                                                                                                                         4.4 kB/s | 3.3 kB     00:00    
DEBUG util.py:537:  Extra Packages for Enterprise Linux 8 - x86_64                                                                                                                12 kB/s | 7.0 kB     00:00    
DEBUG util.py:537:  mock-localrepo                                                                                                                                               2.9 MB/s | 3.0 kB     00:00    
DEBUG util.py:537:  Package libzstd-devel-1.4.4-1.el8.x86_64 is already installed.
DEBUG util.py:537:  Package modsecurity-3.0.16-1.el8.x86_64 is already installed.
DEBUG util.py:537:  Package openssl-devel-1:1.1.1k-17.el8_6.x86_64 is already installed.
DEBUG util.py:537:  Package pcre2-devel-10.32-3.el8_6.x86_64 is already installed.
DEBUG util.py:537:  Package perl-4:5.26.3-423.el8_10.1.x86_64 is already installed.
DEBUG util.py:537:  Package pkgconf-pkg-config-1.4.2-1.el8.x86_64 is already installed.
DEBUG util.py:537:  Package systemd-239-82.el8_10.19.x86_64 is already installed.
DEBUG util.py:537:  Package zlib-devel-1.2.11-25.el8.x86_64 is already installed.
DEBUG util.py:537:  Dependencies resolved.
DEBUG util.py:537:  Nothing to do.
DEBUG util.py:537:  Complete!
DEBUG util.py:688:  Child return code was: 0
DEBUG util.py:200:  kill orphans in chroot /var/lib/mock/alma+epel-8-x86_64/root
DEBUG util.py:200:  kill orphans in chroot /var/lib/mock/alma+epel-8-x86_64-bootstrap/root/var/lib/mock/alma+epel-8-x86_64/root
DEBUG util.py:717:  child environment: None
DEBUG util.py:636:  Executing command: ['/bin/umount', '-n', '-l', '/var/lib/mock/alma+epel-8-x86_64-bootstrap/root/var/lib/mock/alma+epel-8-x86_64/root'] with env {'TERM': 'vt100', 'SHELL': '/bin/sh', 'HOME': '/builddir', 'HOSTNAME': 'mock', 'PATH': '/usr/bin:/bin:/usr/sbin:/sbin', 'LANG': 'C.UTF-8'} and shell False
DEBUG util.py:688:  Child return code was: 0
DEBUG util.py:717:  child environment: None
DEBUG util.py:636:  Executing command: ['/bin/umount', '-n', '-l', '/var/lib/mock/alma+epel-8-x86_64-bootstrap/root/var/lib/mock/alma+epel-8-x86_64/root'] with env {'TERM': 'vt100', 'SHELL': '/bin/sh', 'HOME': '/builddir', 'HOSTNAME': 'mock', 'PATH': '/usr/bin:/bin:/usr/sbin:/sbin', 'LANG': 'C.UTF-8'} and shell False
DEBUG util.py:688:  Child return code was: 0
DEBUG util.py:717:  child environment: None
DEBUG util.py:636:  Executing command: ['/bin/umount', '-n', '-l', '/var/lib/mock/alma+epel-8-x86_64/root/sys/fs/selinux'] with env {'TERM': 'vt100', 'SHELL': '/bin/sh', 'HOME': '/builddir', 'HOSTNAME': 'mock', 'PATH': '/usr/bin:/bin:/usr/sbin:/sbin', 'LANG': 'C.UTF-8'} and shell False
DEBUG util.py:688:  Child return code was: 0
DEBUG util.py:717:  child environment: None
DEBUG util.py:636:  Executing command: ['/bin/umount', '-n', '/var/lib/mock/alma+epel-8-x86_64/root/proc/filesystems'] with env {'TERM': 'vt100', 'SHELL': '/bin/sh', 'HOME': '/builddir', 'HOSTNAME': 'mock', 'PATH': '/usr/bin:/bin:/usr/sbin:/sbin', 'LANG': 'C.UTF-8'} and shell False
DEBUG util.py:688:  Child return code was: 0
DEBUG util.py:717:  child environment: None
DEBUG util.py:636:  Executing command: ['/bin/umount', '-n', '-l', '/var/lib/mock/alma+epel-8-x86_64/root/dev/pts'] with env {'TERM': 'vt100', 'SHELL': '/bin/sh', 'HOME': '/builddir', 'HOSTNAME': 'mock', 'PATH': '/usr/bin:/bin:/usr/sbin:/sbin', 'LANG': 'C.UTF-8'} and shell False
DEBUG util.py:688:  Child return code was: 0
DEBUG util.py:717:  child environment: None
DEBUG util.py:636:  Executing command: ['/bin/umount', '-n', '-l', '/var/lib/mock/alma+epel-8-x86_64/root/dev/shm'] with env {'TERM': 'vt100', 'SHELL': '/bin/sh', 'HOME': '/builddir', 'HOSTNAME': 'mock', 'PATH': '/usr/bin:/bin:/usr/sbin:/sbin', 'LANG': 'C.UTF-8'} and shell False
DEBUG util.py:688:  Child return code was: 0
DEBUG util.py:717:  child environment: None
DEBUG util.py:636:  Executing command: ['/bin/umount', '-n', '-l', '/var/lib/mock/alma+epel-8-x86_64/root/sys'] with env {'TERM': 'vt100', 'SHELL': '/bin/sh', 'HOME': '/builddir', 'HOSTNAME': 'mock', 'PATH': '/usr/bin:/bin:/usr/sbin:/sbin', 'LANG': 'C.UTF-8'} and shell False
DEBUG util.py:688:  Child return code was: 0
DEBUG util.py:717:  child environment: None
DEBUG util.py:636:  Executing command: ['/bin/umount', '-n', '-l', '/var/lib/mock/alma+epel-8-x86_64/root/sys'] with env {'TERM': 'vt100', 'SHELL': '/bin/sh', 'HOME': '/builddir', 'HOSTNAME': 'mock', 'PATH': '/usr/bin:/bin:/usr/sbin:/sbin', 'LANG': 'C.UTF-8'} and shell False
DEBUG util.py:688:  Child return code was: 0
DEBUG util.py:717:  child environment: None
DEBUG util.py:636:  Executing command: ['/bin/umount', '-n', '-l', '/var/lib/mock/alma+epel-8-x86_64/root/proc'] with env {'TERM': 'vt100', 'SHELL': '/bin/sh', 'HOME': '/builddir', 'HOSTNAME': 'mock', 'PATH': '/usr/bin:/bin:/usr/sbin:/sbin', 'LANG': 'C.UTF-8'} and shell False
DEBUG util.py:688:  Child return code was: 0
DEBUG util.py:717:  child environment: None
DEBUG util.py:636:  Executing command: ['/bin/umount', '-n', '-l', '/var/lib/mock/alma+epel-8-x86_64/root/proc'] with env {'TERM': 'vt100', 'SHELL': '/bin/sh', 'HOME': '/builddir', 'HOSTNAME': 'mock', 'PATH': '/usr/bin:/bin:/usr/sbin:/sbin', 'LANG': 'C.UTF-8'} and shell False
DEBUG util.py:688:  Child return code was: 0
DEBUG buildroot.py:723:  removing 3 rpm db files
DEBUG buildroot.py:728:  nuke_rpm_db: removing /var/lib/mock/alma+epel-8-x86_64/root/var/lib/rpm/__db.001
DEBUG buildroot.py:728:  nuke_rpm_db: removing /var/lib/mock/alma+epel-8-x86_64/root/var/lib/rpm/__db.002
DEBUG buildroot.py:728:  nuke_rpm_db: removing /var/lib/mock/alma+epel-8-x86_64/root/var/lib/rpm/__db.003
DEBUG file_util.py:17:  ensuring that dir exists: /var/lib/mock/alma+epel-8-x86_64-bootstrap/root/var/lib/mock/alma+epel-8-x86_64/root
DEBUG util.py:717:  child environment: None
DEBUG util.py:636:  Executing command: ['/bin/mount', '-n', '-t', 'tmpfs', '-o', 'private,mode=0755', 'tmpfs', '/var/lib/mock/alma+epel-8-x86_64-bootstrap/root/var/lib/mock/alma+epel-8-x86_64/root'] with env {'TERM': 'vt100', 'SHELL': '/bin/sh', 'HOME': '/builddir', 'HOSTNAME': 'mock', 'PATH': '/usr/bin:/bin:/usr/sbin:/sbin', 'LANG': 'C.UTF-8'} and shell False
DEBUG util.py:688:  Child return code was: 0
DEBUG file_util.py:17:  ensuring that dir exists: /var/lib/mock/alma+epel-8-x86_64-bootstrap/root/var/lib/mock/alma+epel-8-x86_64/root
DEBUG util.py:717:  child environment: None
DEBUG util.py:636:  Executing command: ['/bin/mount', '-n', '-o', 'rbind', '/var/lib/mock/alma+epel-8-x86_64/root', '/var/lib/mock/alma+epel-8-x86_64-bootstrap/root/var/lib/mock/alma+epel-8-x86_64/root'] with env {'TERM': 'vt100', 'SHELL': '/bin/sh', 'HOME': '/builddir', 'HOSTNAME': 'mock', 'PATH': '/usr/bin:/bin:/usr/sbin:/sbin', 'LANG': 'C.UTF-8'} and shell False
DEBUG util.py:688:  Child return code was: 0
DEBUG util.py:717:  child environment: None
DEBUG util.py:636:  Executing command: ['/bin/mount', '-n', '-o', 'remount,private,rbind', '--target', '/var/lib/mock/alma+epel-8-x86_64-bootstrap/root/var/lib/mock/alma+epel-8-x86_64/root'] with env {'TERM': 'vt100', 'SHELL': '/bin/sh', 'HOME': '/builddir', 'HOSTNAME': 'mock', 'PATH': '/usr/bin:/bin:/usr/sbin:/sbin', 'LANG': 'C.UTF-8'} and shell False
DEBUG util.py:688:  Child return code was: 0
DEBUG util.py:717:  child environment: None
DEBUG util.py:631:  Using nspawn with args ['--capability=cap_ipc_lock', '--resolv-conf=off']
DEBUG util.py:636:  Executing command: ['/usr/bin/systemd-nspawn', '-q', '-M', '3076ded4a0a04e8f8475133bed016036', '-D', '/var/lib/mock/alma+epel-8-x86_64-bootstrap/root', '-a', '--capability=cap_ipc_lock', '--resolv-conf=off', '--setenv=TERM=vt100', '--setenv=SHELL=/bin/bash', '--setenv=HOME=/builddir', '--setenv=HOSTNAME=mock', '--setenv=PATH=/usr/bin:/bin:/usr/sbin:/sbin', '--setenv=PROMPT_COMMAND=printf "\\033]0;<mock-chroot>\\007"', '--setenv=PS1=<mock-chroot> \\s-\\v\\$ ', '--setenv=LANG=C.UTF-8', '/bin/rpm', '-qa', '--root', '/var/lib/mock/alma+epel-8-x86_64/root'] with env {'TERM': 'vt100', 'SHELL': '/bin/bash', 'HOME': '/builddir', 'HOSTNAME': 'mock', 'PATH': '/usr/bin:/bin:/usr/sbin:/sbin', 'PROMPT_COMMAND': 'printf "\\033]0;<mock-chroot>\\007"', 'PS1': '<mock-chroot> \\s-\\v\\$ ', 'LANG': 'C.UTF-8', 'SYSTEMD_NSPAWN_TMPFS_TMP': '0', 'SYSTEMD_SECCOMP': '0'} and shell False
DEBUG util.py:537:  perl-IO-Zlib-1.10-423.el8_10.1.noarch
DEBUG util.py:537:  gpg-pubkey-ced7258b-6525146f
DEBUG util.py:537:  perl-Math-BigInt-1.9998.11-7.el8.noarch
DEBUG util.py:537:  libgcc-8.5.0-28.el8_10.alma.1.x86_64
DEBUG util.py:537:  perl-Math-BigRat-0.2614-1.el8.noarch
DEBUG util.py:537:  crypto-policies-20230731-1.git3177e06.el8.noarch
DEBUG util.py:537:  perl-CPAN-Meta-2.150010-396.el8.noarch
DEBUG util.py:537:  python3-setuptools-wheel-39.2.0-9.el8_10.noarch
DEBUG util.py:537:  perl-ExtUtils-Command-7.34-1.el8.noarch
DEBUG util.py:537:  almalinux-release-8.10-1.el8.x86_64
DEBUG util.py:537:  perl-ExtUtils-Install-2.14-4.el8.noarch
DEBUG util.py:537:  filesystem-3.8-6.el8.x86_64
DEBUG util.py:537:  perl-ExtUtils-Embed-1.34-423.el8_10.1.noarch
DEBUG util.py:537:  python3-rpm-macros-3-45.el8.noarch
DEBUG util.py:537:  perl-Locale-Maketext-Simple-0.21-423.el8_10.1.noarch
DEBUG util.py:537:  ansible-srpm-macros-1-12.el8.noarch
DEBUG util.py:537:  perl-Module-Load-Conditional-0.68-395.el8.noarch
DEBUG util.py:537:  qt5-srpm-macros-5.15.3-1.el8.noarch
DEBUG util.py:537:  perl-Pod-Html-1.22.02-423.el8_10.1.noarch
DEBUG util.py:537:  openblas-srpm-macros-2-2.el8.noarch
DEBUG util.py:537:  perl-Data-OptList-0.110-6.el8.noarch
DEBUG util.py:537:  go-srpm-macros-2-17.el8.noarch
DEBUG util.py:537:  perl-libnetcfg-5.26.3-423.el8_10.1.noarch
DEBUG util.py:537:  tzdata-2026c-1.el8_10.noarch
DEBUG util.py:537:  perl-Encode-devel-2.97-3.el8.x86_64
DEBUG util.py:537:  pkgconf-m4-1.4.2-1.el8.noarch
DEBUG util.py:537:  perl-Math-BigInt-FastCalc-0.500.600-6.el8.x86_64
DEBUG util.py:537:  pcre2-10.32-3.el8_6.x86_64
DEBUG util.py:537:  perl-Filter-Simple-0.94-2.el8.noarch
DEBUG util.py:537:  glibc-all-langpacks-2.28-251.el8_10.40.x86_64
DEBUG util.py:537:  perl-Archive-Zip-1.60-3.el8.noarch
DEBUG util.py:537:  glibc-gconv-extra-2.28-251.el8_10.40.x86_64
DEBUG util.py:537:  perl-experimental-0.019-2.el8.noarch
DEBUG util.py:537:  glibc-2.28-251.el8_10.40.x86_64
DEBUG util.py:537:  perl-Text-Diff-1.45-2.el8.noarch
DEBUG util.py:537:  libsepol-2.9-3.el8.x86_64
DEBUG util.py:537:  perl-Attribute-Handlers-0.99-423.el8_10.1.noarch
DEBUG util.py:537:  info-6.5-7.el8.x86_64
DEBUG util.py:537:  perl-Compress-Bzip2-2.26-6.el8.x86_64
DEBUG util.py:537:  xz-libs-5.2.4-4.el8_6.x86_64
DEBUG util.py:537:  perl-DB_File-1.842-1.el8.x86_64
DEBUG util.py:537:  libacl-2.4.0-1.el8_10.x86_64
DEBUG util.py:537:  perl-Devel-Size-0.81-2.el8.x86_64
DEBUG util.py:537:  libxcrypt-4.1.1-6.el8.x86_64
DEBUG util.py:537:  perl-ExtUtils-MM-Utils-7.34-1.el8.noarch
DEBUG util.py:537:  elfutils-libelf-0.190-2.el8.alma.1.x86_64
DEBUG util.py:537:  perl-ExtUtils-CBuilder-0.280230-2.el8.noarch
DEBUG util.py:537:  readline-7.0-10.el8.x86_64
DEBUG util.py:537:  perl-IPC-SysV-2.07-397.el8.x86_64
DEBUG util.py:537:  libcap-2.48-6.el8_10.1.x86_64
DEBUG util.py:537:  perl-autodie-2.29-396.el8.noarch
DEBUG util.py:537:  sed-4.5-5.el8_10.x86_64
DEBUG util.py:537:  perl-Memoize-1.03-423.el8_10.1.noarch
DEBUG util.py:537:  libuuid-2.32.1-48.el8_10.x86_64
DEBUG util.py:537:  perl-Package-Generator-1.106-11.el8.noarch
DEBUG util.py:537:  libunistring-0.9.9-3.el8.x86_64
DEBUG util.py:537:  perl-Pod-Checker-1.73-395.el8.noarch
DEBUG util.py:537:  libgpg-error-1.31-1.el8.x86_64
DEBUG util.py:537:  perl-Sys-Syslog-0.35-397.el8.x86_64
DEBUG util.py:537:  p11-kit-0.23.22-2.el8.x86_64
DEBUG util.py:537:  perl-Test-Simple-1.302135-1.el8.noarch
DEBUG util.py:537:  libmpc-1.1.0-9.1.el8.x86_64
DEBUG util.py:537:  perl-Text-Template-1.51-1.el8.noarch
DEBUG util.py:537:  libattr-2.6.0-1.el8_10.x86_64
DEBUG util.py:537:  perl-Unicode-Collate-1.25-2.el8.x86_64
DEBUG util.py:537:  libgcrypt-1.8.5-8.el8_10.x86_64
DEBUG util.py:537:  perl-utils-5.26.3-423.el8_10.1.noarch
DEBUG util.py:537:  findutils-4.6.0-24.el8_10.x86_64
DEBUG util.py:537:  perl-File-Which-1.22-2.el8.noarch
DEBUG util.py:537:  elfutils-libs-0.190-2.el8.alma.1.x86_64
DEBUG util.py:537:  perl-Devel-Peek-1.26-423.el8_10.1.x86_64
DEBUG util.py:537:  gdbm-libs-1.18-2.el8.x86_64
DEBUG util.py:537:  perl-Data-Section-0.200007-3.el8.noarch
DEBUG util.py:537:  libcap-ng-0.7.11-1.el8.x86_64
DEBUG util.py:537:  perl-Module-Build-0.42.24-5.el8.noarch
DEBUG util.py:537:  libtasn1-4.13-6.el8_10.x86_64
DEBUG util.py:537:  perl-perlfaq-5.20180605-1.el8.noarch
DEBUG util.py:537:  lz4-libs-1.8.3-5.el8_10.x86_64
DEBUG util.py:537:  perl-5.26.3-423.el8_10.1.x86_64
DEBUG util.py:537:  grep-3.1-6.el8.x86_64
DEBUG util.py:537:  device-mapper-1.02.181-15.el8_10.3.x86_64
DEBUG util.py:537:  libsemanage-2.9-12.el8_10.x86_64
DEBUG util.py:537:  cryptsetup-libs-2.3.7-7.el8.x86_64
DEBUG util.py:537:  elfutils-0.190-2.el8.alma.1.x86_64
DEBUG util.py:537:  dbus-daemon-1.12.8-28.el8_10.x86_64
DEBUG util.py:537:  patch-2.7.6-11.el8.x86_64
DEBUG util.py:537:  systemd-239-82.el8_10.19.x86_64
DEBUG util.py:537:  libpsl-0.20.2-6.el8.x86_64
DEBUG util.py:537:  epel-rpm-macros-systemd-8-43.noarch
DEBUG util.py:537:  libksba-1.3.5-9.el8_7.x86_64
DEBUG util.py:537:  modsecurity-3.0.16-1.el8.x86_64
DEBUG util.py:537:  libstdc++-devel-8.5.0-28.el8_10.alma.1.x86_64
DEBUG util.py:537:  tar-1.30-11.el8_10.x86_64
DEBUG util.py:537:  gnutls-3.6.16-8.el8_10.6.x86_64
DEBUG util.py:537:  libxml2-2.9.7-21.el8_10.7.x86_64
DEBUG util.py:537:  coreutils-common-8.30-20.el8_10.x86_64
DEBUG util.py:537:  libgomp-8.5.0-28.el8_10.alma.1.x86_64
DEBUG util.py:537:  cpio-2.12-11.el8.x86_64
DEBUG util.py:537:  libpkgconf-1.4.2-1.el8.x86_64
DEBUG util.py:537:  pkgconf-pkg-config-1.4.2-1.el8.x86_64
DEBUG util.py:537:  gawk-4.2.1-4.el8.x86_64
DEBUG util.py:537:  libtool-ltdl-2.4.6-25.el8.x86_64
DEBUG util.py:537:  ncurses-6.1-10.20180224.el8.x86_64
DEBUG util.py:537:  coreutils-8.30-20.el8_10.x86_64
DEBUG util.py:537:  libdb-5.3.28-42.el8_4.x86_64
DEBUG util.py:537:  libtirpc-1.1.4-12.el8_10.x86_64
DEBUG util.py:537:  libmount-2.32.1-48.el8_10.x86_64
DEBUG util.py:537:  libnsl2-1.2.0-2.20180605git4a062cf.el8.x86_64
DEBUG util.py:537:  platform-python-3.6.8-78.el8_10.alma.1.x86_64
DEBUG util.py:537:  binutils-2.30-128.el8_10.x86_64
DEBUG util.py:537:  cracklib-2.9.6-15.el8.x86_64
DEBUG util.py:537:  shadow-utils-4.6-23.el8_10.x86_64
DEBUG util.py:537:  tpm2-tss-2.3.2-6.el8.x86_64
DEBUG util.py:537:  libpwquality-1.4.4-6.el8.x86_64
DEBUG util.py:537:  libusbx-1.0.30-1.el8_10.x86_64
DEBUG util.py:537:  libbabeltrace-1.5.4-4.el8.x86_64
DEBUG util.py:537:  cyrus-sasl-lib-2.1.27-6.el8_5.x86_64
DEBUG util.py:537:  libdb-utils-5.3.28-42.el8_4.x86_64
DEBUG util.py:537:  npth-1.5-4.el8.x86_64
DEBUG util.py:537:  libatomic_ops-7.6.2-3.el8.x86_64
DEBUG util.py:537:  guile-2.0.14-7.el8.x86_64
DEBUG util.py:537:  libssh-config-0.9.6-17.el8_10.noarch
DEBUG util.py:537:  libcurl-7.61.1-34.el8_10.13.x86_64
DEBUG util.py:537:  rpm-libs-4.14.3-32.el8_10.x86_64
DEBUG util.py:537:  efi-srpm-macros-3-3.el8.noarch
DEBUG util.py:537:  rpm-build-libs-4.14.3-32.el8_10.x86_64
DEBUG util.py:537:  kernel-headers-4.18.0-553.164.1.el8_10.x86_64
DEBUG util.py:537:  glibc-devel-2.28-251.el8_10.40.x86_64
DEBUG util.py:537:  gcc-8.5.0-28.el8_10.alma.1.x86_64
DEBUG util.py:537:  gcc-plugin-annobin-8.5.0-28.el8_10.alma.1.x86_64
DEBUG util.py:537:  rpm-build-4.14.3-32.el8_10.x86_64
DEBUG util.py:537:  epel-rpm-macros-8-43.noarch
DEBUG util.py:537:  which-2.21-21.el8_10.x86_64
DEBUG util.py:537:  dbus-libs-1.12.8-28.el8_10.x86_64
DEBUG util.py:537:  yajl-2.1.0-12.el8.x86_64
DEBUG util.py:537:  python3-pyparsing-2.1.10-7.el8.noarch
DEBUG util.py:537:  pcre2-utf32-10.32-3.el8_6.x86_64
DEBUG util.py:537:  pcre2-devel-10.32-3.el8_6.x86_64
DEBUG util.py:537:  lmdb-libs-0.9.24-2.el8.x86_64
DEBUG util.py:537:  libsepol-devel-2.9-3.el8.x86_64
DEBUG util.py:537:  libseccomp-2.5.2-1.el8.x86_64
DEBUG util.py:537:  libcom_err-devel-1.45.6-7.el8_10.x86_64
DEBUG util.py:537:  keyutils-libs-devel-1.5.10-9.el8.x86_64
DEBUG util.py:537:  json-c-0.13.1-3.el8.x86_64
DEBUG util.py:537:  perl-Digest-1.17-395.el8.noarch
DEBUG util.py:537:  perl-Data-Dumper-2.167-399.el8.x86_64
DEBUG util.py:537:  perl-URI-1.73-3.el8.noarch
DEBUG util.py:537:  perl-IO-Socket-IP-0.39-5.el8.noarch
DEBUG util.py:537:  perl-Mozilla-CA-20160104-7.module_el8.5.0+2812+ed912d05.noarch
DEBUG util.py:537:  perl-Net-SSLeay-1.88-2.module_el8.6.0+2811+fe6c84b0.x86_64
DEBUG util.py:537:  perl-Term-Cap-1.17-395.el8.noarch
DEBUG util.py:537:  perl-HTTP-Tiny-0.074-3.el8.noarch
DEBUG util.py:537:  perl-podlators-4.11-1.el8.noarch
DEBUG util.py:537:  perl-Text-ParseWords-3.30-395.el8.noarch
DEBUG util.py:537:  perl-MIME-Base64-3.15-396.el8.x86_64
DEBUG util.py:537:  perl-Getopt-Long-2.50-4.el8.noarch
DEBUG util.py:537:  perl-Socket-2.027-3.el8.x86_64
DEBUG util.py:537:  perl-Carp-1.42-396.el8.noarch
DEBUG util.py:537:  perl-libs-5.26.3-423.el8_10.1.x86_64
DEBUG util.py:537:  perl-parent-0.237-1.el8.noarch
DEBUG util.py:537:  perl-Text-Tabs+Wrap-2013.0523-395.el8.noarch
DEBUG util.py:537:  perl-File-Path-2.15-2.el8.noarch
DEBUG util.py:537:  perl-PathTools-3.74-1.el8.x86_64
DEBUG util.py:537:  perl-threads-2.21-2.el8.x86_64
DEBUG util.py:537:  perl-interpreter-5.26.3-423.el8_10.1.x86_64
DEBUG util.py:537:  perl-Time-HiRes-1.9758-2.el8.x86_64
DEBUG util.py:537:  perl-ExtUtils-Manifest-1.70-395.el8.noarch
DEBUG util.py:537:  perl-Test-Harness-3.42-1.el8.noarch
DEBUG util.py:537:  perl-Module-Metadata-1.000033-395.el8.noarch
DEBUG util.py:537:  perl-Filter-1.58-2.el8.x86_64
DEBUG util.py:537:  perl-Module-Load-0.32-395.el8.noarch
DEBUG util.py:537:  perl-Text-Balanced-2.03-395.el8.noarch
DEBUG util.py:537:  perl-Net-Ping-2.55-423.el8_10.1.noarch
DEBUG util.py:537:  perl-IO-Compress-2.081-2.el8_10.noarch
DEBUG util.py:537:  gpg-pubkey-3abb34f8-5ffd890e
DEBUG util.py:537:  perl-Math-Complex-1.59-423.el8_10.1.noarch
DEBUG util.py:537:  gpg-pubkey-2f86d6a1-5cf7cefb
DEBUG util.py:537:  perl-JSON-PP-2.97.001-3.el8.noarch
DEBUG util.py:537:  python-srpm-macros-3-45.el8.noarch
DEBUG util.py:537:  perl-CPAN-Meta-YAML-0.018-397.el8.noarch
DEBUG util.py:537:  python-rpm-macros-3-45.el8.noarch
DEBUG util.py:537:  perl-Digest-SHA-6.02-1.el8.x86_64
DEBUG util.py:537:  python3-pip-wheel-9.0.3-24.el8.noarch
DEBUG util.py:537:  perl-devel-5.26.3-423.el8_10.1.x86_64
DEBUG util.py:537:  setup-2.12.2-9.el8.noarch
DEBUG util.py:537:  perl-ExtUtils-MakeMaker-7.34-1.el8.noarch
DEBUG util.py:537:  basesystem-11-5.el8.noarch
DEBUG util.py:537:  perl-Locale-Maketext-1.28-396.el8.noarch
DEBUG util.py:537:  fpc-srpm-macros-1.3-1.el8.noarch
DEBUG util.py:537:  perl-Params-Check-0.38-395.el8.noarch
DEBUG util.py:537:  rust-srpm-macros-5-2.el8.noarch
DEBUG util.py:537:  perl-Params-Util-1.07-22.el8.x86_64
DEBUG util.py:537:  perl-srpm-macros-1-25.el8.noarch
DEBUG util.py:537:  perl-Sub-Install-0.928-14.el8.noarch
DEBUG util.py:537:  ocaml-srpm-macros-5-4.el8.noarch
DEBUG util.py:537:  perl-ExtUtils-Miniperl-1.06-423.el8_10.1.noarch
DEBUG util.py:537:  ghc-srpm-macros-1.4.2-7.el8.noarch
DEBUG util.py:537:  perl-inc-latest-0.500-9.el8.noarch
DEBUG util.py:537:  publicsuffix-list-dafsa-20180723-1.el8.noarch
DEBUG util.py:537:  perl-bignum-0.49-2.el8.noarch
DEBUG util.py:537:  ncurses-base-6.1-10.20180224.el8.noarch
DEBUG util.py:537:  perl-open-1.11-423.el8_10.1.noarch
DEBUG util.py:537:  libselinux-2.9-11.el8_10.x86_64
DEBUG util.py:537:  perl-Devel-SelfStubber-1.06-423.el8_10.1.noarch
DEBUG util.py:537:  ncurses-libs-6.1-10.20180224.el8.x86_64
DEBUG util.py:537:  perl-Module-CoreList-tools-5.20181130-1.el8.noarch
DEBUG util.py:537:  glibc-common-2.28-251.el8_10.40.x86_64
DEBUG util.py:537:  perl-Algorithm-Diff-1.1903-9.el8.noarch
DEBUG util.py:537:  bash-4.4.20-6.el8_10.x86_64
DEBUG util.py:537:  perl-Archive-Tar-2.30-3.el8_10.noarch
DEBUG util.py:537:  zlib-1.2.11-25.el8.x86_64
DEBUG util.py:537:  perl-B-Debug-1.26-2.el8.noarch
DEBUG util.py:537:  bzip2-libs-1.0.6-28.el8_10.x86_64
DEBUG util.py:537:  perl-Config-Perl-V-0.30-1.el8.noarch
DEBUG util.py:537:  gmp-6.1.2-11.el8.x86_64
DEBUG util.py:537:  perl-Devel-PPPort-3.36-5.el8.x86_64
DEBUG util.py:537:  libstdc++-8.5.0-28.el8_10.alma.1.x86_64
DEBUG util.py:537:  perl-Env-1.04-395.el8.noarch
DEBUG util.py:537:  libzstd-1.4.4-1.el8.x86_64
DEBUG util.py:537:  perl-IPC-Cmd-1.02-1.el8.noarch
DEBUG util.py:537:  mpfr-3.1.6-1.el8.x86_64
DEBUG util.py:537:  perl-File-Fetch-0.56-2.el8.noarch
DEBUG util.py:537:  sqlite-libs-3.26.0-21.el8_10.x86_64
DEBUG util.py:537:  perl-IPC-System-Simple-1.25-17.el8.noarch
DEBUG util.py:537:  popt-1.18-1.el8.x86_64
DEBUG util.py:537:  perl-Locale-Codes-3.57-1.el8.noarch
DEBUG util.py:537:  libcom_err-1.45.6-7.el8_10.x86_64
DEBUG util.py:537:  perl-Module-Loaded-0.08-423.el8_10.1.noarch
DEBUG util.py:537:  chkconfig-1.19.2-1.el8.x86_64
DEBUG util.py:537:  perl-Sub-Exporter-0.987-15.el8.noarch
DEBUG util.py:537:  libffi-3.1-24.el8.x86_64
DEBUG util.py:537:  perl-Pod-Parser-1.63-396.el8.noarch
DEBUG util.py:537:  lua-libs-5.3.4-12.el8.x86_64
DEBUG util.py:537:  perl-Test-1.30-423.el8_10.1.noarch
DEBUG util.py:537:  libidn2-2.2.0-1.el8.x86_64
DEBUG util.py:537:  perl-Text-Glob-0.11-4.el8.noarch
DEBUG util.py:537:  file-libs-5.33-27.el8_10.x86_64
DEBUG util.py:537:  perl-Time-Piece-1.31-423.el8_10.1.x86_64
DEBUG util.py:537:  file-5.33-27.el8_10.x86_64
DEBUG util.py:537:  perl-local-lib-2.000024-2.el8.noarch
DEBUG util.py:537:  unzip-6.0-48.el8_10.x86_64
DEBUG util.py:537:  perl-Thread-Queue-3.13-1.el8.noarch
DEBUG util.py:537:  elfutils-default-yama-scope-0.190-2.el8.alma.1.noarch
DEBUG util.py:537:  perl-File-HomeDir-1.002-4.el8.noarch
DEBUG util.py:537:  expat-2.5.0-2.el8_10.2.x86_64
DEBUG util.py:537:  perl-MRO-Compat-0.13-4.el8.noarch
DEBUG util.py:537:  keyutils-libs-1.5.10-9.el8.x86_64
DEBUG util.py:537:  perl-Software-License-0.103013-2.el8.noarch
DEBUG util.py:537:  audit-libs-3.1.2-1.el8_10.1.x86_64
DEBUG util.py:537:  perl-PerlIO-via-QuotedPrint-0.08-395.el8.noarch
DEBUG util.py:537:  p11-kit-trust-0.23.22-2.el8.x86_64
DEBUG util.py:537:  perl-CPAN-2.18-402.el8_10.noarch
DEBUG util.py:537:  pcre-8.42-6.el8.x86_64
DEBUG util.py:537:  acl-2.4.0-1.el8_10.x86_64
DEBUG util.py:537:  xz-5.2.4-4.el8_6.x86_64
DEBUG util.py:537:  device-mapper-libs-1.02.181-15.el8_10.3.x86_64
DEBUG util.py:537:  gdbm-1.18-2.el8.x86_64
DEBUG util.py:537:  dbus-common-1.12.8-28.el8_10.noarch
DEBUG util.py:537:  zip-3.0-23.el8.x86_64
DEBUG util.py:537:  systemd-pam-239-82.el8_10.19.x86_64
DEBUG util.py:537:  cpp-8.5.0-28.el8_10.alma.1.x86_64
DEBUG util.py:537:  dbus-1.12.8-28.el8_10.x86_64
DEBUG util.py:537:  libassuan-2.5.1-3.el8.x86_64
DEBUG util.py:537:  openssl-devel-1.1.1k-17.el8_6.x86_64
DEBUG util.py:537:  dwz-0.12-10.el8.x86_64
DEBUG util.py:537:  libzstd-devel-1.4.4-1.el8.x86_64
DEBUG util.py:537:  zstd-1.4.4-1.el8.x86_64
DEBUG util.py:537:  nettle-3.4.1-7.el8.x86_64
DEBUG util.py:537:  isl-0.16.1-6.el8.x86_64
DEBUG util.py:537:  bzip2-1.0.6-28.el8_10.x86_64
DEBUG util.py:537:  diffutils-3.6-6.el8.x86_64
DEBUG util.py:537:  brotli-1.0.6-4.el8_10.x86_64
DEBUG util.py:537:  libnghttp2-1.33.0-6.el8_10.3.x86_64
DEBUG util.py:537:  pkgconf-1.4.2-1.el8.x86_64
DEBUG util.py:537:  libsigsegv-2.11-5.el8.x86_64
DEBUG util.py:537:  libsmartcols-2.32.1-48.el8_10.x86_64
DEBUG util.py:537:  libverto-0.3.2-2.el8.x86_64
DEBUG util.py:537:  openssl-libs-1.1.1k-17.el8_6.x86_64
DEBUG util.py:537:  ca-certificates-2025.2.80_v9.0.304-80.2.el8_10.noarch
DEBUG util.py:537:  krb5-libs-1.18.2-34.el8_10.x86_64
DEBUG util.py:537:  libblkid-2.32.1-48.el8_10.x86_64
DEBUG util.py:537:  systemd-libs-239-82.el8_10.19.x86_64
DEBUG util.py:537:  platform-python-setuptools-39.2.0-9.el8_10.noarch
DEBUG util.py:537:  python3-libs-3.6.8-78.el8_10.alma.1.x86_64
DEBUG util.py:537:  gzip-1.9-15.el8_10.x86_64
DEBUG util.py:537:  cracklib-dicts-2.9.6-15.el8.x86_64
DEBUG util.py:537:  libutempter-1.1.6-14.el8.x86_64
DEBUG util.py:537:  ima-evm-utils-1.3.2-12.el8.x86_64
DEBUG util.py:537:  pam-1.3.1-40.el8_10.x86_64
DEBUG util.py:537:  glib2-2.56.4-178.el8_10.x86_64
DEBUG util.py:537:  libfdisk-2.32.1-48.el8_10.x86_64
DEBUG util.py:537:  openldap-2.4.46-21.el8_10.x86_64
DEBUG util.py:537:  libarchive-3.3.3-7.el8_10.x86_64
DEBUG util.py:537:  gnupg2-2.2.20-4.el8_10.x86_64
DEBUG util.py:537:  gc-7.6.4-3.el8.x86_64
DEBUG util.py:537:  libipt-1.6.1-8.el8.x86_64
DEBUG util.py:537:  libssh-0.9.6-17.el8_10.x86_64
DEBUG util.py:537:  curl-7.61.1-34.el8_10.13.x86_64
DEBUG util.py:537:  rpm-4.14.3-32.el8_10.x86_64
DEBUG util.py:537:  lua-srpm-macros-1-13.el8.noarch
DEBUG util.py:537:  gdb-headless-8.2-20.el8.x86_64
DEBUG util.py:537:  glibc-headers-2.28-251.el8_10.40.x86_64
DEBUG util.py:537:  libxcrypt-devel-4.1.1-6.el8.x86_64
DEBUG util.py:537:  annobin-13.27-1.el8_10.x86_64
DEBUG util.py:537:  redhat-rpm-config-131-1.el8.alma.noarch
DEBUG util.py:537:  gcc-c++-8.5.0-28.el8_10.alma.1.x86_64
DEBUG util.py:537:  util-linux-2.32.1-48.el8_10.x86_64
DEBUG util.py:537:  make-4.2.1-11.el8.x86_64
DEBUG util.py:537:  dbus-tools-1.12.8-28.el8_10.x86_64
DEBUG util.py:537:  zlib-devel-1.2.11-25.el8.x86_64
DEBUG util.py:537:  systemtap-sdt-devel-4.9-3.el8.x86_64
DEBUG util.py:537:  pcre2-utf16-10.32-3.el8_6.x86_64
DEBUG util.py:537:  openssl-1.1.1k-17.el8_6.x86_64
DEBUG util.py:537:  libverto-devel-0.3.2-2.el8.x86_64
DEBUG util.py:537:  libselinux-devel-2.9-11.el8_10.x86_64
DEBUG util.py:537:  libkadm5-1.18.2-34.el8_10.x86_64
DEBUG util.py:537:  kmod-libs-25-20.el8.x86_64
DEBUG util.py:537:  krb5-devel-1.18.2-34.el8_10.x86_64
DEBUG util.py:537:  groff-base-1.22.3-18.el8.x86_64
DEBUG util.py:537:  perl-Digest-MD5-2.55-396.el8.x86_64
DEBUG util.py:537:  perl-libnet-3.11-3.el8.noarch
DEBUG util.py:537:  perl-Pod-Escapes-1.07-395.el8.noarch
DEBUG util.py:537:  perl-Time-Local-1.280-1.el8.noarch
DEBUG util.py:537:  perl-IO-Socket-SSL-2.066-4.module_el8.6.0+2811+fe6c84b0.noarch
DEBUG util.py:537:  perl-Term-ANSIColor-4.06-396.el8.noarch
DEBUG util.py:537:  perl-File-Temp-0.230.600-1.el8.noarch
DEBUG util.py:537:  perl-Pod-Simple-3.35-395.el8.noarch
DEBUG util.py:537:  perl-Pod-Perldoc-3.28-396.el8.noarch
DEBUG util.py:537:  perl-Pod-Usage-1.69-395.el8.noarch
DEBUG util.py:537:  perl-Storable-3.11-3.el8.x86_64
DEBUG util.py:537:  perl-Errno-1.28-423.el8_10.1.x86_64
DEBUG util.py:537:  perl-Encode-2.97-3.el8.x86_64
DEBUG util.py:537:  perl-Exporter-5.72-396.el8.noarch
DEBUG util.py:537:  perl-Scalar-List-Utils-1.49-2.el8.x86_64
DEBUG util.py:537:  perl-macros-5.26.3-423.el8_10.1.x86_64
DEBUG util.py:537:  perl-Unicode-Normalize-1.25-396.el8.x86_64
DEBUG util.py:537:  perl-IO-1.38-423.el8_10.1.x86_64
DEBUG util.py:537:  perl-constant-1.33-396.el8.noarch
DEBUG util.py:537:  perl-threads-shared-1.58-2.el8.x86_64
DEBUG util.py:537:  perl-version-0.99.24-1.el8.x86_64
DEBUG util.py:537:  perl-CPAN-Meta-Requirements-2.140-396.el8.noarch
DEBUG util.py:537:  perl-ExtUtils-ParseXS-3.35-2.el8.noarch
DEBUG util.py:537:  perl-Module-CoreList-5.20181130-1.el8.noarch
DEBUG util.py:537:  perl-Compress-Raw-Zlib-2.081-1.el8.x86_64
DEBUG util.py:537:  perl-SelfLoader-1.23-423.el8_10.1.noarch
DEBUG util.py:537:  perl-Perl-OSType-1.010-396.el8.noarch
DEBUG util.py:537:  perl-encoding-2.22-3.el8.x86_64
DEBUG util.py:537:  perl-Compress-Raw-Bzip2-2.081-1.el8.x86_64
DEBUG util.py:688:  Child return code was: 0
DEBUG util.py:200:  kill orphans in chroot /var/lib/mock/alma+epel-8-x86_64/root
DEBUG util.py:200:  kill orphans in chroot /var/lib/mock/alma+epel-8-x86_64-bootstrap/root/var/lib/mock/alma+epel-8-x86_64/root
DEBUG util.py:717:  child environment: None
DEBUG util.py:636:  Executing command: ['/bin/umount', '-n', '-l', '/var/lib/mock/alma+epel-8-x86_64-bootstrap/root/var/lib/mock/alma+epel-8-x86_64/root'] with env {'TERM': 'vt100', 'SHELL': '/bin/sh', 'HOME': '/builddir', 'HOSTNAME': 'mock', 'PATH': '/usr/bin:/bin:/usr/sbin:/sbin', 'LANG': 'C.UTF-8'} and shell False
DEBUG util.py:688:  Child return code was: 0
DEBUG util.py:717:  child environment: None
DEBUG util.py:636:  Executing command: ['/bin/umount', '-n', '-l', '/var/lib/mock/alma+epel-8-x86_64-bootstrap/root/var/lib/mock/alma+epel-8-x86_64/root'] with env {'TERM': 'vt100', 'SHELL': '/bin/sh', 'HOME': '/builddir', 'HOSTNAME': 'mock', 'PATH': '/usr/bin:/bin:/usr/sbin:/sbin', 'LANG': 'C.UTF-8'} and shell False
DEBUG util.py:688:  Child return code was: 0
DEBUG file_util.py:17:  ensuring that dir exists: /var/lib/mock/alma+epel-8-x86_64-bootstrap/root/var/lib/mock/alma+epel-8-x86_64/root
DEBUG util.py:717:  child environment: None
DEBUG util.py:636:  Executing command: ['/bin/mount', '-n', '-t', 'tmpfs', '-o', 'private,mode=0755', 'tmpfs', '/var/lib/mock/alma+epel-8-x86_64-bootstrap/root/var/lib/mock/alma+epel-8-x86_64/root'] with env {'TERM': 'vt100', 'SHELL': '/bin/sh', 'HOME': '/builddir', 'HOSTNAME': 'mock', 'PATH': '/usr/bin:/bin:/usr/sbin:/sbin', 'LANG': 'C.UTF-8'} and shell False
DEBUG util.py:688:  Child return code was: 0
DEBUG file_util.py:17:  ensuring that dir exists: /var/lib/mock/alma+epel-8-x86_64-bootstrap/root/var/lib/mock/alma+epel-8-x86_64/root
DEBUG util.py:717:  child environment: None
DEBUG util.py:636:  Executing command: ['/bin/mount', '-n', '-o', 'rbind', '/var/lib/mock/alma+epel-8-x86_64/root', '/var/lib/mock/alma+epel-8-x86_64-bootstrap/root/var/lib/mock/alma+epel-8-x86_64/root'] with env {'TERM': 'vt100', 'SHELL': '/bin/sh', 'HOME': '/builddir', 'HOSTNAME': 'mock', 'PATH': '/usr/bin:/bin:/usr/sbin:/sbin', 'LANG': 'C.UTF-8'} and shell False
DEBUG util.py:688:  Child return code was: 0
DEBUG util.py:717:  child environment: None
DEBUG util.py:636:  Executing command: ['/bin/mount', '-n', '-o', 'remount,private,rbind', '--target', '/var/lib/mock/alma+epel-8-x86_64-bootstrap/root/var/lib/mock/alma+epel-8-x86_64/root'] with env {'TERM': 'vt100', 'SHELL': '/bin/sh', 'HOME': '/builddir', 'HOSTNAME': 'mock', 'PATH': '/usr/bin:/bin:/usr/sbin:/sbin', 'LANG': 'C.UTF-8'} and shell False
DEBUG util.py:688:  Child return code was: 0
DEBUG util.py:717:  child environment: None
DEBUG util.py:631:  Using nspawn with args ['--capability=cap_ipc_lock', '--resolv-conf=off']
DEBUG util.py:636:  Executing command: ['/usr/bin/systemd-nspawn', '-q', '-M', 'ab31b12acc64429687688c3a16854072', '-D', '/var/lib/mock/alma+epel-8-x86_64-bootstrap/root', '-a', '--capability=cap_ipc_lock', '--resolv-conf=off', '--setenv=TERM=vt100', '--setenv=SHELL=/bin/bash', '--setenv=HOME=/builddir', '--setenv=HOSTNAME=mock', '--setenv=PATH=/usr/bin:/bin:/usr/sbin:/sbin', '--setenv=PROMPT_COMMAND=printf "\\033]0;<mock-chroot>\\007"', '--setenv=PS1=<mock-chroot> \\s-\\v\\$ ', '--setenv=LANG=C.UTF-8', '/bin/sh', '-c', "rpm -qa --root '/var/lib/mock/alma+epel-8-x86_64/root' --qf '%{nevra} %{buildtime} %{size} installed\\n'"] with env {'TERM': 'vt100', 'SHELL': '/bin/bash', 'HOME': '/builddir', 'HOSTNAME': 'mock', 'PATH': '/usr/bin:/bin:/usr/sbin:/sbin', 'PROMPT_COMMAND': 'printf "\\033]0;<mock-chroot>\\007"', 'PS1': '<mock-chroot> \\s-\\v\\$ ', 'LANG': 'C.UTF-8', 'SYSTEMD_NSPAWN_TMPFS_TMP': '0', 'SYSTEMD_SECCOMP': '0'} and shell False
DEBUG util.py:537:  perl-IO-Zlib-1:1.10-423.el8_10.1.noarch 1789371278 19748 installed
DEBUG util.py:537:  gpg-pubkey-ced7258b-6525146f 1696928879 0 installed
DEBUG util.py:537:  perl-Math-BigInt-1:1.9998.11-7.el8.noarch 1574148383 695154 installed
DEBUG util.py:537:  libgcc-8.5.0-28.el8_10.alma.1.x86_64 1756209600 190232 installed
DEBUG util.py:537:  perl-Math-BigRat-0.2614-1.el8.noarch 1570964245 105818 installed
DEBUG util.py:537:  crypto-policies-20230731-1.git3177e06.el8.noarch 1697342317 73739 installed
DEBUG util.py:537:  perl-CPAN-Meta-2.150010-396.el8.noarch 1570951323 610138 installed
DEBUG util.py:537:  python3-setuptools-wheel-39.2.0-9.el8_10.noarch 1752570848 345327 installed
DEBUG util.py:537:  perl-ExtUtils-Command-1:7.34-1.el8.noarch 1570956965 10101 installed
DEBUG util.py:537:  almalinux-release-8.10-1.el8.x86_64 1716389384 40011 installed
DEBUG util.py:537:  perl-ExtUtils-Install-2.14-4.el8.noarch 1570956872 87726 installed
DEBUG util.py:537:  filesystem-3.8-6.el8.x86_64 1633769510 0 installed
DEBUG util.py:537:  perl-ExtUtils-Embed-0:1.34-423.el8_10.1.noarch 1789371278 16876 installed
DEBUG util.py:537:  python3-rpm-macros-3-45.el8.noarch 1684241739 3714 installed
DEBUG util.py:537:  perl-Locale-Maketext-Simple-1:0.21-423.el8_10.1.noarch 1789371278 14015 installed
DEBUG util.py:537:  ansible-srpm-macros-1-12.el8.noarch 1707101462 36518 installed
DEBUG util.py:537:  perl-Module-Load-Conditional-0.68-395.el8.noarch 1570964824 29291 installed
DEBUG util.py:537:  qt5-srpm-macros-5.15.3-1.el8.noarch 1665240446 0 installed
DEBUG util.py:537:  perl-Pod-Html-0:1.22.02-423.el8_10.1.noarch 1789371278 36894 installed
DEBUG util.py:537:  openblas-srpm-macros-2-2.el8.noarch 1571258850 104 installed
DEBUG util.py:537:  perl-Data-OptList-0.110-6.el8.noarch 1570953483 49890 installed
DEBUG util.py:537:  go-srpm-macros-2-17.el8.noarch 1617893120 7342 installed
DEBUG util.py:537:  perl-libnetcfg-4:5.26.3-423.el8_10.1.noarch 1789371278 18236 installed
DEBUG util.py:537:  tzdata-2026c-1.el8_10.noarch 1786035184 1976397 installed
DEBUG util.py:537:  perl-Encode-devel-4:2.97-3.el8.x86_64 1570956379 57286 installed
DEBUG util.py:537:  pkgconf-m4-1.4.2-1.el8.noarch 1570949719 14187 installed
DEBUG util.py:537:  perl-Math-BigInt-FastCalc-0.500.600-6.el8.x86_64 1570965490 37419 installed
DEBUG util.py:537:  pcre2-10.32-3.el8_6.x86_64 1659456464 656742 installed
DEBUG util.py:537:  perl-Filter-Simple-0.94-2.el8.noarch 1570958771 52082 installed
DEBUG util.py:537:  glibc-all-langpacks-2.28-251.el8_10.40.x86_64 1784646418 436464832 installed
DEBUG util.py:537:  perl-Archive-Zip-1.60-3.el8.noarch 1573584106 260572 installed
DEBUG util.py:537:  glibc-gconv-extra-2.28-251.el8_10.40.x86_64 1784646418 6416038 installed
DEBUG util.py:537:  perl-experimental-0.019-2.el8.noarch 1570974957 30591 installed
DEBUG util.py:537:  glibc-2.28-251.el8_10.40.x86_64 1784646418 6880472 installed
DEBUG util.py:537:  perl-Text-Diff-1.45-2.el8.noarch 1570971609 85716 installed
DEBUG util.py:537:  libsepol-2.9-3.el8.x86_64 1633747466 761592 installed
DEBUG util.py:537:  perl-Attribute-Handlers-0:0.99-423.el8_10.1.noarch 1789371278 39302 installed
DEBUG util.py:537:  info-6.5-7.el8.x86_64 1650301777 386466 installed
DEBUG util.py:537:  perl-Compress-Bzip2-2.26-6.el8.x86_64 1570952680 150314 installed
DEBUG util.py:537:  xz-libs-5.2.4-4.el8_6.x86_64 1655211822 164967 installed
DEBUG util.py:537:  perl-DB_File-1.842-1.el8.x86_64 1570953439 185181 installed
DEBUG util.py:537:  libacl-2.4.0-1.el8_10.x86_64 1784718339 46112 installed
DEBUG util.py:537:  perl-Devel-Size-0.81-2.el8.x86_64 1570955269 42944 installed
DEBUG util.py:537:  libxcrypt-4.1.1-6.el8.x86_64 1633752252 185860 installed
DEBUG util.py:537:  perl-ExtUtils-MM-Utils-1:7.34-1.el8.noarch 1570956965 3226 installed
DEBUG util.py:537:  elfutils-libelf-0.190-2.el8.alma.1.x86_64 1756126628 1024034 installed
DEBUG util.py:537:  perl-ExtUtils-CBuilder-1:0.280230-2.el8.noarch 1571259789 98493 installed
DEBUG util.py:537:  readline-7.0-10.el8.x86_64 1570799624 466321 installed
DEBUG util.py:537:  perl-IPC-SysV-2.07-397.el8.x86_64 1570964081 76651 installed
DEBUG util.py:537:  libcap-2.48-6.el8_10.1.x86_64 1777926826 164965 installed
DEBUG util.py:537:  perl-autodie-2.29-396.el8.noarch 1570974702 215912 installed
DEBUG util.py:537:  sed-4.5-5.el8_10.x86_64 1776194598 764966 installed
DEBUG util.py:537:  perl-Memoize-0:1.03-423.el8_10.1.noarch 1789371278 83282 installed
DEBUG util.py:537:  libuuid-2.32.1-48.el8_10.x86_64 1770236304 35104 installed
DEBUG util.py:537:  perl-Package-Generator-1.106-11.el8.noarch 1570965992 31035 installed
DEBUG util.py:537:  libunistring-0.9.9-3.el8.x86_64 1570877206 1855932 installed
DEBUG util.py:537:  perl-Pod-Checker-4:1.73-395.el8.noarch 1570967196 50342 installed
DEBUG util.py:537:  libgpg-error-1.31-1.el8.x86_64 1570882847 902818 installed
DEBUG util.py:537:  perl-Sys-Syslog-0.35-397.el8.x86_64 1570971179 97651 installed
DEBUG util.py:537:  p11-kit-0.23.22-2.el8.x86_64 1712412985 1650594 installed
DEBUG util.py:537:  perl-Test-Simple-1:1.302135-1.el8.noarch 1570971193 1240970 installed
DEBUG util.py:537:  libmpc-1.1.0-9.1.el8.x86_64 1617859705 127085 installed
DEBUG util.py:537:  perl-Text-Template-1.51-1.el8.noarch 1570971863 113404 installed
DEBUG util.py:537:  libattr-2.6.0-1.el8_10.x86_64 1787058562 25716 installed
DEBUG util.py:537:  perl-Unicode-Collate-1.25-2.el8.x86_64 1570974239 4906536 installed
DEBUG util.py:537:  libgcrypt-1.8.5-8.el8_10.x86_64 1785291379 1269750 installed
DEBUG util.py:537:  perl-utils-0:5.26.3-423.el8_10.1.noarch 1789371278 127863 installed
DEBUG util.py:537:  findutils-1:4.6.0-24.el8_10.x86_64 1766069842 1768980 installed
DEBUG util.py:537:  perl-File-Which-1.22-2.el8.noarch 1570958518 24717 installed
DEBUG util.py:537:  elfutils-libs-0.190-2.el8.alma.1.x86_64 1756126628 738263 installed
DEBUG util.py:537:  perl-Devel-Peek-0:1.26-423.el8_10.1.x86_64 1789371166 45647 installed
DEBUG util.py:537:  gdbm-libs-1:1.18-2.el8.x86_64 1665235333 118448 installed
DEBUG util.py:537:  perl-Data-Section-0.200007-3.el8.noarch 1571066871 43062 installed
DEBUG util.py:537:  libcap-ng-0.7.11-1.el8.x86_64 1633740976 51470 installed
DEBUG util.py:537:  perl-Module-Build-2:0.42.24-5.el8.noarch 1570964375 669576 installed
DEBUG util.py:537:  libtasn1-4.13-6.el8_10.x86_64 1783523142 165309 installed
DEBUG util.py:537:  perl-perlfaq-5.20180605-1.el8.noarch 1570975873 742251 installed
DEBUG util.py:537:  lz4-libs-1.8.3-5.el8_10.x86_64 1752571479 121151 installed
DEBUG util.py:537:  perl-4:5.26.3-423.el8_10.1.x86_64 1789371166 0 installed
DEBUG util.py:537:  grep-3.1-6.el8.x86_64 1570806983 835205 installed
DEBUG util.py:537:  device-mapper-8:1.02.181-15.el8_10.3.x86_64 1769153477 357932 installed
DEBUG util.py:537:  libsemanage-2.9-12.el8_10.x86_64 1748916414 312384 installed
DEBUG util.py:537:  cryptsetup-libs-2.3.7-7.el8.x86_64 1697341858 2145935 installed
DEBUG util.py:537:  elfutils-0.190-2.el8.alma.1.x86_64 1756126628 2932142 installed
DEBUG util.py:537:  dbus-daemon-1:1.12.8-28.el8_10.x86_64 1777980278 559341 installed
DEBUG util.py:537:  patch-2.7.6-11.el8.x86_64 1591024468 277241 installed
DEBUG util.py:537:  systemd-239-82.el8_10.19.x86_64 1788492791 11371964 installed
DEBUG util.py:537:  libpsl-0.20.2-6.el8.x86_64 1597740996 70716 installed
DEBUG util.py:537:  epel-rpm-macros-systemd-8-43.noarch 1746898529 3103 installed
DEBUG util.py:537:  libksba-1.3.5-9.el8_7.x86_64 1675786363 334047 installed
DEBUG util.py:537:  modsecurity-3.0.16-1.el8.x86_64 1782914441 2810585 installed
DEBUG util.py:537:  libstdc++-devel-8.5.0-28.el8_10.alma.1.x86_64 1756209600 11815138 installed
DEBUG util.py:537:  tar-2:1.30-11.el8_10.x86_64 1756198900 2876623 installed
DEBUG util.py:537:  gnutls-3.6.16-8.el8_10.6.x86_64 1779780336 3016295 installed
DEBUG util.py:537:  libxml2-2.9.7-21.el8_10.7.x86_64 1788150579 1757258 installed
DEBUG util.py:537:  coreutils-common-8.30-20.el8_10.x86_64 1785268214 9896370 installed
DEBUG util.py:537:  libgomp-8.5.0-28.el8_10.alma.1.x86_64 1756209600 331991 installed
DEBUG util.py:537:  cpio-2.12-11.el8.x86_64 1650302345 967857 installed
DEBUG util.py:537:  libpkgconf-1.4.2-1.el8.x86_64 1570949856 68093 installed
DEBUG util.py:537:  pkgconf-pkg-config-1.4.2-1.el8.x86_64 1570949856 3094 installed
DEBUG util.py:537:  gawk-4.2.1-4.el8.x86_64 1650297393 2700342 installed
DEBUG util.py:537:  libtool-ltdl-2.4.6-25.el8.x86_64 1570806649 71434 installed
DEBUG util.py:537:  ncurses-6.1-10.20180224.el8.x86_64 1697309698 589460 installed
DEBUG util.py:537:  coreutils-8.30-20.el8_10.x86_64 1785268214 6108152 installed
DEBUG util.py:537:  libdb-5.3.28-42.el8_4.x86_64 1632242311 1903352 installed
DEBUG util.py:537:  libtirpc-1.1.4-12.el8_10.x86_64 1719951959 228758 installed
DEBUG util.py:537:  libmount-2.32.1-48.el8_10.x86_64 1770236304 398282 installed
DEBUG util.py:537:  libnsl2-1.2.0-2.20180605git4a062cf.el8.x86_64 1571070958 147122 installed
DEBUG util.py:537:  platform-python-3.6.8-78.el8_10.alma.1.x86_64 1787067575 41222 installed
DEBUG util.py:537:  binutils-2.30-128.el8_10.x86_64 1766067698 24836755 installed
DEBUG util.py:537:  cracklib-2.9.6-15.el8.x86_64 1570841236 239047 installed
DEBUG util.py:537:  shadow-utils-2:4.6-23.el8_10.x86_64 1766065866 4072286 installed
DEBUG util.py:537:  tpm2-tss-2.3.2-6.el8.x86_64 1712406564 1209206 installed
DEBUG util.py:537:  libpwquality-1.4.4-6.el8.x86_64 1680373457 396846 installed
DEBUG util.py:537:  libusbx-1.0.30-1.el8_10.x86_64 1783522922 181119 installed
DEBUG util.py:537:  libbabeltrace-1.5.4-4.el8.x86_64 1665410259 546491 installed
DEBUG util.py:537:  cyrus-sasl-lib-2.1.27-6.el8_5.x86_64 1645647246 726138 installed
DEBUG util.py:537:  libdb-utils-5.3.28-42.el8_4.x86_64 1632242311 369615 installed
DEBUG util.py:537:  npth-1.5-4.el8.x86_64 1571000973 47909 installed
DEBUG util.py:537:  libatomic_ops-7.6.2-3.el8.x86_64 1570924675 76822 installed
DEBUG util.py:537:  guile-5:2.0.14-7.el8.x86_64 1570929621 12159798 installed
DEBUG util.py:537:  libssh-config-0.9.6-17.el8_10.noarch 1788335379 277 installed
DEBUG util.py:537:  libcurl-7.61.1-34.el8_10.13.x86_64 1787236433 601864 installed
DEBUG util.py:537:  rpm-libs-4.14.3-32.el8_10.x86_64 1734408670 743680 installed
DEBUG util.py:537:  efi-srpm-macros-3-3.el8.noarch 1617878303 39226 installed
DEBUG util.py:537:  rpm-build-libs-4.14.3-32.el8_10.x86_64 1734408670 216152 installed
DEBUG util.py:537:  kernel-headers-4.18.0-553.164.1.el8_10.x86_64 1789634696 5653931 installed
DEBUG util.py:537:  glibc-devel-2.28-251.el8_10.40.x86_64 1784646418 240562 installed
DEBUG util.py:537:  gcc-8.5.0-28.el8_10.alma.1.x86_64 1756209600 61717609 installed
DEBUG util.py:537:  gcc-plugin-annobin-8.5.0-28.el8_10.alma.1.x86_64 1756209600 49392 installed
DEBUG util.py:537:  rpm-build-4.14.3-32.el8_10.x86_64 1734408670 299106 installed
DEBUG util.py:537:  epel-rpm-macros-8-43.noarch 1746898529 31711 installed
DEBUG util.py:537:  which-2.21-21.el8_10.x86_64 1756198485 83404 installed
DEBUG util.py:537:  dbus-libs-1:1.12.8-28.el8_10.x86_64 1777980278 380760 installed
DEBUG util.py:537:  yajl-2.1.0-12.el8.x86_64 1697289444 82738 installed
DEBUG util.py:537:  python3-pyparsing-2.1.10-7.el8.noarch 1573641407 532674 installed
DEBUG util.py:537:  pcre2-utf32-10.32-3.el8_6.x86_64 1659456464 583438 installed
DEBUG util.py:537:  pcre2-devel-10.32-3.el8_6.x86_64 1659456464 1922619 installed
DEBUG util.py:537:  lmdb-libs-0.9.24-2.el8.x86_64 1680387369 103585 installed
DEBUG util.py:537:  libsepol-devel-2.9-3.el8.x86_64 1633747466 129692 installed
DEBUG util.py:537:  libseccomp-2.5.2-1.el8.x86_64 1650304736 169805 installed
DEBUG util.py:537:  libcom_err-devel-1.45.6-7.el8_10.x86_64 1759821952 17058 installed
DEBUG util.py:537:  keyutils-libs-devel-1.5.10-9.el8.x86_64 1633701057 33454 installed
DEBUG util.py:537:  json-c-0.13.1-3.el8.x86_64 1650292964 69282 installed
DEBUG util.py:537:  perl-Digest-1.17-395.el8.noarch 1570955296 26684 installed
DEBUG util.py:537:  perl-Data-Dumper-2.167-399.el8.x86_64 1570953565 106522 installed
DEBUG util.py:537:  perl-URI-1.73-3.el8.noarch 1573658335 216452 installed
DEBUG util.py:537:  perl-IO-Socket-IP-0.39-5.el8.noarch 1570961507 99525 installed
DEBUG util.py:537:  perl-Mozilla-CA-20160104-7.module_el8.5.0+2812+ed912d05.noarch 1650649450 5714 installed
DEBUG util.py:537:  perl-Net-SSLeay-1.88-2.module_el8.6.0+2811+fe6c84b0.x86_64 1650648167 1329463 installed
DEBUG util.py:537:  perl-Term-Cap-1.17-395.el8.noarch 1570969761 29850 installed
DEBUG util.py:537:  perl-HTTP-Tiny-0.074-3.el8.noarch 1712407881 149711 installed
DEBUG util.py:537:  perl-podlators-4.11-1.el8.noarch 1570975956 287639 installed
DEBUG util.py:537:  perl-Text-ParseWords-3.30-395.el8.noarch 1570971722 13101 installed
DEBUG util.py:537:  perl-MIME-Base64-3.15-396.el8.x86_64 1570964945 41435 installed
DEBUG util.py:537:  perl-Getopt-Long-1:2.50-4.el8.noarch 1570959003 139724 installed
DEBUG util.py:537:  perl-Socket-4:2.027-3.el8.x86_64 1574149783 124014 installed
DEBUG util.py:537:  perl-Carp-1.42-396.el8.noarch 1570950374 41850 installed
DEBUG util.py:537:  perl-libs-4:5.26.3-423.el8_10.1.x86_64 1789371166 6103005 installed
DEBUG util.py:537:  perl-parent-1:0.237-1.el8.noarch 1570975781 9187 installed
DEBUG util.py:537:  perl-Text-Tabs+Wrap-2013.0523-395.el8.noarch 1571071842 24825 installed
DEBUG util.py:537:  perl-File-Path-2.15-2.el8.noarch 1570958008 64920 installed
DEBUG util.py:537:  perl-PathTools-3.74-1.el8.x86_64 1570968071 182821 installed
DEBUG util.py:537:  perl-threads-1:2.21-2.el8.x86_64 1570980992 109155 installed
DEBUG util.py:537:  perl-interpreter-4:5.26.3-423.el8_10.1.x86_64 1789371166 14385490 installed
DEBUG util.py:537:  perl-Time-HiRes-4:1.9758-2.el8.x86_64 1619556196 116456 installed
DEBUG util.py:537:  perl-ExtUtils-Manifest-1.70-395.el8.noarch 1570957034 86252 installed
DEBUG util.py:537:  perl-Test-Harness-1:3.42-1.el8.noarch 1570970570 580658 installed
DEBUG util.py:537:  perl-Module-Metadata-1.000033-395.el8.noarch 1570964883 67700 installed
DEBUG util.py:537:  perl-Filter-2:1.58-2.el8.x86_64 1570958910 150694 installed
DEBUG util.py:537:  perl-Module-Load-1:0.32-395.el8.noarch 1570964751 14310 installed
DEBUG util.py:537:  perl-Text-Balanced-2.03-395.el8.noarch 1570971499 156781 installed
DEBUG util.py:537:  perl-Net-Ping-0:2.55-423.el8_10.1.noarch 1789371278 89607 installed
DEBUG util.py:537:  perl-IO-Compress-2.081-2.el8_10.noarch 1782703888 812406 installed
DEBUG util.py:537:  gpg-pubkey-3abb34f8-5ffd890e 1610451214 0 installed
DEBUG util.py:537:  perl-Math-Complex-0:1.59-423.el8_10.1.noarch 1789371278 88208 installed
DEBUG util.py:537:  gpg-pubkey-2f86d6a1-5cf7cefb 1559744251 0 installed
DEBUG util.py:537:  perl-JSON-PP-1:2.97.001-3.el8.noarch 1571055132 129656 installed
DEBUG util.py:537:  python-srpm-macros-3-45.el8.noarch 1684241739 6093 installed
DEBUG util.py:537:  perl-CPAN-Meta-YAML-0.018-397.el8.noarch 1570951462 51719 installed
DEBUG util.py:537:  python-rpm-macros-3-45.el8.noarch 1684241739 4325 installed
DEBUG util.py:537:  perl-Digest-SHA-1:6.02-1.el8.x86_64 1571054413 115681 installed
DEBUG util.py:537:  python3-pip-wheel-9.0.3-24.el8.noarch 1712410870 897991 installed
DEBUG util.py:537:  perl-devel-4:5.26.3-423.el8_10.1.x86_64 1789371166 3535618 installed
DEBUG util.py:537:  setup-2.12.2-9.el8.noarch 1680380140 724747 installed
DEBUG util.py:537:  perl-ExtUtils-MakeMaker-1:7.34-1.el8.noarch 1570956965 734679 installed
DEBUG util.py:537:  basesystem-11-5.el8.noarch 1570798431 0 installed
DEBUG util.py:537:  perl-Locale-Maketext-1.28-396.el8.noarch 1570963415 174999 installed
DEBUG util.py:537:  fpc-srpm-macros-1.3-1.el8.noarch 1591557879 144 installed
DEBUG util.py:537:  perl-Params-Check-1:0.38-395.el8.noarch 1570966311 28458 installed
DEBUG util.py:537:  rust-srpm-macros-5-2.el8.noarch 1571041961 1131 installed
DEBUG util.py:537:  perl-Params-Util-1.07-22.el8.x86_64 1570967767 75049 installed
DEBUG util.py:537:  perl-srpm-macros-1-25.el8.noarch 1570976318 794 installed
DEBUG util.py:537:  perl-Sub-Install-0.928-14.el8.noarch 1570969125 35807 installed
DEBUG util.py:537:  ocaml-srpm-macros-5-4.el8.noarch 1571041863 737 installed
DEBUG util.py:537:  perl-ExtUtils-Miniperl-0:1.06-423.el8_10.1.noarch 1789371278 9878 installed
DEBUG util.py:537:  ghc-srpm-macros-1.4.2-7.el8.noarch 1571008156 414 installed
DEBUG util.py:537:  perl-inc-latest-2:0.500-9.el8.noarch 1570975158 35852 installed
DEBUG util.py:537:  publicsuffix-list-dafsa-20180723-1.el8.noarch 1573807861 64502 installed
DEBUG util.py:537:  perl-bignum-0.49-2.el8.noarch 1570974758 91430 installed
DEBUG util.py:537:  ncurses-base-6.1-10.20180224.el8.noarch 1697309544 290089 installed
DEBUG util.py:537:  perl-open-0:1.11-423.el8_10.1.noarch 1789371278 11765 installed
DEBUG util.py:537:  libselinux-2.9-11.el8_10.x86_64 1770733600 173176 installed
DEBUG util.py:537:  perl-Devel-SelfStubber-0:1.06-423.el8_10.1.noarch 1789371278 7845 installed
DEBUG util.py:537:  ncurses-libs-6.1-10.20180224.el8.x86_64 1697309698 955832 installed
DEBUG util.py:537:  perl-Module-CoreList-tools-1:5.20181130-1.el8.noarch 1570964428 18981 installed
DEBUG util.py:537:  glibc-common-2.28-251.el8_10.40.x86_64 1784646418 7997172 installed
DEBUG util.py:537:  perl-Algorithm-Diff-1.1903-9.el8.noarch 1570950503 110531 installed
DEBUG util.py:537:  bash-4.4.20-6.el8_10.x86_64 1756198277 6865564 installed
DEBUG util.py:537:  perl-Archive-Tar-2.30-3.el8_10.noarch 1785729249 157365 installed
DEBUG util.py:537:  zlib-1.2.11-25.el8.x86_64 1697061746 199959 installed
DEBUG util.py:537:  perl-B-Debug-1.26-2.el8.noarch 1570950850 42007 installed
DEBUG util.py:537:  bzip2-libs-1.0.6-28.el8_10.x86_64 1738028339 75061 installed
DEBUG util.py:537:  perl-Config-Perl-V-0.30-1.el8.noarch 1571000100 24320 installed
DEBUG util.py:537:  gmp-1:6.1.2-11.el8.x86_64 1716472916 766316 installed
DEBUG util.py:537:  perl-Devel-PPPort-3.36-5.el8.x86_64 1570955173 399393 installed
DEBUG util.py:537:  libstdc++-8.5.0-28.el8_10.alma.1.x86_64 1756209600 1935540 installed
DEBUG util.py:537:  perl-Env-1.04-395.el8.noarch 1570956430 26873 installed
DEBUG util.py:537:  libzstd-1.4.4-1.el8.x86_64 1597790682 698061 installed
DEBUG util.py:537:  perl-IPC-Cmd-2:1.02-1.el8.noarch 1571000197 87152 installed
DEBUG util.py:537:  mpfr-3.1.6-1.el8.x86_64 1570879690 612625 installed
DEBUG util.py:537:  perl-File-Fetch-0.56-2.el8.noarch 1570957512 59879 installed
DEBUG util.py:537:  sqlite-libs-3.26.0-21.el8_10.x86_64 1787576296 1166537 installed
DEBUG util.py:537:  perl-IPC-System-Simple-1.25-17.el8.noarch 1570962348 70458 installed
DEBUG util.py:537:  popt-1.18-1.el8.x86_64 1617942835 126618 installed
DEBUG util.py:537:  perl-Locale-Codes-3.57-1.el8.noarch 1570963309 2388500 installed
DEBUG util.py:537:  libcom_err-1.45.6-7.el8_10.x86_64 1759821952 61393 installed
DEBUG util.py:537:  perl-Module-Loaded-1:0.08-423.el8_10.1.noarch 1789371278 6015 installed
DEBUG util.py:537:  chkconfig-1.19.2-1.el8.x86_64 1697323688 827758 installed
DEBUG util.py:537:  perl-Sub-Exporter-0.987-15.el8.noarch 1570968873 142832 installed
DEBUG util.py:537:  libffi-3.1-24.el8.x86_64 1680332000 53844 installed
DEBUG util.py:537:  perl-Pod-Parser-1.63-396.el8.noarch 1570967576 269549 installed
DEBUG util.py:537:  lua-libs-5.3.4-12.el8.x86_64 1633756479 247888 installed
DEBUG util.py:537:  perl-Test-0:1.30-423.el8_10.1.noarch 1789371278 38806 installed
DEBUG util.py:537:  libidn2-2.2.0-1.el8.x86_64 1573743877 253706 installed
DEBUG util.py:537:  perl-Text-Glob-0.11-4.el8.noarch 1570971665 8826 installed
DEBUG util.py:537:  file-libs-5.33-27.el8_10.x86_64 1759818650 6385855 installed
DEBUG util.py:537:  perl-Time-Piece-0:1.31-423.el8_10.1.x86_64 1789371166 61122 installed
DEBUG util.py:537:  file-5.33-27.el8_10.x86_64 1759818650 93427 installed
DEBUG util.py:537:  perl-local-lib-2.000024-2.el8.noarch 1570975501 120229 installed
DEBUG util.py:537:  unzip-6.0-48.el8_10.x86_64 1748916613 424061 installed
DEBUG util.py:537:  perl-Thread-Queue-3.13-1.el8.noarch 1570972090 29787 installed
DEBUG util.py:537:  elfutils-default-yama-scope-0.190-2.el8.alma.1.noarch 1756126725 1810 installed
DEBUG util.py:537:  perl-File-HomeDir-1.002-4.el8.noarch 1570957759 120984 installed
DEBUG util.py:537:  expat-2.5.0-2.el8_10.2.x86_64 1788843070 373648 installed
DEBUG util.py:537:  perl-MRO-Compat-0.13-4.el8.noarch 1570963860 25912 installed
DEBUG util.py:537:  keyutils-libs-1.5.10-9.el8.x86_64 1633701057 43766 installed
DEBUG util.py:537:  perl-Software-License-0.103013-2.el8.noarch 1570968581 461251 installed
DEBUG util.py:537:  audit-libs-3.1.2-1.el8_10.1.x86_64 1752572522 308530 installed
DEBUG util.py:537:  perl-PerlIO-via-QuotedPrint-0.08-395.el8.noarch 1570967101 6010 installed
DEBUG util.py:537:  p11-kit-trust-0.23.22-2.el8.x86_64 1712412985 483265 installed
DEBUG util.py:537:  perl-CPAN-2.18-402.el8_10.noarch 1748961150 1859390 installed
DEBUG util.py:537:  pcre-8.42-6.el8.x86_64 1633720673 509819 installed
DEBUG util.py:537:  acl-2.4.0-1.el8_10.x86_64 1784718339 223666 installed
DEBUG util.py:537:  xz-5.2.4-4.el8_6.x86_64 1655211822 424234 installed
DEBUG util.py:537:  device-mapper-libs-8:1.02.181-15.el8_10.3.x86_64 1769153477 415671 installed
DEBUG util.py:537:  gdbm-1:1.18-2.el8.x86_64 1665235333 389593 installed
DEBUG util.py:537:  dbus-common-1:1.12.8-28.el8_10.noarch 1777978570 11044 installed
DEBUG util.py:537:  zip-3.0-23.el8.x86_64 1570799464 842877 installed
DEBUG util.py:537:  systemd-pam-239-82.el8_10.19.x86_64 1788492791 944536 installed
DEBUG util.py:537:  cpp-8.5.0-28.el8_10.alma.1.x86_64 1756209600 29645334 installed
DEBUG util.py:537:  dbus-1:1.12.8-28.el8_10.x86_64 1777980278 0 installed
DEBUG util.py:537:  libassuan-2.5.1-3.el8.x86_64 1570877556 202763 installed
DEBUG util.py:537:  openssl-devel-1:1.1.1k-17.el8_6.x86_64 1783952062 3550705 installed
DEBUG util.py:537:  dwz-0.12-10.el8.x86_64 1633749969 230263 installed
DEBUG util.py:537:  libzstd-devel-1.4.4-1.el8.x86_64 1597790682 152846 installed
DEBUG util.py:537:  zstd-1.4.4-1.el8.x86_64 1597790682 1538890 installed
DEBUG util.py:537:  nettle-3.4.1-7.el8.x86_64 1633731140 572241 installed
DEBUG util.py:537:  isl-0.16.1-6.el8.x86_64 1571012373 3270833 installed
DEBUG util.py:537:  bzip2-1.0.6-28.el8_10.x86_64 1738028339 92004 installed
DEBUG util.py:537:  diffutils-3.6-6.el8.x86_64 1588605339 1655492 installed
DEBUG util.py:537:  brotli-1.0.6-4.el8_10.x86_64 1770734804 1522164 installed
DEBUG util.py:537:  libnghttp2-1.33.0-6.el8_10.3.x86_64 1786993454 168244 installed
DEBUG util.py:537:  pkgconf-1.4.2-1.el8.x86_64 1570949856 63271 installed
DEBUG util.py:537:  libsigsegv-2.11-5.el8.x86_64 1570817728 47034 installed
DEBUG util.py:537:  libsmartcols-2.32.1-48.el8_10.x86_64 1770236304 248450 installed
DEBUG util.py:537:  libverto-0.3.2-2.el8.x86_64 1665215383 26797 installed
DEBUG util.py:537:  openssl-libs-1:1.1.1k-17.el8_6.x86_64 1783952062 3778586 installed
DEBUG util.py:537:  ca-certificates-2025.2.80_v9.0.304-80.2.el8_10.noarch 1761835024 2542496 installed
DEBUG util.py:537:  krb5-libs-1.18.2-34.el8_10.x86_64 1778654070 2242746 installed
DEBUG util.py:537:  libblkid-2.32.1-48.el8_10.x86_64 1770236304 343960 installed
DEBUG util.py:537:  systemd-libs-239-82.el8_10.19.x86_64 1788492791 4698670 installed
DEBUG util.py:537:  platform-python-setuptools-39.2.0-9.el8_10.noarch 1752570848 2916767 installed
DEBUG util.py:537:  python3-libs-3.6.8-78.el8_10.alma.1.x86_64 1787067575 32475673 installed
DEBUG util.py:537:  gzip-1.9-15.el8_10.x86_64 1788965583 352342 installed
DEBUG util.py:537:  cracklib-dicts-2.9.6-15.el8.x86_64 1570841236 9815016 installed
DEBUG util.py:537:  libutempter-1.1.6-14.el8.x86_64 1570840217 52637 installed
DEBUG util.py:537:  ima-evm-utils-1.3.2-12.el8.x86_64 1617896657 137650 installed
DEBUG util.py:537:  pam-1.3.1-40.el8_10.x86_64 1787058772 2654567 installed
DEBUG util.py:537:  glib2-2.56.4-178.el8_10.x86_64 1789061275 12280664 installed
DEBUG util.py:537:  libfdisk-2.32.1-48.el8_10.x86_64 1770236304 438882 installed
DEBUG util.py:537:  openldap-2.4.46-21.el8_10.x86_64 1741686291 1006691 installed
DEBUG util.py:537:  libarchive-3.3.3-7.el8_10.x86_64 1776367872 838287 installed
DEBUG util.py:537:  gnupg2-2.2.20-4.el8_10.x86_64 1768528180 9919099 installed
DEBUG util.py:537:  gc-7.6.4-3.el8.x86_64 1570929026 229024 installed
DEBUG util.py:537:  libipt-1.6.1-8.el8.x86_64 1576743441 166831 installed
DEBUG util.py:537:  libssh-0.9.6-17.el8_10.x86_64 1788289886 526103 installed
DEBUG util.py:537:  curl-7.61.1-34.el8_10.13.x86_64 1787236433 701120 installed
DEBUG util.py:537:  rpm-4.14.3-32.el8_10.x86_64 1734408670 2087838 installed
DEBUG util.py:537:  lua-srpm-macros-1-13.el8.noarch 1707738739 1367 installed
DEBUG util.py:537:  gdb-headless-8.2-20.el8.x86_64 1697051416 11909961 installed
DEBUG util.py:537:  glibc-headers-2.28-251.el8_10.40.x86_64 1784646418 2031720 installed
DEBUG util.py:537:  libxcrypt-devel-4.1.1-6.el8.x86_64 1633752252 24771 installed
DEBUG util.py:537:  annobin-13.27-1.el8_10.x86_64 1788861547 828010 installed
DEBUG util.py:537:  redhat-rpm-config-131-1.el8.alma.noarch 1680773284 157410 installed
DEBUG util.py:537:  gcc-c++-8.5.0-28.el8_10.alma.1.x86_64 1756209600 32191691 installed
DEBUG util.py:537:  util-linux-2.32.1-48.el8_10.x86_64 1770236304 11576507 installed
DEBUG util.py:537:  make-1:4.2.1-11.el8.x86_64 1650299955 1436328 installed
DEBUG util.py:537:  dbus-tools-1:1.12.8-28.el8_10.x86_64 1777980278 124962 installed
DEBUG util.py:537:  zlib-devel-1.2.11-25.el8.x86_64 1697061746 141078 installed
DEBUG util.py:537:  systemtap-sdt-devel-4.9-3.el8.x86_64 1697288848 203028 installed
DEBUG util.py:537:  pcre2-utf16-10.32-3.el8_6.x86_64 1659456464 599854 installed
DEBUG util.py:537:  openssl-1:1.1.1k-17.el8_6.x86_64 1783952062 1185640 installed
DEBUG util.py:537:  libverto-devel-0.3.2-2.el8.x86_64 1665215383 26296 installed
DEBUG util.py:537:  libselinux-devel-2.9-11.el8_10.x86_64 1770733600 192407 installed
DEBUG util.py:537:  libkadm5-1.18.2-34.el8_10.x86_64 1778654070 224368 installed
DEBUG util.py:537:  kmod-libs-25-20.el8.x86_64 1712567934 126632 installed
DEBUG util.py:537:  krb5-devel-1.18.2-34.el8_10.x86_64 1778654070 1128231 installed
DEBUG util.py:537:  groff-base-1.22.3-18.el8.x86_64 1570976990 4274302 installed
DEBUG util.py:537:  perl-Digest-MD5-2.55-396.el8.x86_64 1570955939 56718 installed
DEBUG util.py:537:  perl-libnet-3.11-3.el8.noarch 1570999891 277134 installed
DEBUG util.py:537:  perl-Pod-Escapes-1:1.07-395.el8.noarch 1570967377 25763 installed
DEBUG util.py:537:  perl-Time-Local-1:1.280-1.el8.noarch 1570972329 59906 installed
DEBUG util.py:537:  perl-IO-Socket-SSL-2.066-4.module_el8.6.0+2811+fe6c84b0.noarch 1650651986 618704 installed
DEBUG util.py:537:  perl-Term-ANSIColor-4.06-396.el8.noarch 1570969691 89627 installed
DEBUG util.py:537:  perl-File-Temp-0.230.600-1.el8.noarch 1570958419 164723 installed
DEBUG util.py:537:  perl-Pod-Simple-1:3.35-395.el8.noarch 1570967776 543719 installed
DEBUG util.py:537:  perl-Pod-Perldoc-3.28-396.el8.noarch 1570967638 169228 installed
DEBUG util.py:537:  perl-Pod-Usage-4:1.69-395.el8.noarch 1570967839 49720 installed
DEBUG util.py:537:  perl-Storable-1:3.11-3.el8.x86_64 1570969971 221861 installed
DEBUG util.py:537:  perl-Errno-0:1.28-423.el8_10.1.x86_64 1789371166 9508 installed
DEBUG util.py:537:  perl-Encode-4:2.97-3.el8.x86_64 1570956379 10200695 installed
DEBUG util.py:537:  perl-Exporter-5.72-396.el8.noarch 1570956723 55718 installed
DEBUG util.py:537:  perl-Scalar-List-Utils-3:1.49-2.el8.x86_64 1570969561 124632 installed
DEBUG util.py:537:  perl-macros-4:5.26.3-423.el8_10.1.x86_64 1789371166 5184 installed
DEBUG util.py:537:  perl-Unicode-Normalize-1.25-396.el8.x86_64 1570974527 637517 installed
DEBUG util.py:537:  perl-IO-0:1.38-423.el8_10.1.x86_64 1789371166 139215 installed
DEBUG util.py:537:  perl-constant-1.33-396.el8.noarch 1570974903 27103 installed
DEBUG util.py:537:  perl-threads-shared-1.58-2.el8.x86_64 1570981103 78170 installed
DEBUG util.py:537:  perl-version-6:0.99.24-1.el8.x86_64 1570981195 127971 installed
DEBUG util.py:537:  perl-CPAN-Meta-Requirements-2.140-396.el8.noarch 1570951390 70659 installed
DEBUG util.py:537:  perl-ExtUtils-ParseXS-1:3.35-2.el8.noarch 1570957118 185701 installed
DEBUG util.py:537:  perl-Module-CoreList-1:5.20181130-1.el8.noarch 1570964428 867850 installed
DEBUG util.py:537:  perl-Compress-Raw-Zlib-2.081-1.el8.x86_64 1570952859 146917 installed
DEBUG util.py:537:  perl-SelfLoader-0:1.23-423.el8_10.1.noarch 1789371278 23915 installed
DEBUG util.py:537:  perl-Perl-OSType-1.010-396.el8.noarch 1570966968 33833 installed
DEBUG util.py:537:  perl-encoding-4:2.22-3.el8.x86_64 1570956379 144893 installed
DEBUG util.py:537:  perl-Compress-Raw-Bzip2-2.081-1.el8.x86_64 1570952767 58623 installed
DEBUG util.py:688:  Child return code was: 0
DEBUG util.py:200:  kill orphans in chroot /var/lib/mock/alma+epel-8-x86_64/root
DEBUG util.py:200:  kill orphans in chroot /var/lib/mock/alma+epel-8-x86_64-bootstrap/root/var/lib/mock/alma+epel-8-x86_64/root
DEBUG util.py:717:  child environment: None
DEBUG util.py:636:  Executing command: ['/bin/umount', '-n', '-l', '/var/lib/mock/alma+epel-8-x86_64-bootstrap/root/var/lib/mock/alma+epel-8-x86_64/root'] with env {'TERM': 'vt100', 'SHELL': '/bin/sh', 'HOME': '/builddir', 'HOSTNAME': 'mock', 'PATH': '/usr/bin:/bin:/usr/sbin:/sbin', 'LANG': 'C.UTF-8'} and shell False
DEBUG util.py:688:  Child return code was: 0
DEBUG util.py:717:  child environment: None
DEBUG util.py:636:  Executing command: ['/bin/umount', '-n', '-l', '/var/lib/mock/alma+epel-8-x86_64-bootstrap/root/var/lib/mock/alma+epel-8-x86_64/root'] with env {'TERM': 'vt100', 'SHELL': '/bin/sh', 'HOME': '/builddir', 'HOSTNAME': 'mock', 'PATH': '/usr/bin:/bin:/usr/sbin:/sbin', 'LANG': 'C.UTF-8'} and shell False
DEBUG util.py:688:  Child return code was: 0
DEBUG util.py:717:  child environment: None
DEBUG backend.py:763:  Copying packages to result dir
DEBUG util.py:200:  kill orphans in chroot /var/lib/mock/alma+epel-8-x86_64/root
DEBUG util.py:717:  child environment: None
DEBUG util.py:636:  Executing command: ['/bin/umount', '-n', '/var/lib/mock/alma+epel-8-x86_64/root/root/mock-localrepo'] with env {'TERM': 'vt100', 'SHELL': '/bin/sh', 'HOME': '/builddir', 'HOSTNAME': 'mock', 'PATH': '/usr/bin:/bin:/usr/sbin:/sbin', 'LANG': 'C.UTF-8'} and shell False
DEBUG util.py:688:  Child return code was: 0
DEBUG util.py:717:  child environment: None
DEBUG util.py:636:  Executing command: ['/bin/umount', '-n', '/var/lib/mock/alma+epel-8-x86_64/root/var/cache/dnf'] with env {'TERM': 'vt100', 'SHELL': '/bin/sh', 'HOME': '/builddir', 'HOSTNAME': 'mock', 'PATH': '/usr/bin:/bin:/usr/sbin:/sbin', 'LANG': 'C.UTF-8'} and shell False
DEBUG util.py:688:  Child return code was: 0
DEBUG util.py:717:  child environment: None
DEBUG util.py:636:  Executing command: ['/bin/umount', '-n', '/var/lib/mock/alma+epel-8-x86_64/root/var/cache/yum'] with env {'TERM': 'vt100', 'SHELL': '/bin/sh', 'HOME': '/builddir', 'HOSTNAME': 'mock', 'PATH': '/usr/bin:/bin:/usr/sbin:/sbin', 'LANG': 'C.UTF-8'} and shell False
DEBUG util.py:688:  Child return code was: 0
DEBUG util.py:200:  kill orphans in chroot /var/lib/mock/alma+epel-8-x86_64-bootstrap/root
DEBUG util.py:717:  child environment: None
DEBUG util.py:636:  Executing command: ['/bin/umount', '-n', '/var/lib/mock/alma+epel-8-x86_64-bootstrap/root/root/mock-localrepo'] with env {'TERM': 'vt100', 'SHELL': '/bin/sh', 'HOME': '/builddir', 'HOSTNAME': 'mock', 'PATH': '/usr/bin:/bin:/usr/sbin:/sbin', 'LANG': 'C.UTF-8'} and shell False
DEBUG util.py:688:  Child return code was: 0
DEBUG util.py:717:  child environment: None
DEBUG util.py:636:  Executing command: ['/bin/umount', '-n', '/var/lib/mock/alma+epel-8-x86_64-bootstrap/root/var/cache/dnf'] with env {'TERM': 'vt100', 'SHELL': '/bin/sh', 'HOME': '/builddir', 'HOSTNAME': 'mock', 'PATH': '/usr/bin:/bin:/usr/sbin:/sbin', 'LANG': 'C.UTF-8'} and shell False
DEBUG util.py:688:  Child return code was: 0
DEBUG util.py:717:  child environment: None
DEBUG util.py:636:  Executing command: ['/bin/umount', '-n', '/var/lib/mock/alma+epel-8-x86_64-bootstrap/root/var/cache/yum'] with env {'TERM': 'vt100', 'SHELL': '/bin/sh', 'HOME': '/builddir', 'HOSTNAME': 'mock', 'PATH': '/usr/bin:/bin:/usr/sbin:/sbin', 'LANG': 'C.UTF-8'} and shell False
DEBUG util.py:688:  Child return code was: 0
